HIP,designation_DR3,designation_DR2,designation_DR1,Plx,e_Plx,simbad_parallax,simbad_parallax_error,simbad_distance_parallax
HIP 82725,Gaia DR3 5818211845935267200,Gaia DR2 5818211845935267200,\N,203.01,29.27,0.4145,0.0163000003,2412.5452
HIP 69578,Gaia DR3 5854499504913617408,Gaia DR2 5854499504913617408,Gaia DR1 5854499504913617408,64.68,46.97,0.4453,0.1307999939,2245.6771
HIP 30365,Gaia DR3 3325820883581121664,Gaia DR2 3325820883581121664,\N,48.08,13.63,0.4925,0.0196000002,2030.4569
HIP 62387,Gaia DR3 6079724222660224896,Gaia DR2 6079724222660224896,\N,39.48,64.77,0.5448,0.0140000004,1835.536
HIP 88118,Gaia DR3 5918445387497537664,Gaia DR2 5918445387497537664,\N,45.99,18.45,0.6244,0.0115999999,1601.5375
HIP 55031,Gaia DR3 5374043508045223168,Gaia DR2 5374043508045223168,\N,43.57,35.81,0.7393,0.0159000009,1352.6309
HIP 100111,Gaia DR3 1816366928194936704,Gaia DR2 1816366928194936704,Gaia DR1 1816366923886140800,39.57,32.67,0.7616,0.0166999996,1313.0252
HIP 84084,Gaia DR3 5973163373927322880,Gaia DR2 5973163373927322880,Gaia DR1 5973163369630370432,54.25,56.24,1.0975,0.0231999997,911.1617
HIP 30362,Gaia DR3 3325821635196312960,Gaia DR2 3325821635196312960,\N,48.08,13.63,1.133,0.0286999997,882.6125
HIP 76362,Gaia DR3 5778418870846853376,Gaia DR2 5778418870846853376,\N,99.9,61.26,1.2442,0.0110999998,803.7293
HIP 1692,Gaia DR3 2430036837596487424,Gaia DR2 2430036837596487424,Gaia DR1 2430036833300655104,43.42,33.05,1.2679,0.0273000002,788.7057
HIP 67593,Gaia DR3 1251932290465669120,Gaia DR2 1251932290465669120,\N,76.2,107.46,1.4074,0.0215000007,710.5301
HIP 84581,Gaia DR3 4359763650828288640,Gaia DR2 4359763650828288640,\N,100.89,43.18,1.4302,0.0175000001,699.2029
HIP 50798,Gaia DR3 5365258891181474560,Gaia DR2 5365258891178179200,\N,98.17,79.48,1.4333,0.0366999991,697.6906
HIP 98681,Gaia DR3 6667319389917674112,Gaia DR2 6667319389917674112,\N,84.75,11.17,1.6057,0.0148999998,622.7813
HIP 116869,Gaia DR3 2771239622391120640,Gaia DR2 2771239622391120640,Gaia DR1 2771239618094431488,44.81,60.22,1.8756,0.0208999999,533.1627
HIP 85605,Gaia DR3 4569804490949771520,Gaia DR2 4569804490949771520,\N,202.69,39.48,1.886,0.0110999998,530.2227
HIP 15689,Gaia DR3 5161453209685041792,Gaia DR2 5161453209685041792,\N,227.45,61.79,1.9862,0.0315000005,503.474
HIP 54298,Gaia DR3 5347762019050519424,Gaia DR2 5347762019050519424,\N,155.28,78.3,2.2927,0.0116999997,436.167
HIP 35389,Gaia DR3 3362063329448263040,Gaia DR2 3362063329448263040,Gaia DR1 3362063325151103232,52.47,28.98,2.9965,0.0227000006,333.7227
HIP 30756,Gaia DR3 3375636800495628160,Gaia DR2 3375636800495628160,\N,55.52,33.89,3.0153,0.0267999992,331.642
HIP 107427,Gaia DR3 6817916095958904064,Gaia DR2 6817916095958904064,\N,47.82,32.04,3.4174,0.0183000006,292.6201
HIP 20968,Gaia DR3 4891034681385885824,Gaia DR2 4891034681385885824,\N,120.7,56.47,3.7805,0.0149999997,264.5153
HIP 10529,Gaia DR3 520377795206111872,Gaia DR2 520377795206111872,\N,42.46,2.51,4.1901,0.0127999997,238.6578
HIP 1663,Gaia DR3 2542118853908942208,Gaia DR2 2542118853908942208,Gaia DR1 2542118849612972800,46.72,20.16,4.2265,0.0197000001,236.6024
HIP 14559,Gaia DR3 5059643037160190336,Gaia DR2 5059643037156710016,\N,114.73,33.98,4.3339,0.0166999996,230.7391
HIP 21000,Gaia DR3 3285409673726608768,Gaia DR2 3285409673726608768,Gaia DR1 3285409669430237952,84.76,4.74,4.9263,0.0155999996,202.9921
HIP 109670,Gaia DR3 6566341101015290240,Gaia DR2 6566341101015290240,Gaia DR1 6566341096719256832,44.2,16.43,5.0764,0.0172000006,196.99
HIP 62951,Gaia DR3 3510383187426543488,Gaia DR2 3510383187426543488,\N,48.07,26.65,5.3151,0.0271000005,188.1432
HIP 95326,Gaia DR3 6738634573087514880,Gaia DR2 6738634573087514880,\N,77.71,57.93,5.6602,0.0533999987,176.6722
HIP 27111,Gaia DR3 3336204190352220672,Gaia DR2 3336204190352220672,\N,44.67,14.98,5.8752,0.0296,170.207
HIP 117042,Gaia DR3 2822750058525180288,Gaia DR2 2822750058525180288,\N,53.88,32.4,6.0914,0.0309999995,164.1659
HIP 42525,Gaia DR3 913394034663259008,Gaia DR2 913394034663259008,Gaia DR1 913394030367411328,44.31,27.44,6.1308,0.0188999996,163.1109
HIP 109119,Gaia DR3 2727006785000788864,Gaia DR2 2727006785000788864,\N,93.81,66.11,6.8076,0.0164000001,146.8946
HIP 93449,Gaia DR3 6731199293213061632,Gaia DR2 6731199293213061632,\N,121.75,68.24,7.9872,0.4873999953,125.2003
HIP 117081,Gaia DR3 2331411774161459328,Gaia DR2 2331411774161459328,Gaia DR1 2331411774161459328,58.45,47.16,8.7073,0.0214000009,114.8462
HIP 76051,Gaia DR3 1165507206189500800,Gaia DR2 1165507206189500800,Gaia DR1 1165507201893810816,44.59,20.41,9.7341,0.0527000017,102.7316
HIP 63383,Gaia DR3 3706179613896140416,Gaia DR2 3706179613896140416,Gaia DR1 3706179609599936384,45.19,44.19,11.4997,0.0172000006,86.9588
HIP 24502,Gaia DR3 180702438220219904,Gaia DR2 180702438220219904,Gaia DR1 180702433923874176,39.77,22.4,12.2565,0.0326000005,81.5894
HIP 47645,Gaia DR3 5663679231848426496,Gaia DR2 5663679231848426496,Gaia DR1 5663679227554026496,39.19,53.37,12.9289,0.0127999997,77.3461
HIP 80468,Gaia DR3 1382298978990005632,Gaia DR2 1382298978990005632,Gaia DR1 1382298905975266560,39.35,18.4,13.3709,0.0110999998,74.7893
HIP 60553,Gaia DR3 5838036590332780928,Gaia DR2 5838036590332780928,Gaia DR1 5838036586029347072,41.37,17.45,14.1196,0.0109999999,70.8235
HIP 82724,Gaia DR3 5818211949014482816,Gaia DR2 5818211949014482816,\N,109.57,20.12,15.9252,0.0189999994,62.7936
HIP 114242,Gaia DR3 2383287974004967552,Gaia DR2 2383287974004967552,Gaia DR1 2383287969710164224,50.3,10.82,23.6055,0.0148,42.363
HIP 67795,Gaia DR3 6115335999832663808,Gaia DR2 6115335999832663808,Gaia DR1 6115335995538372992,43.23,5.22,23.7478,0.0187999997,42.1092
HIP 111932,Gaia DR3 2715770081106897408,Gaia DR2 2715770081106897408,Gaia DR1 2715770081106897408,41.53,20.0,24.212,0.0154999997,41.3018
HIP 91154,Gaia DR3 6631456997113317248,Gaia DR2 6631456997113317248,Gaia DR1 6631456992815550592,46.38,1.41,24.6534,0.3989000022,40.5624
HIP 30422,Gaia DR3 3131481481815806976,Gaia DR2 3131481481815806976,Gaia DR1 3131481477515089792,41.09,10.14,25.0633,0.0219000001,39.899
HIP 79979,Gaia DR3 6037514800213601024,Gaia DR2 6037514800213601024,Gaia DR1 6037514795908726016,56.82,23.38,25.5345,0.2319999933,39.1627
HIP 55605,Gaia DR3 3817534337625985280,Gaia DR2 3817534337625985280,\N,62.03,26.14,27.0251,0.4691999853,37.0026
HIP 76603,Gaia DR3 6317407201723597440,Gaia DR2 6317407201723597440,Gaia DR1 6317407197424923392,40.19,3.62,28.2972,0.3323999941,35.3392
HIP 19832,Gaia DR3 3203456956075394944,Gaia DR2 3203456956075394944,\N,48.95,4.49,28.5012,0.2360000014,35.0862
HIP 74815,Gaia DR3 6213898936567006464,Gaia DR2 6213898936567006464,\N,41.21,3.88,28.5542,0.0489000008,35.0211
HIP 66125,Gaia DR3 5789459818720936320,Gaia DR2 5789459818720936320,\N,52.09,39.91,28.9452,0.0113000004,34.548
HIP 92756,Gaia DR3 6650359354343258880,Gaia DR2 6650359354343258880,\N,40.13,10.43,29.6173,0.0155999996,33.7641
HIP 63121,Gaia DR3 1517698613271954304,Gaia DR2 1517698613271363840,\N,39.95,23.72,30.6121,0.0666000023,32.6668
HIP 67655,Gaia DR3 5871764831114179968,Gaia DR2 5871764831114179968,Gaia DR1 5871764826769112192,40.02,1.0,30.6438,0.2246000022,32.633
HIP 86346,Gaia DR3 1436001566431649792,Gaia DR2 1436001566431649792,\N,40.75,12.06,31.4419,0.908100009,31.8047
HIP 76602,Gaia DR3 6317407201723597952,Gaia DR2 6317407201723597952,\N,44.21,4.72,32.6269,0.0264999997,30.6496
HIP 114379,Gaia DR3 1942532726377141120,Gaia DR2 1942532726377141120,Gaia DR1 1942532722079086208,39.56,7.67,32.8547,0.0188999996,30.437
HIP 107143,Gaia DR3 6578350001374194816,Gaia DR2 6578350001374194816,\N,42.4,3.35,33.3957,0.6593000293,29.944
HIP 4328,Gaia DR3 4922358908667577728,Gaia DR2 4922358908667577728,\N,39.56,3.38,33.4928,0.0187999997,29.8572
HIP 87773,Gaia DR3 4604269610637580928,Gaia DR2 4604269610637580928,Gaia DR1 4604269606339772160,39.56,2.14,33.6484,0.0098999999,29.7191
HIP 112388,Gaia DR3 2656072582608536320,Gaia DR2 2656072582608536320,\N,42.55,4.25,33.651,0.0230999999,29.7168
HIP 77268,Gaia DR3 5986321332691510656,Gaia DR2 5986321332691510656,Gaia DR1 5986321328357668224,39.78,2.62,33.7646,0.0173000004,29.6168
HIP 60970,Gaia DR3 1519311253230298880,Gaia DR2 1519311253230298880,\N,43.42,3.62,33.8899,0.0960000008,29.5073
HIP 1349,Gaia DR3 4924503334299333888,Gaia DR2 4924503334299333888,\N,43.45,1.19,34.0152,0.5274000168,29.3986
HIP 114716,Gaia DR3 6492999277396746752,Gaia DR2 6492999277396746752,\N,39.09,2.81,34.2904,0.0200999994,29.1627
HIP 58688,Gaia DR3 3460498276156113664,Gaia DR2 3460498276156113664,Gaia DR1 3460498271860621184,42.0,2.81,34.6217,0.1691000015,28.8836
HIP 59780,\N,Gaia DR2 3472485972258777088,\N,49.62,3.08,34.6372,0.7617999911,28.8707
HIP 100356,Gaia DR3 6475337306723609600,Gaia DR2 6475337306723609600,\N,43.57,2.85,34.8886,0.9732999802,28.6627
HIP 14589,Gaia DR3 5074705521824867200,Gaia DR2 5074705521824867200,Gaia DR1 5074705517528702720,45.83,11.06,34.9478,0.0160000008,28.6141
HIP 75686,Gaia DR3 4421274729329022336,Gaia DR2 4421274729329022336,Gaia DR1 4421274725032942720,39.03,1.7,35.3547,0.0192000009,28.2848
HIP 22498,Gaia DR3 478737331356716800,Gaia DR2 478737331356716800,Gaia DR1 478737327059586048,42.59,17.78,35.6135,0.0156999994,28.0792
HIP 21492,Gaia DR3 471205058231083648,Gaia DR2 471205058231083648,Gaia DR1 471205053932250368,39.88,5.06,35.6822,0.0236000009,28.0252
HIP 83147,Gaia DR3 4112138303515401216,Gaia DR2 4112138303515401216,Gaia DR1 4112138303515401216,39.86,11.61,35.9826,0.065200001,27.7912
HIP 39903,Gaia DR3 5289757523635492096,Gaia DR2 5289757523635492096,\N,46.75,3.38,36.2472,0.9954000115,27.5883
HIP 34950,Gaia DR3 870758684590736896,Gaia DR2 870758684590736896,Gaia DR1 870758680293810176,39.72,1.29,36.3141,0.0251000002,27.5375
HIP 19333,Gaia DR3 4681579571719845632,Gaia DR2 4681579571719845632,Gaia DR1 4681579567424185728,39.03,0.93,36.6428,0.0097000003,27.2905
HIP 40170,Gaia DR3 935525039066950528,Gaia DR2 935525039066950528,Gaia DR1 935525034771040896,40.94,1.87,36.6511,0.0153999999,27.2843
HIP 90979,Gaia DR3 4154598526336121600,Gaia DR2 4154598526336121600,Gaia DR1 4154598521997533312,39.34,1.76,36.7534,0.0156999994,27.2084
HIP 73631,Gaia DR3 5906724284318405760,Gaia DR2 5906724284318405760,Gaia DR1 5906724314370201856,40.22,1.54,36.7855,0.0166999996,27.1846
HIP 29548,Gaia DR3 1007904858732031104,Gaia DR2 1007904858732031104,Gaia DR1 1007904854435176320,40.38,1.41,36.8064,0.0161000006,27.1692
HIP 16209,Gaia DR3 222749343414443648,Gaia DR2 234758965325900416,Gaia DR1 234758961030907008,39.19,2.52,36.9072,0.0226000007,27.095
HIP 98192,Gaia DR3 2030317253745186432,Gaia DR2 2030317253745186432,Gaia DR1 2030317249413069056,39.24,0.97,37.0287,0.0286999997,27.0061
HIP 30256,Gaia DR3 2936850125355960576,Gaia DR2 2936850125354292480,Gaia DR1 2936850121054270592,40.52,9.15,37.0651,0.0234999992,26.9796
HIP 104137,Gaia DR3 1732878776902363264,Gaia DR2 1732878776902363264,Gaia DR1 1732878772606083200,43.63,4.58,37.0772,0.0278999992,26.9708
HIP 52470,Gaia DR3 832417236660307072,Gaia DR2 832417236660307072,Gaia DR1 832417232364913920,39.56,0.99,37.2802,0.0249000005,26.8239
HIP 48447,Gaia DR3 3847123707357532672,Gaia DR2 3847123707357532672,Gaia DR1 3847123703067289088,45.21,3.77,37.2803,0.0204000007,26.8238
HIP 51473,Gaia DR3 5444096348783212928,Gaia DR2 5444096348779619712,Gaia DR1 5444096344485094912,39.16,2.17,37.2962,0.0275999997,26.8124
HIP 57866,Gaia DR3 3975078892003894144,Gaia DR2 3975078892003894144,Gaia DR1 3975078887708638208,39.48,1.58,37.315,0.0228000004,26.7989
HIP 81348,Gaia DR3 1312589288953960320,Gaia DR2 1312589288953960320,Gaia DR1 1312589353377089152,39.04,1.29,37.3976,0.0125000002,26.7397
HIP 23786,Gaia DR3 3392089755051027712,Gaia DR2 3392089755051027712,\N,41.7,1.14,37.437,0.226699993,26.7115
HIP 39494,Gaia DR3 922950955371956608,Gaia DR2 922950955371956608,\N,39.46,1.58,37.46,0.0155999996,26.6951
HIP 37798,Gaia DR3 3088637946087230336,Gaia DR2 3088637946087230336,Gaia DR1 3088637941786910720,40.58,2.18,37.5204,0.0203000009,26.6522
HIP 49376,Gaia DR3 5460446292845923328,Gaia DR2 5460446292845923328,\N,41.59,3.13,37.634,0.3034999967,26.5717
HIP 15797,Gaia DR3 241393040535105280,Gaia DR2 241393040535105280,Gaia DR1 241393036234346880,39.1,1.24,37.6588,0.0197000001,26.5542
HIP 83363,Gaia DR3 5914366302446170240,Gaia DR2 5914366302446170240,Gaia DR1 5914366298148226944,39.32,1.33,37.683,0.2917999923,26.5372
HIP 11650,Gaia DR3 2516322146457318144,Gaia DR2 2516322146457318144,\N,41.15,4.96,37.711,0.0507999994,26.5175
HIP 66578,Gaia DR3 1686708050268594944,Gaia DR2 1686708050268594944,\N,40.33,2.89,37.7291,0.0286999997,26.5047
HIP 74261,Gaia DR3 6003743571137684736,Gaia DR2 6003743571137684736,\N,39.99,2.41,37.7545,0.0172000006,26.4869
HIP 9716,Gaia DR3 5147846340974080000,Gaia DR2 5147846340973892352,Gaia DR1 5147846336678206208,39.16,1.11,37.7907,0.0313000008,26.4615
HIP 27080,Gaia DR3 4657193606465368704,Gaia DR2 4657193606465368704,Gaia DR1 4657193602117007616,39.08,0.75,37.8235,0.0206000004,26.4386
HIP 94650,Gaia DR3 4312905248400130688,Gaia DR2 4312905248400130688,Gaia DR1 4312905244091729408,39.43,1.01,37.8714,0.0226000007,26.4052
HIP 106913,Gaia DR3 6810896745007524736,Gaia DR2 6810896745007524736,Gaia DR1 6810896809432796800,39.13,0.83,37.8872,0.0230999999,26.3941
HIP 400,Gaia DR3 2848150288954631296,Gaia DR2 2848150288954631296,Gaia DR1 2848150284659254656,39.06,0.93,37.9297,0.0258000009,26.3646
HIP 61099,Gaia DR3 3949377704625720192,Gaia DR2 3949377704625720192,Gaia DR1 3949377700330586624,39.62,0.95,37.964,0.0320999995,26.3407
HIP 42418,Gaia DR3 595390807776621824,Gaia DR2 595390807776621824,Gaia DR1 595390803480684928,39.28,1.21,37.9713,0.2187999934,26.3357
HIP 54155,Gaia DR3 3789271459953459328,Gaia DR2 3789271459953459328,Gaia DR1 3789271455657632000,40.57,1.4,38.014,0.0221999995,26.3061
HIP 61329,Gaia DR3 3526876102361317760,Gaia DR2 3526876102361317760,\N,39.11,1.17,38.0521,0.0198999997,26.2798
HIP 92858,Gaia DR3 6730759011817912320,Gaia DR2 6730759011817912320,\N,41.84,1.19,38.0653,0.3122000098,26.2706
HIP 88771,Gaia DR3 4482432246132106496,Gaia DR2 4482432246130215296,\N,39.4,0.83,38.1263,0.2390999943,26.2286
HIP 62512,Gaia DR3 1579858609793019264,Gaia DR2 1579858609793019264,\N,41.39,3.2,38.1905,0.2903999984,26.1845
HIP 522,Gaia DR3 4976894960284258048,Gaia DR2 4976894960284258048,\N,39.0,0.64,38.1945,0.0355000012,26.1818
HIP 84487,Gaia DR3 4141979774942939264,Gaia DR2 4141979774942939264,Gaia DR1 4141979770642515200,40.17,1.85,38.2028,0.0176999997,26.1761
HIP 27075,Gaia DR3 2966790170574625408,Gaia DR2 2966790170574625408,Gaia DR1 2966790166276461184,39.15,0.74,38.2253,0.0189999994,26.1607
HIP 93747,Gaia DR3 4314399312979641728,Gaia DR2 4314399312929014656,\N,39.18,0.72,38.2329,0.3492000103,26.1555
HIP 64113,Gaia DR3 3937082209690529408,Gaia DR2 3937082209689968896,\N,39.12,4.13,38.241,0.6800000072,26.1499
HIP 110774,Gaia DR3 2205488624442109824,Gaia DR2 2205488624442109824,Gaia DR1 2205488624442109824,39.97,1.28,38.3129,0.0115999999,26.1009
HIP 51254,Gaia DR3 3862361392330264320,Gaia DR2 3862361392330264320,Gaia DR1 3862361388034819328,39.75,1.54,38.324,0.0270000007,26.0933
HIP 17147,Gaia DR3 3250489115709122560,Gaia DR2 3250489115708824064,Gaia DR1 3250489111412220544,41.07,0.86,38.3253,0.0307999998,26.0924
HIP 10339,Gaia DR3 333053037107550080,Gaia DR2 333053037107550080,Gaia DR1 333053032809971456,39.1,0.91,38.3338,0.0285,26.0866
HIP 90864,Gaia DR3 4508601275714721152,Gaia DR2 4508601275714721152,Gaia DR1 4508601271414326656,39.73,0.9,38.3448,0.0177999996,26.0792
HIP 6405,Gaia DR3 2786115533677290240,Gaia DR2 2786115533677290240,Gaia DR1 2786115529382382080,39.07,0.8,38.3495,0.0211999994,26.076
HIP 9749,Gaia DR3 5021412261945549568,Gaia DR2 5021412261945549568,Gaia DR1 5021412257649943040,44.37,1.97,38.3545,0.0165999997,26.0726
HIP 97051,Gaia DR3 4302670684951953280,Gaia DR2 4302670684951953280,Gaia DR1 4302670680625318784,44.18,1.86,38.3579,0.0148999998,26.0702
HIP 116838,\N,\N,Gaia DR1 2826159845944612736,39.51,1.85,38.43,0.9900000095,26.0213
HIP 7372,Gaia DR3 5022972468946212352,Gaia DR2 5022972468946212352,\N,42.29,1.47,38.4341,0.6649000049,26.0186
HIP 51928,Gaia DR3 5455932041699339008,Gaia DR2 5455932041699339008,Gaia DR1 5455932037401675136,39.56,3.14,38.495,0.0228000004,25.9774
HIP 2081,Gaia DR3 4993479684438433792,\N,\N,42.14,0.78,38.5,0.7300000191,25.974
HIP 75266,Gaia DR3 4420712604009198080,Gaia DR2 4420712604009198080,Gaia DR1 4420712599713376640,39.35,1.37,38.501,0.0241999999,25.9734
HIP 110066,Gaia DR3 6512176375093055744,Gaia DR2 6512176375093055744,\N,39.38,1.13,38.5442,0.0197999999,25.9442
HIP 57494,Gaia DR3 3585636855608873984,Gaia DR2 3585636855608873984,Gaia DR1 3585636851311975552,40.57,2.66,38.5497,0.0288999993,25.9405
HIP 60370,Gaia DR3 6150200345317455232,Gaia DR2 6150200345317455232,Gaia DR1 6150200341022048000,39.02,0.8,38.5703,0.0217000004,25.9267
HIP 53910,Gaia DR3 856096765753549056,Gaia DR2 856096765752993280,\N,41.07,0.6,38.6031,1.1284999847,25.9047
HIP 109084,Gaia DR3 2613420563766963200,Gaia DR2 2613420563766963200,Gaia DR1 2613420563766963200,46.7,7.86,38.6157,0.5328999758,25.8962
HIP 17207,Gaia DR3 3271668905115228672,Gaia DR2 3271668905115228672,Gaia DR1 3271668969538328576,39.87,2.01,38.6196,0.0423999988,25.8936
HIP 19165,Gaia DR3 5091077112524265344,Gaia DR2 5091077112523802112,Gaia DR1 5091077108227400576,42.54,1.64,38.6445,0.0173000004,25.8769
HIP 65327,Gaia DR3 1565976794456209792,Gaia DR2 1565976794456209792,\N,39.84,1.44,38.6834,0.4420000017,25.8509
HIP 36853,Gaia DR3 865699110037321600,Gaia DR2 865699110037321600,Gaia DR1 865699105740762496,39.31,3.31,38.6981,0.0187999997,25.8411
HIP 10688,Gaia DR3 4743263514068260608,Gaia DR2 4743263514067898240,\N,40.4,2.95,38.7109,0.0205000006,25.8325
HIP 35628,Gaia DR3 1108183342844837888,Gaia DR2 1108183342844837888,Gaia DR1 1108183338545326336,39.1,1.15,38.7432,0.0198999997,25.811
HIP 117542,Gaia DR3 2327840667768506368,Gaia DR2 2327840667768506368,Gaia DR1 2327840663474971392,39.53,1.13,38.7568,0.0285,25.8019
HIP 61100,Gaia DR3 1571145907856592768,Gaia DR2 1571145907856592768,\N,42.13,3.11,38.7846,0.5583999753,25.7834
HIP 2711,Gaia DR3 4925088171405735680,Gaia DR2 4925088171405735680,\N,39.03,0.62,38.8246,0.0465999991,25.7569
HIP 32423,Gaia DR3 937667952871051776,Gaia DR2 937667952870489856,Gaia DR1 937667948573715072,40.02,1.22,38.8281,0.0215000007,25.7545
HIP 73252,Gaia DR3 1614477420588506240,Gaia DR2 1614477420588506240,Gaia DR1 1614477416292556544,39.95,0.92,38.8326,0.0138999997,25.7516
HIP 105675,Gaia DR3 6453300894679705984,Gaia DR2 6453300894679705984,Gaia DR1 6453300890383166720,39.39,1.26,38.9387,0.0182000007,25.6814
HIP 39710,Gaia DR3 5596797039059063680,Gaia DR2 5596797039059063680,Gaia DR1 5596797034747496576,39.08,0.77,38.9581,0.0173000004,25.6686
HIP 42173,Gaia DR3 594989417312890368,Gaia DR2 594989417312890368,Gaia DR1 594989413017794944,42.71,4.61,38.9809,0.0412000008,25.6536
HIP 53947,Gaia DR3 3969885761146749952,Gaia DR2 3969885761146749952,Gaia DR1 3969885756851667584,57.46,25.52,38.9897,0.0225000009,25.6478
HIP 53953,Gaia DR3 3969885761146749824,Gaia DR2 3969885761146749824,Gaia DR1 3969885756851667712,59.31,12.56,38.9927,0.0221999995,25.6458
HIP 17157,Gaia DR3 4833306713154584704,Gaia DR2 4833306713154584704,Gaia DR1 4833306708858124416,39.84,1.11,39.0821,0.0177999996,25.5872
HIP 48502,Gaia DR3 5463156589008251648,Gaia DR2 5463156589008251648,Gaia DR1 5463156584711913856,39.02,2.52,39.0922,0.2419999987,25.5806
HIP 32939,Gaia DR3 5562061542577445760,Gaia DR2 5562061542577445760,Gaia DR1 5562061538279299840,39.19,1.01,39.128,0.0091000004,25.5571
HIP 66704,Gaia DR3 1558718059209082752,Gaia DR2 1558718059209082752,Gaia DR1 1558718054912221952,39.64,0.71,39.1793,0.0253999997,25.5237
HIP 111170,Gaia DR3 2622845684814477696,Gaia DR2 2622845684814477696,\N,39.18,1.83,39.1884,0.6248999834,25.5178
HIP 4443,Gaia DR3 2472505371140957952,Gaia DR2 2472505371140425472,Gaia DR1 2472505366844289536,41.73,2.29,39.1987,0.0284000002,25.5111
HIP 62505,Gaia DR3 3523699441470095104,Gaia DR2 3523699441470095104,\N,47.19,1.93,39.2109,0.6151999831,25.5031
HIP 18180,Gaia DR3 4857520536178521344,Gaia DR2 4857520536178521344,\N,39.48,2.69,39.2185,0.0179999992,25.4982
HIP 26501,\N,\N,Gaia DR1 4796263715441768832,39.59,0.94,39.22,0.75,25.4972
HIP 86742,Gaia DR3 4473334474604992384,Gaia DR2 4473334474601314560,\N,39.78,0.75,39.2284,0.202700004,25.4917
HIP 117946,Gaia DR3 2847644410526748416,Gaia DR2 2847644410526748416,Gaia DR1 2847644406230983680,39.35,1.16,39.2555,0.0220999997,25.4741
HIP 76233,Gaia DR3 4400452830957830656,Gaia DR2 4400452830957830656,Gaia DR1 4400452826661590656,39.78,0.83,39.2622,0.0277999993,25.4698
HIP 12186,Gaia DR3 5062172841616745856,Gaia DR2 5062172841616745856,\N,39.16,0.64,39.2946,0.0305000003,25.4488
HIP 108092,Gaia DR3 1960390203963541760,Gaia DR2 1960390203963541760,Gaia DR1 1960390199663139456,43.07,1.55,39.3117,0.0119000003,25.4377
HIP 55507,Gaia DR3 788340461203094912,Gaia DR2 788340461203094912,Gaia DR1 788340834864017408,40.36,1.48,39.3187,0.0147000002,25.4332
HIP 96258,Gaia DR3 2136027771930903808,Gaia DR2 2136027771930903808,\N,39.08,0.47,39.3227,0.0280000009,25.4306
HIP 34567,Gaia DR3 882872210352301568,Gaia DR2 882872210352301568,Gaia DR1 882872206055476736,40.68,1.02,39.3515,0.1367000043,25.412
HIP 63762,Gaia DR3 1728599752525089408,Gaia DR2 1728599752525089408,Gaia DR1 1728599748229472000,41.12,0.76,39.3725,0.0851000026,25.3984
HIP 115126,Gaia DR3 2411855072801158656,Gaia DR2 2411855072801158656,\N,48.22,5.25,39.4019,1.0568000078,25.3795
HIP 54803,Gaia DR3 3804108716535576960,Gaia DR2 3804108716535576960,\N,41.49,2.03,39.42,2.0299999714,25.3678
HIP 8190,Gaia DR3 351045720262686080,Gaia DR2 351045720262686080,\N,40.43,2.67,39.4243,0.0241,25.3651
HIP 23941,Gaia DR3 3212075924646082176,Gaia DR2 3212075924646082176,\N,39.99,0.7,39.4394,0.0930000022,25.3554
HIP 63257,Gaia DR3 3524996177995941632,Gaia DR2 3524996177995941632,\N,43.13,1.32,39.4978,0.3889999986,25.3179
HIP 62956,Gaia DR3 1576683529448755328,\N,\N,40.3,0.62,39.51,0.200000003,25.31
HIP 74605,Gaia DR3 1645425614893967744,Gaia DR2 1645425614893967744,Gaia DR1 1645425610597706112,39.51,0.47,39.5487,0.0648000017,25.2853
HIP 99880,Gaia DR3 2080826374043095552,Gaia DR2 2080826374043095552,Gaia DR1 2080826374043095552,40.97,1.21,39.5574,0.0109999999,25.2797
HIP 36927,Gaia DR3 5492574125690123264,Gaia DR2 5492574125690123264,Gaia DR1 5492574121392001664,39.66,0.8,39.5637,0.0138999997,25.2757
HIP 3170,Gaia DR3 4906784051581971200,Gaia DR2 4906784051581554560,\N,39.26,0.56,39.5912,0.0410000011,25.2581
HIP 48509,Gaia DR3 826957061916956544,Gaia DR2 826957061916956544,Gaia DR1 826957057622290048,39.75,3.27,39.6032,0.0206000004,25.2505
HIP 41802,Gaia DR3 3064885260813278336,Gaia DR2 3064885260813278336,\N,46.02,6.28,39.6192,0.0693000033,25.2403
HIP 32765,Gaia DR3 5557816190743628416,Gaia DR2 5557816190743628416,\N,39.66,0.53,39.6665,0.0707999989,25.2102
HIP 90376,Gaia DR3 2294149672988951680,Gaia DR2 2294149672988951680,Gaia DR1 2294149668692602880,40.98,0.89,39.6716,0.0132999998,25.2069
HIP 103544,Gaia DR3 1866522319330814592,Gaia DR2 1866522319327259136,Gaia DR1 1866522315019734784,42.8,2.23,39.6776,0.0207000002,25.2031
HIP 73100,Gaia DR3 1592338513445876608,Gaia DR2 1592338513445876608,Gaia DR1 1592338509149257600,40.25,0.54,39.7477,0.0388999991,25.1587
HIP 74975,Gaia DR3 4421455530273900032,Gaia DR2 4421455530273467392,\N,40.46,0.81,39.7954,0.0807000026,25.1285
HIP 112245,Gaia DR3 2211393521580984320,Gaia DR2 2211393521580984320,Gaia DR1 2211393517279840896,39.82,0.71,39.796,0.0141000003,25.1282
HIP 94981,Gaia DR3 2051069711047203712,Gaia DR2 2051069711047203712,Gaia DR1 2051069706747074688,39.64,0.56,39.8305,0.0925000012,25.1064
HIP 33373,Gaia DR3 950395658954590080,Gaia DR2 950395658954590080,Gaia DR1 950395654660064896,41.53,1.41,39.8698,0.0228000004,25.0816
HIP 10925,Gaia DR3 4963661822446609792,Gaia DR2 4963661822446609792,\N,39.3,1.07,39.9014,0.1665000021,25.0618
HIP 65477,Gaia DR3 1565090003967879424,Gaia DR2 1565090003969283968,\N,40.19,0.57,39.91,0.1299999952,25.0564
HIP 70308,Gaia DR3 5846770973285176960,Gaia DR2 5846770973285176960,Gaia DR1 5846770968964962560,42.29,1.47,39.9221,0.2117000073,25.0488
HIP 4454,Gaia DR3 532855499837123584,Gaia DR2 532855499837123584,Gaia DR1 532855495538626176,41.45,1.01,39.9285,0.0116999997,25.0448
HIP 59280,Gaia DR3 1536064958579187840,Gaia DR2 1536064958579187840,Gaia DR1 1536064954283597696,41.07,0.98,39.9292,0.0207000002,25.0443
HIP 21223,Gaia DR3 4865826693691966464,Gaia DR2 4865826693691482496,\N,39.93,0.93,39.9733,0.0173000004,25.0167
HIP 83451,Gaia DR3 1437124683199761920,Gaia DR2 1437124683199761920,Gaia DR1 1437124678903935744,39.71,1.57,39.9765,0.0149999997,25.0147
HIP 64550,Gaia DR3 6088054505011960832,Gaia DR2 6088054505011960832,Gaia DR1 6088054500713602560,40.87,0.84,39.9859,0.0221999995,25.0088
HIP 116491,Gaia DR3 6523442177391053312,Gaia DR2 6523442177391053312,Gaia DR1 6523442173093167360,42.13,1.67,39.991,0.0177999996,25.0056
HIP 83454,Gaia DR3 1437124683199762304,Gaia DR2 1437124683199762304,\N,40.18,4.76,39.9955,0.0121999998,25.0028
HIP 29067,Gaia DR3 1105408965770145920,Gaia DR2 1105408965770145920,Gaia DR1 1105408961471405312,40.12,1.78,40.0653,0.0137999998,24.9593
HIP 114252,Gaia DR3 2410011260521088512,Gaia DR2 2410011256225662208,Gaia DR1 2410011256225662208,45.75,2.6,40.0995,0.0234999992,24.938
HIP 114886,Gaia DR3 1909581805999126784,Gaia DR2 1909581805999126784,Gaia DR1 1909581801702706560,41.33,0.97,40.1543,0.0199999996,24.9039
HIP 28360,\N,Gaia DR2 196656661174768512,\N,39.72,0.78,40.21,0.2300000042,24.8694
HIP 33537,Gaia DR3 3379989457790428416,Gaia DR2 3379989457790428416,Gaia DR1 3379989453493244032,41.25,0.88,40.2733,0.0192000009,24.8303
HIP 114570,Gaia DR3 1990723839987250176,Gaia DR2 1990723839987250176,\N,40.82,0.57,40.294,0.112999998,24.8176
HIP 116936,Gaia DR3 2639991331699321472,Gaia DR2 2639991331699321472,\N,42.42,2.07,40.2969,0.1706999987,24.8158
HIP 102101,Gaia DR3 2187263158355763072,Gaia DR2 2187263158355763072,Gaia DR1 2187263154059233152,41.74,1.15,40.3214,0.0119000003,24.8007
HIP 59774,Gaia DR3 1575287046603605888,Gaia DR2 1575287046603149056,\N,40.05,0.6,40.3279,0.1944999993,24.7967
HIP 72981,Gaia DR3 1174189362318863488,Gaia DR2 1174189362317947776,Gaia DR1 1174189358023347328,44.46,2.6,40.3302,0.0392999984,24.7953
HIP 113244,Gaia DR3 2711324381934051200,Gaia DR2 2711324381934051200,Gaia DR1 2711324377639008384,41.15,2.65,40.3474,0.0237000007,24.7847
HIP 64048,Gaia DR3 1468036318743647616,Gaia DR2 1468036318743647616,Gaia DR1 1468036314447534976,41.9,1.52,40.3737,0.0156999994,24.7686
HIP 51933,Gaia DR3 3754435186374119424,Gaia DR2 3754435186374119424,\N,40.67,0.68,40.3975,0.1086999997,24.754
HIP 56936,Gaia DR3 1057879895596316416,Gaia DR2 1057879895596316416,\N,44.28,2.83,40.4156,0.0146000003,24.7429
HIP 102226,Gaia DR3 1817769836303393280,Gaia DR2 1817769836303393280,\N,39.38,1.03,40.4178,0.0230999999,24.7416
HIP 101345,Gaia DR3 6904703228801028864,Gaia DR2 6904703228801028864,\N,41.26,0.87,40.4241,0.0496999994,24.7377
HIP 58803,Gaia DR3 6148648281576023424,Gaia DR2 6148648281576023424,\N,41.32,0.76,40.4345,0.0883999988,24.7314
HIP 1598,Gaia DR3 379582273249916416,Gaia DR2 379582273249916416,Gaia DR1 379582268954107520,40.25,0.81,40.4392,0.0181000009,24.7285
HIP 9269,Gaia DR3 304991163902854784,Gaia DR2 304991163902854784,Gaia DR1 304991159606878336,40.74,0.9,40.4424,0.0256999992,24.7265
HIP 64690,Gaia DR3 5765846127180770432,Gaia DR2 5765846127180770432,Gaia DR1 5765846122884217600,40.52,0.56,40.4757,0.0146000003,24.7062
HIP 24786,Gaia DR3 2981583790287411200,Gaia DR2 2981583790287411200,Gaia DR1 2981583785990414720,40.11,0.76,40.4785,0.0254999995,24.7045
HIP 66840,Gaia DR3 3662358955927624960,Gaia DR2 3662358955927624960,Gaia DR1 3662358951632047616,42.19,1.63,40.4853,0.0197000001,24.7003
HIP 101983,Gaia DR3 6454967273273436416,Gaia DR2 6454967273272504960,\N,41.33,0.73,40.5683,0.0895000026,24.6498
HIP 60994,\N,\N,Gaia DR1 3528362362908431616,40.03,0.98,40.57,0.6000000238,24.6488
HIP 66886,Gaia DR3 3661492609484469504,Gaia DR2 3661492609484469504,Gaia DR1 3661492639548577792,41.22,1.41,40.6135,0.0209999997,24.6224
HIP 26373,Gaia DR3 4795598309045006208,Gaia DR2 4795598309045006208,Gaia DR1 4795598304748572544,41.9,1.74,40.6567,0.0137,24.5962
HIP 1276,Gaia DR3 4977352700720504192,Gaia DR2 4977352700719796864,\N,41.32,3.89,40.6718,0.5252000093,24.5871
HIP 117697,Gaia DR3 2390021451933103616,Gaia DR2 2390021451933103616,\N,39.4,3.4,40.6908,0.0186999999,24.5756
HIP 118162,Gaia DR3 1940954617956840192,Gaia DR2 1940954617956840192,Gaia DR1 1940954613654313984,41.35,0.76,40.7348,0.0557999983,24.549
HIP 26369,Gaia DR3 4795596831576255488,Gaia DR2 4795596831576255488,Gaia DR1 4795596827281131904,41.23,15.54,40.7575,0.0395000018,24.5354
HIP 15131,Gaia DR3 4847282124418880256,Gaia DR2 4847282124418880256,Gaia DR1 4847281913964276480,41.05,0.59,40.7774,0.0160000008,24.5234
HIP 87579,Gaia DR3 4576863905365412736,Gaia DR2 4576863905365412736,Gaia DR1 4576863901065332480,40.22,1.04,40.7788,0.0175999999,24.5225
HIP 68030,Gaia DR3 1230894097540611968,Gaia DR2 1230894097540611968,Gaia DR1 1230899968760552960,41.28,0.79,40.7997,0.0271000005,24.51
HIP 107625,Gaia DR3 6584461671116752128,Gaia DR2 6584461671116752128,Gaia DR1 6584461701180431488,42.12,1.06,40.8138,0.0201999992,24.5015
HIP 19930,Gaia DR3 177425034575534464,Gaia DR2 177425034575534464,Gaia DR1 177425030278833408,39.08,1.16,40.9036,0.0255999994,24.4477
HIP 93871,Gaia DR3 4307162018124573312,Gaia DR2 4307162018124573312,Gaia DR1 4307162013825208448,41.19,1.34,40.9448,0.0207000002,24.4231
HIP 12158,Gaia DR3 2495442626804315392,Gaia DR2 2495442626804315392,Gaia DR1 2495489557911665152,41.09,1.25,40.9518,0.0386000015,24.419
HIP 88945,Gaia DR3 4590489981163831296,Gaia DR2 4590489981163831296,Gaia DR1 4590489976865508480,39.62,0.68,40.9645,0.0166999996,24.4114
HIP 29432,Gaia DR3 3319126988068404096,Gaia DR2 3319126988068404096,Gaia DR1 3319126983769640320,43.26,0.87,40.9764,0.0240000002,24.4043
HIP 60310,Gaia DR3 6149747002930436352,Gaia DR2 6149747002930436352,Gaia DR1 6149746998632670976,41.49,1.23,40.9891,0.0241999999,24.3967
HIP 104436,Gaia DR3 6348288635054855680,Gaia DR2 6348288635054855680,\N,41.28,0.58,41.0626,0.0201999992,24.3531
HIP 42333,Gaia DR3 5755064487956174720,Gaia DR2 5755064487956174720,Gaia DR1 5755064483659664512,42.32,1.04,41.0649,0.0228000004,24.3517
HIP 6344,Gaia DR3 565471721996476160,Gaia DR2 565471721996476160,Gaia DR1 565471717699614080,41.44,1.05,41.0677,0.0125000002,24.35
HIP 43797,Gaia DR3 5317114850417299584,Gaia DR2 5317114850417299584,Gaia DR1 5317114846104331264,41.41,0.44,41.0816,0.0359999985,24.3418
HIP 897,Gaia DR3 2443632711191439104,Gaia DR2 2443632711190063872,Gaia DR1 2443632706895035136,39.19,2.29,41.0917,0.0313000008,24.3358
HIP 35943,Gaia DR3 3027559353615045760,Gaia DR2 3027559353615045760,Gaia DR1 3027559349309579264,41.56,1.7,41.105,0.0165999997,24.3279
HIP 7765,Gaia DR3 2589107273595379584,Gaia DR2 2589107273595379584,\N,61.3,36.67,41.1075,0.0237000007,24.3265
HIP 84607,Gaia DR3 4575374857376398976,Gaia DR2 4575374857376398976,\N,41.58,1.04,41.1103,0.0168999992,24.3248
HIP 95575,Gaia DR3 2129771310248902016,Gaia DR2 2129771310248902016,Gaia DR1 2129771271592838272,39.73,1.03,41.1132,0.2138999999,24.3231
HIP 113829,Gaia DR3 2832641058969396864,Gaia DR2 2832641058969396864,Gaia DR1 2832641054673513600,41.19,0.87,41.1604,0.0231999997,24.2952
HIP 54513,Gaia DR3 3788517916531415552,Gaia DR2 3788517916531415552,Gaia DR1 3788517912236278400,39.87,2.45,41.1801,0.0211999994,24.2836
HIP 106231,Gaia DR3 1797276382668029440,Gaia DR2 1797276382668029440,Gaia DR1 1797276378371105024,39.91,1.18,41.2912,0.0168999992,24.2182
HIP 85810,Gaia DR3 1335880415564253312,Gaia DR2 1335880415564253312,Gaia DR1 1335880411268656128,42.2,0.56,41.318,0.0151000004,24.2025
HIP 102119,Gaia DR3 6855358349537379840,Gaia DR2 6855358349537379840,Gaia DR1 6855358345240967168,43.42,1.48,41.3264,0.0423000008,24.1976
HIP 102333,Gaia DR3 6471630024096107008,Gaia DR2 6471630024096107008,\N,41.38,0.82,41.3357,0.115699999,24.1922
HIP 66587,Gaia DR3 3632451071421231360,Gaia DR2 3632451071421231360,Gaia DR1 3632451067125660544,40.27,2.1,41.3379,0.0196000002,24.1909
HIP 56630,Gaia DR3 767326526253334400,Gaia DR2 767326526253334400,Gaia DR1 767326521957305472,40.99,1.55,41.3473,0.0144999996,24.1854
HIP 81813,Gaia DR3 1648568843759668480,Gaia DR2 1648568843759668480,Gaia DR1 1648565884526014336,41.15,0.57,41.3671,0.0138999997,24.1738
HIP 5944,Gaia DR3 373349657227961472,Gaia DR2 373349657227961472,Gaia DR1 373349652931556352,42.3,0.75,41.3803,0.0241999999,24.1661
HIP 116416,Gaia DR3 2871343486014101888,Gaia DR2 2871343486014101888,Gaia DR1 2871343486014101888,42.63,0.93,41.382,0.0227000006,24.1651
HIP 73362,Gaia DR3 5908246317645043200,Gaia DR2 5908246317645043200,Gaia DR1 5908246313340913664,39.27,1.5,41.4009,0.0156999994,24.1541
HIP 86340,Gaia DR3 1651145102583323136,Gaia DR2 1651145102583323136,Gaia DR1 1651145098287579264,41.82,0.81,41.4032,0.0136000002,24.1527
HIP 45839,Gaia DR3 5746426720312132608,Gaia DR2 5746426720312132608,Gaia DR1 5746426720312132608,41.4,1.38,41.4146,0.0184000004,24.1461
HIP 46549,Gaia DR3 3824731809460825728,Gaia DR2 3824731809460825728,\N,42.47,1.53,41.448,0.0168999992,24.1266
HIP 70849,Gaia DR3 6099000589942631424,Gaia DR2 6099000589942631424,Gaia DR1 6099000585642900864,41.71,2.02,41.4618,0.0175000001,24.1186
HIP 88622,Gaia DR3 4471087175915086080,Gaia DR2 4471087175915086080,\N,41.0,0.88,41.4741,0.0210999995,24.1114
HIP 99137,Gaia DR3 6472858766996632704,Gaia DR2 6472858766996632704,\N,43.08,0.79,41.5069,0.0280000009,24.0924
HIP 28267,Gaia DR3 3022685626580347392,Gaia DR2 3022685626580347392,Gaia DR1 3022685626580347392,43.1,0.93,41.5366,0.0209999997,24.0752
HIP 7576,Gaia DR3 2477815222028038272,Gaia DR2 2477815222028038272,Gaia DR1 2478002890623968128,42.35,0.96,41.5636,0.0238000005,24.0595
HIP 5799,Gaia DR3 2475331528340199936,Gaia DR2 2475331528340199936,\N,41.01,0.89,41.5747,0.1058000028,24.0531
HIP 114066,Gaia DR3 2207738916728293888,Gaia DR2 2207738916728293888,Gaia DR1 2207738912429172608,40.09,1.48,41.6161,0.0125000002,24.0292
HIP 35872,Gaia DR3 3163201979956736000,Gaia DR2 3163201979956736000,Gaia DR1 3163201975660314752,39.91,1.14,41.6164,0.0280000009,24.029
HIP 84223,Gaia DR3 1354166805762941184,Gaia DR2 1354166805762941184,Gaia DR1 1354166045553287808,41.97,4.53,41.6183,0.0940999985,24.0279
HIP 74273,Gaia DR3 5876112300125320448,Gaia DR2 5876112300125320448,Gaia DR1 5876112295743277824,41.41,0.77,41.6198,0.0201999992,24.027
HIP 8275,Gaia DR3 2575383100738086656,Gaia DR2 2575383100738086656,Gaia DR1 2575383096443042176,43.37,1.38,41.646,0.0223999992,24.0119
HIP 15442,Gaia DR3 3261878613062758144,Gaia DR2 3261878613062758144,Gaia DR1 3261878608767523712,40.52,0.98,41.671,0.0219000001,23.9975
HIP 109980,Gaia DR3 2220169200616370432,Gaia DR2 2220169200616370432,Gaia DR1 2220169200616370432,41.69,0.88,41.6775,0.0109000001,23.9938
HIP 99031,Gaia DR3 2059103120983068160,Gaia DR2 2059103120983068160,\N,41.34,0.54,41.6804,0.0518000014,23.9921
HIP 39064,Gaia DR3 670853314448533888,Gaia DR2 670853314448533888,\N,43.21,0.96,41.687,0.1877000034,23.9883
HIP 12886,Gaia DR3 340780267388505344,Gaia DR2 340780267388505344,Gaia DR1 340780263091643008,42.59,2.21,41.7126,0.0209999997,23.9736
HIP 93185,Gaia DR3 2041085973668754176,Gaia DR2 2041085973668754176,Gaia DR1 2041085866285258112,42.68,0.64,41.7143,0.0146000003,23.9726
HIP 2072,Gaia DR3 4992538055808271360,Gaia DR2 4992538055807707776,\N,42.51,0.69,41.7228,0.135800004,23.9677
HIP 39896,Gaia DR3 902175202130167936,Gaia DR2 902175202130167936,\N,48.26,3.16,41.7312,0.9261999726,23.9629
HIP 91605,Gaia DR3 2090051761936884864,Gaia DR2 2090051761936884864,\N,41.88,1.59,41.7451,0.0164999999,23.9549
HIP 72387,Gaia DR3 1294776032353235968,Gaia DR2 1294776032353235968,Gaia DR1 1294776028057627648,41.26,1.47,41.7463,0.0129000004,23.9542
HIP 96395,Gaia DR3 2142179058450057856,Gaia DR2 2142179058450057856,Gaia DR1 2142179054152209792,41.24,0.49,41.759,0.0247000009,23.9469
HIP 72603,Gaia DR3 6309706875115188224,Gaia DR2 6309706875115188224,\N,42.26,1.04,41.7742,0.3770999908,23.9382
HIP 32366,Gaia DR3 5584019442620181760,Gaia DR2 5584019442620181760,Gaia DR1 5584019438321010432,41.2,0.56,41.7838,0.0270000007,23.9327
HIP 12623,Gaia DR3 335144892337326336,Gaia DR2 335144892337326336,\N,40.52,1.25,41.7962,0.295599997,23.9256
HIP 8486,Gaia DR3 2461045711199481472,Gaia DR2 2461045711199481472,\N,43.47,4.48,41.8,0.2578999996,23.9234
HIP 12493,Gaia DR3 2501948402746099456,Gaia DR2 2501948402746099456,Gaia DR1 2501948398450800896,44.84,1.46,41.8223,0.0208000001,23.9107
HIP 15673,Gaia DR3 443016706832479488,Gaia DR2 443016706832479488,Gaia DR1 443016702534800640,44.03,1.24,41.8285,0.0192000009,23.9071
HIP 66781,Gaia DR3 1562668432688194688,Gaia DR2 1562668432687758976,Gaia DR1 1562668428391618560,42.12,0.76,41.8503,0.0177999996,23.8947
HIP 5957,Gaia DR3 294517800251711616,Gaia DR2 294517800251711616,Gaia DR1 294517795956289664,44.03,1.59,41.8758,0.0208999999,23.8801
HIP 30314,Gaia DR3 5481848424118748672,Gaia DR2 5481848424118748672,Gaia DR1 5481848419822114560,42.56,0.49,41.8877,0.0137999998,23.8734
HIP 60093,Gaia DR3 4010201828880793984,Gaia DR2 4010201828880793984,Gaia DR1 4010201858944875392,40.58,1.94,41.9016,0.0307999998,23.8654
HIP 17666,Gaia DR3 231113736385994624,Gaia DR2 231113736385994624,Gaia DR1 231113736385994624,40.83,2.24,41.9035,0.0237000007,23.8644
HIP 52369,Gaia DR3 3750995604764854400,Gaia DR2 3750995604764854400,\N,42.73,0.82,41.9082,0.0293000005,23.8617
HIP 68337,Gaia DR3 1250801855073489280,Gaia DR2 1250801855073489280,Gaia DR1 1250801850778220928,41.97,1.17,41.9416,0.0173000004,23.8427
HIP 112117,Gaia DR3 6519024545827374336,Gaia DR2 6519024545827374336,\N,42.47,0.72,41.9811,0.0309999995,23.8202
HIP 39780,Gaia DR3 676768820148924416,Gaia DR2 676768820148924416,\N,42.86,0.97,41.9916,0.0841000006,23.8143
HIP 105184,Gaia DR3 6577318075351824512,Gaia DR2 6577318075351824512,\N,42.04,0.9,42.0274,0.0209999997,23.794
HIP 115058,Gaia DR3 1941217160713765376,Gaia DR2 1941217160713765376,Gaia DR1 1941217156415119616,41.19,1.87,42.0397,0.0173000004,23.787
HIP 738,Gaia DR3 2333676738050041728,Gaia DR2 2333676738049780352,\N,42.82,2.61,42.0592,0.0324000008,23.776
HIP 60866,Gaia DR3 3517119173615245824,Gaia DR2 3517119173615245824,Gaia DR1 3517119169320007808,40.09,1.23,42.0768,0.0186999999,23.7661
HIP 13976,Gaia DR3 8479094371605632,Gaia DR2 8479094371605632,Gaia DR1 8479090076267264,42.66,1.22,42.0781,0.0277999993,23.7653
HIP 85582,Gaia DR3 4599020335968830976,\N,\N,42.4,3.76,42.09,2.5,23.7586
HIP 46733,Gaia DR3 1064092789129355136,Gaia DR2 1064092789128664960,\N,43.2,0.64,42.0904,0.1615999937,23.7584
HIP 86201,Gaia DR3 1637717179389828224,Gaia DR2 1637717179389828224,\N,42.62,0.53,42.0939,0.1424999982,23.7564
HIP 24874,Gaia DR3 2983256662869643776,Gaia DR2 2983256662869643776,Gaia DR1 2983256658572698880,41.09,1.26,42.094,0.0160000008,23.7564
HIP 6097,Gaia DR3 2456594647612706432,Gaia DR2 2456594643316646784,Gaia DR1 2456594643316646784,45.22,3.65,42.1036,0.0423000008,23.7509
HIP 9829,Gaia DR3 104453918172129792,Gaia DR2 104453918172129792,\N,43.14,0.94,42.1141,0.0205000006,23.745
HIP 10337,Gaia DR3 5124636303346779008,Gaia DR2 5124636303346779008,Gaia DR1 5124636299050940672,43.0,1.67,42.1225,0.0166999996,23.7403
HIP 51271,Gaia DR3 5357886734438478848,Gaia DR2 5357886734438478848,Gaia DR1 5357886730128255744,41.16,0.96,42.1312,0.0132999998,23.7354
HIP 77908,Gaia DR3 6235558525363302912,Gaia DR2 6235558525363302912,Gaia DR1 6235558521063056640,39.45,8.88,42.1347,0.0179999992,23.7334
HIP 71743,Gaia DR3 6286606170175267840,Gaia DR2 6286606170175267840,Gaia DR1 6286606165879650944,42.43,0.97,42.1376,0.0273000002,23.7318
HIP 44899,Gaia DR3 5624529024402652288,Gaia DR2 5624529024402652288,Gaia DR1 5624529020101066880,44.75,1.58,42.1477,0.0120999999,23.7261
HIP 55052,Gaia DR3 3482765551281619456,Gaia DR2 3482765551281619456,Gaia DR1 3482765546984850176,39.68,2.2,42.1618,0.0240000002,23.7182
HIP 108567,Gaia DR3 6409473742721612544,Gaia DR2 6409473742721612544,Gaia DR1 6409473738424713472,43.04,1.53,42.1732,0.0153999999,23.7117
HIP 105911,Gaia DR3 6576209007420385792,Gaia DR2 6576209007420385792,Gaia DR1 6576209007420385792,42.52,1.29,42.1989,0.0460000001,23.6973
HIP 109537,Gaia DR3 1958031442283263616,Gaia DR2 1958031442281432448,Gaia DR1 1958031369264905472,44.84,3.24,42.2036,0.0206000004,23.6947
HIP 20222,Gaia DR3 177391907491420032,Gaia DR2 177391907491420032,Gaia DR1 177391907491420032,43.27,7.18,42.2073,0.0173000004,23.6926
HIP 80229,Gaia DR3 5941478335062267392,Gaia DR2 5941478335062267392,Gaia DR1 5941478330735352192,41.01,3.69,42.2128,0.0201999992,23.6895
HIP 45116,Gaia DR3 1011390516749963392,Gaia DR2 1011390516749963392,Gaia DR1 1011390512454209024,39.89,2.32,42.2251,0.0160000008,23.6826
HIP 64880,Gaia DR3 1474445475101294848,Gaia DR2 1474445475101294848,Gaia DR1 1474445470805026176,46.25,2.12,42.2253,0.0171000008,23.6825
HIP 1322,Gaia DR3 4973763482448692096,Gaia DR2 4973763482448692096,Gaia DR1 4973763478151548544,44.82,3.44,42.2327,0.0315999985,23.6783
HIP 76267,Gaia DR3 1222646935698492160,\N,\N,43.65,0.79,42.2408,0.9769999981,23.6738
HIP 107772,Gaia DR3 6572326052043362304,Gaia DR2 6572326052043362304,Gaia DR1 6572326047746888832,44.45,2.15,42.2883,0.0141000003,23.6472
HIP 117559,Gaia DR3 2867514406706887808,Gaia DR2 2867514406706887808,Gaia DR1 2867514402411146112,40.24,1.36,42.2919,0.0165999997,23.6452
HIP 6008,Gaia DR3 2456487788826106112,Gaia DR2 2456487788826106112,Gaia DR1 2456487784530308352,41.14,2.69,42.3277,0.0174000002,23.6252
HIP 3143,Gaia DR3 4980466929965023104,Gaia DR2 4980466929964496128,Gaia DR1 4980466925668414208,43.64,2.59,42.332,0.0248000007,23.6228
HIP 98316,Gaia DR3 6449124395465377920,Gaia DR2 6449124395465377920,Gaia DR1 6449124395468033408,43.91,1.17,42.3356,0.0219999999,23.6208
HIP 55642,Gaia DR3 3915612630249291008,Gaia DR2 3915612630249291008,\N,41.26,1.16,42.3548,0.3984000087,23.6101
HIP 103256,Gaia DR3 1758463038092175232,Gaia DR2 1758463038092175232,Gaia DR1 1758463033794900224,44.04,1.19,42.3677,0.0995000005,23.6029
HIP 90306,Gaia DR3 2108544241842459648,Gaia DR2 2108544241842459648,\N,39.4,1.79,42.3792,0.0108000003,23.5965
HIP 19233,Gaia DR3 4675955810263106432,Gaia DR2 4675955810262461184,Gaia DR1 4675955805965522560,43.12,0.5,42.382,0.0274999999,23.5949
HIP 94368,Gaia DR3 6643046944883125376,Gaia DR2 6643046944883125376,Gaia DR1 6643046944883125376,50.04,2.72,42.4143,0.0149999997,23.577
HIP 73005,Gaia DR3 1606148310770764288,Gaia DR2 1606148310770764288,Gaia DR1 1606148306474379008,41.83,0.63,42.4215,0.0173000004,23.573
HIP 72875,Gaia DR3 1265702917689682944,Gaia DR2 1265702917689682944,Gaia DR1 1265702913393573760,43.66,1.2,42.4219,0.0582000017,23.5727
HIP 28153,\N,\N,Gaia DR1 4801001545405754880,42.17,1.77,42.43,1.1200000048,23.5682
HIP 14286,Gaia DR3 466294295706341760,Gaia DR2 466294295706341760,Gaia DR1 466294291405221504,43.74,0.84,42.4587,0.0201999992,23.5523
HIP 10312,Gaia DR3 5143621433184275200,Gaia DR2 5143621433184275200,Gaia DR1 5143621428888732416,39.26,2.63,42.464,0.0183000006,23.5494
HIP 114456,Gaia DR3 1935133906477014016,Gaia DR2 1935133906475484544,Gaia DR1 1935133902176382720,42.65,0.74,42.464,0.0227000006,23.5494
HIP 57493,Gaia DR3 791297254127958784,Gaia DR2 791297254127958784,Gaia DR1 791297318552301184,40.61,1.52,42.4658,0.0126999998,23.5484
HIP 98106,Gaia DR3 6416143002299883904,Gaia DR2 6416143002299883904,Gaia DR1 6416142998001770240,42.78,1.0,42.4829,0.0171000008,23.5389
HIP 63406,Gaia DR3 1527631807474248448,Gaia DR2 1527631807474248448,\N,41.36,1.48,42.4878,0.7573000193,23.5362
HIP 113201,Gaia DR3 6512664180298450688,Gaia DR2 6512664180298450688,\N,40.44,3.02,42.4928,0.2213999927,23.5334
HIP 51468,Gaia DR3 1047559604579391872,Gaia DR2 1047559604579391872,Gaia DR1 1047559600284372480,44.83,1.22,42.5344,0.0165999997,23.5104
HIP 8497,Gaia DR3 2461043306017773696,Gaia DR2 2461043306017773696,\N,42.35,0.87,42.5848,0.1248999983,23.4826
HIP 89805,Gaia DR3 6629790584164277376,Gaia DR2 6629790584164277376,\N,43.64,0.72,42.5918,0.0274,23.4787
HIP 117886,Gaia DR3 2341178362288721536,Gaia DR2 2341178362288721536,Gaia DR1 2341178357993353856,40.44,2.41,42.5957,0.0239000004,23.4765
HIP 55718,Gaia DR3 770435567178890624,Gaia DR2 770435567178890624,Gaia DR1 770435562888270336,43.89,1.49,42.6234,0.0164000001,23.4613
HIP 36827,Gaia DR3 3054448838181163520,Gaia DR2 3054448838181163520,Gaia DR1 3054448833879666688,40.32,1.26,42.6341,0.0252999999,23.4554
HIP 56242,Gaia DR3 3966121308211393920,Gaia DR2 3966121308211393920,Gaia DR1 3966121303915627136,43.42,1.1,42.6536,0.0725999996,23.4447
HIP 53580,Gaia DR3 1072844970405231104,Gaia DR2 1072844970405231104,\N,43.43,1.45,42.6684,0.0120999999,23.4365
HIP 45963,Gaia DR3 812477352773908608,Gaia DR2 812477352773908608,Gaia DR1 812477451555831936,41.19,1.08,42.6689,0.0197999999,23.4363
HIP 110719,Gaia DR3 6357835488360338560,Gaia DR2 6357835488360338560,\N,60.24,20.25,42.692,0.2478999943,23.4236
HIP 12961,Gaia DR3 5077642283022422656,Gaia DR2 5077642283022422656,Gaia DR1 5077642278726840832,42.01,1.58,42.6929,0.0141000003,23.4231
HIP 98066,Gaia DR3 6754990976787039872,Gaia DR2 6754990976785694336,\N,42.03,0.94,42.7159,0.5537999868,23.4105
HIP 110712,Gaia DR3 6357835694518769408,Gaia DR2 6357835694518769408,\N,43.39,0.96,42.7219,0.0196000002,23.4072
HIP 90959,Gaia DR3 4535144998232287232,Gaia DR2 4535144998232287232,Gaia DR1 4535144993929524736,42.67,1.26,42.7251,0.0142000001,23.4054
HIP 1499,Gaia DR3 2430102808294101760,Gaia DR2 2430102808294101760,\N,42.67,0.85,42.7308,0.0298999995,23.4023
HIP 50156,Gaia DR3 628827128175694976,Gaia DR2 628827128175694976,\N,48.95,1.71,42.7417,0.189199999,23.3964
HIP 3810,Gaia DR3 2781872793183604096,Gaia DR2 2781872793183604096,\N,41.8,0.75,42.7505,0.1116999984,23.3915
HIP 70873,Gaia DR3 1491593733326694912,Gaia DR2 1491593733326694912,\N,42.43,0.59,42.7526,0.0174000002,23.3904
HIP 36635,Gaia DR3 1108529414127974656,Gaia DR2 1108529409830717184,Gaia DR1 1108529409830717184,40.48,2.14,42.759,0.023,23.3869
HIP 106972,Gaia DR3 1800750014779745152,Gaia DR2 1800750014778522240,\N,39.78,3.7,42.8021,0.5033000112,23.3633
HIP 37606,Gaia DR3 5531762678610961664,Gaia DR2 5531762678610961664,\N,41.43,0.81,42.8213,0.3774999976,23.3529
HIP 13258,Gaia DR3 33439176553394048,Gaia DR2 33439176553394048,Gaia DR1 33439206617713792,44.61,1.33,42.8445,0.0252,23.3402
HIP 102766,Gaia DR3 1859954627138933888,Gaia DR2 1859954627138933888,Gaia DR1 1859954622830328320,42.23,0.98,42.8598,0.0179999992,23.3319
HIP 34673,Gaia DR3 3032390401547521024,Gaia DR2 3032390401547521024,Gaia DR1 3032390397243449216,39.4,1.44,42.8656,0.0178999994,23.3287
HIP 45637,Gaia DR3 5300714225746375424,Gaia DR2 5300714225746375424,Gaia DR1 5300714221429136128,42.59,1.09,42.8736,0.0114000002,23.3244
HIP 111983,Gaia DR3 6519227714961476352,Gaia DR2 6519227714961476352,Gaia DR1 6519227710665462912,43.65,1.3,42.878,0.0132999998,23.322
HIP 75798,Gaia DR3 6258382634409906560,Gaia DR2 6258382634409906560,Gaia DR1 6258382561387715072,39.78,2.0,42.8809,0.0211999994,23.3204
HIP 11072,Gaia DR3 5119953517683718400,Gaia DR2 5119953517683718400,\N,45.6,0.82,42.9117,0.4165999889,23.3037
HIP 90496,Gaia DR3 4076915349846977664,Gaia DR2 4076915349748285952,\N,42.2,0.9,42.9198,0.2127999961,23.2993
HIP 89474,Gaia DR3 2115351387048328832,Gaia DR2 2115351387048328832,Gaia DR1 2115351382751264512,44.08,0.51,42.9348,0.0157999992,23.2911
HIP 6917,Gaia DR3 288781167053300480,Gaia DR2 288781167053300480,Gaia DR1 288781162757755008,43.16,0.93,42.9461,0.0749000013,23.285
HIP 49366,Gaia DR3 3766401961693098368,Gaia DR2 3766401961693098368,Gaia DR1 3766401957398155136,43.14,1.11,42.9562,0.0243999995,23.2795
HIP 106400,Gaia DR3 2216158427021654528,Gaia DR2 2216158427021654528,Gaia DR1 2216158422717646336,43.2,0.95,42.9756,0.0127999997,23.269
HIP 27922,Gaia DR3 2966316109264052096,Gaia DR2 2966316109264052096,\N,43.86,1.19,42.9759,0.0154999997,23.2689
HIP 78913,Gaia DR3 1379416712336909440,Gaia DR2 1379416712336909440,Gaia DR1 1379416708040819328,42.57,0.86,43.0188,0.0164000001,23.2457
HIP 114954,Gaia DR3 2384877214983800448,Gaia DR2 2384877214983800448,Gaia DR1 2384877210688388736,47.58,1.99,43.0269,0.0175000001,23.2413
HIP 72622,Gaia DR3 6309703507861332736,\N,\N,42.25,1.05,43.03,0.1899999976,23.2396
HIP 108028,Gaia DR3 1781003885454165888,Gaia DR2 1781003885454165888,Gaia DR1 1781003881159720576,41.71,0.98,43.0319,0.0223999992,23.2386
HIP 56284,Gaia DR3 3547944531854903168,Gaia DR2 3547944531854903168,Gaia DR1 3547944527560319104,43.66,2.55,43.0899,0.0212999992,23.2073
HIP 89490,Gaia DR3 4526778333217510656,Gaia DR2 4526778333217510656,Gaia DR1 4526778328916444160,43.1,2.18,43.1216,0.1724999994,23.1902
HIP 102488,Gaia DR3 1869302503206674304,Gaia DR2 1869302503184405760,\N,45.26,0.53,43.1769,0.9383999705,23.1605
HIP 89348,Gaia DR3 2161275788716592256,Gaia DR2 2161275788716592256,\N,42.56,0.45,43.1837,0.0939999968,23.1569
HIP 73241,Gaia DR3 5901924435035073152,Gaia DR2 5901924435035073152,Gaia DR1 5901924430717349632,40.79,0.86,43.1904,0.1371999979,23.1533
HIP 10542,\N,\N,Gaia DR1 5143341362663177216,44.96,1.69,43.2,1.3200000525,23.1481
HIP 84212,Gaia DR3 4364702279101280256,Gaia DR2 4364702279101280256,\N,47.05,3.27,43.2586,0.3562000096,23.1168
HIP 15099,Gaia DR3 14163878724940672,Gaia DR2 14163878724940672,Gaia DR1 14163874429353728,44.96,1.09,43.2649,0.0252,23.1134
HIP 3813,Gaia DR3 4926529081393983104,Gaia DR2 4926529081393983104,Gaia DR1 4926529077097016192,46.32,2.06,43.2683,0.0144999996,23.1116
HIP 81520,Gaia DR3 5927236979422123264,Gaia DR2 5927236979422123264,Gaia DR1 5927236975095622656,46.13,0.91,43.2721,0.0222999994,23.1096
HIP 11852,Gaia DR3 4644127147661088256,Gaia DR2 4644127147661088256,Gaia DR1 4644127143365405184,44.31,0.8,43.3064,0.0133999996,23.0913
HIP 46417,Gaia DR3 1144584084028819072,Gaia DR2 1144584084028819072,Gaia DR1 1144584457689559296,43.54,1.05,43.3068,0.0160000008,23.0911
HIP 105905,Gaia DR3 6460163255986109056,Gaia DR2 6460163255986109056,Gaia DR1 6460163251690092416,43.12,1.17,43.3617,0.0183000006,23.0618
HIP 59000,Gaia DR3 3518916943846357376,Gaia DR2 3518916943846357376,Gaia DR1 3518916939550517248,44.41,1.51,43.3654,0.0917999968,23.0599
HIP 69357,Gaia DR3 6303961686341504512,Gaia DR2 6303961686341504512,Gaia DR1 6303961682045580416,43.35,1.4,43.3858,0.0258000009,23.049
HIP 54922,\N,\N,Gaia DR1 3538007416345998592,44.12,1.66,43.39,1.2000000477,23.0468
HIP 84379,Gaia DR3 4573412435280434560,Gaia DR2 4573412435276520320,\N,41.55,0.65,43.41,0.150000006,23.0362
HIP 51502,Gaia DR3 1146337324038514176,Gaia DR2 1146337324038514176,\N,46.54,0.55,43.4367,0.5982999802,23.022
HIP 111449,Gaia DR3 6628926642897745664,Gaia DR2 6628926642897745664,\N,43.97,0.75,43.4396,0.0828000009,23.0205
HIP 3008,Gaia DR3 416135846558362112,Gaia DR2 416135846558362112,Gaia DR1 416135842258661248,43.4,1.94,43.4445,0.0164999999,23.0179
HIP 69962,Gaia DR3 3639984066101401344,Gaia DR2 3639984066101401344,\N,46.46,1.73,44.3763,0.7670000196,22.5346
HIP 13772,Gaia DR3 5076269164798851712,\N,\N,44.49,2.55,44.51,2.0899999142,22.4669
HIP 59750,Gaia DR3 3581001280225616128,Gaia DR2 3581001280225616128,\N,44.34,1.01,44.74,0.8100000024,22.3514
HIP 78734,Gaia DR3 6036117973770712448,Gaia DR2 6036117973770712448,\N,43.0,1.95,45.4054,0.5332999825,22.0238
HIP 67808,Gaia DR3 3728535399707693696,Gaia DR2 3728535399707693696,\N,47.95,1.77,45.6154,0.1697999984,21.9224
HIP 15439,Gaia DR3 5046897017332803584,Gaia DR2 5046897017332803584,\N,48.81,2.61,45.8737,0.1706999987,21.799
HIP 1768,\N,Gaia DR2 2323302296085774464,\N,44.57,7.12,45.9535,0.3434999883,21.7611
HIP 63742,Gaia DR3 3677911582262521728,Gaia DR2 3677911582262521728,\N,45.2,1.27,46.1,0.8100000024,21.692
HIP 98416,Gaia DR3 4191794317470513664,Gaia DR2 4191794317470513664,\N,40.75,1.35,46.9328,0.92900002,21.3071
HIP 2762,Gaia DR3 2528433919872925312,Gaia DR2 2528433919872925312,\N,47.51,1.15,47.05,0.6700000167,21.254
HIP 106803,\N,\N,Gaia DR1 6403170375701631616,47.58,5.17,47.06,2.5499999523,21.2495
HIP 105712,\N,Gaia DR2 6399747669021004928,\N,48.86,0.81,48.0625,0.3420000076,20.8062
HIP 61495,Gaia DR3 6131930516518662144,Gaia DR2 6131930516518662144,\N,55.29,9.42,48.2102,0.5963000059,20.7425
HIP 106694,\N,Gaia DR2 1953952391581618432,\N,46.8,3.37,48.2934,0.1827999949,20.7068
HIP 101150,\N,Gaia DR2 1856712201709083136,\N,43.24,4.37,49.0286,0.9089000225,20.3963
HIP 45170,Gaia DR3 607464716759460480,Gaia DR2 607464716759460480,Gaia DR1 607464712464224384,48.83,0.92,49.1493,0.3467000127,20.3462
HIP 104887,Gaia DR3 1964791583368233088,Gaia DR2 1964791583368232832,\N,47.8,0.61,49.16,0.400000006,20.3417
HIP 95149,Gaia DR3 6742873637093574400,Gaia DR2 6742873637093574400,\N,47.95,1.28,50.2864,0.3959000111,19.8861
HIP 70857,Gaia DR3 1721626615421969408,Gaia DR2 1721626615421969408,\N,51.04,0.58,50.7601,0.4339999855,19.7005
HIP 75718,Gaia DR3 6317854874752594048,Gaia DR2 6317854874752594048,\N,50.34,1.11,51.1421,0.7369999886,19.5534
HIP 82396,Gaia DR3 6026152137856166912,\N,\N,49.85,0.81,51.19,0.2199999988,19.5351
HIP 8796,Gaia DR3 299464296907113984,Gaia DR2 299464296906886016,\N,50.87,0.82,51.331,0.5562999845,19.4814
HIP 38910,\N,Gaia DR2 5594041731633230720,\N,54.62,4.31,51.4977,0.554700017,19.4183
HIP 110778,\N,Gaia DR2 2595463996992115840,\N,49.8,2.54,51.5079,0.1296000034,19.4145
HIP 107089,Gaia DR3 6356375508718385024,Gaia DR2 6356375508717699584,\N,47.22,2.9,51.5172,0.6524999738,19.411
HIP 9236,Gaia DR3 4713424658275847168,Gaia DR2 4713424658274227456,\N,45.74,0.55,51.5547,0.8302999735,19.3969
HIP 17750,\N,Gaia DR2 493650660396520064,\N,57.53,2.68,52.3391,0.6474999785,19.1062
HIP 12709,Gaia DR3 84675937371332608,Gaia DR2 84675937371332608,\N,53.89,1.27,53.5579,0.181400001,18.6714
HIP 67620,Gaia DR3 6190970236474307200,Gaia DR2 6190970236474307200,\N,50.2,0.85,53.8785,0.3427000046,18.5603
HIP 42881,\N,Gaia DR2 5522248290957129088,\N,54.68,3.89,53.89,2.2000000477,18.5563
HIP 104858,Gaia DR3 1743871762876699776,Gaia DR2 1743871762876699776,\N,54.11,0.85,54.09,0.6600000262,18.4877
HIP 54872,Gaia DR3 3990320597065899776,\N,\N,56.52,0.83,55.82,0.25,17.9147
HIP 75312,Gaia DR3 1276781047094217216,\N,\N,53.7,1.24,55.98,0.7799999714,17.8635
HIP 65109,Gaia DR3 6165699748417797504,Gaia DR2 6165699748415726848,\N,55.64,0.74,56.0571,1.1146999598,17.839
HIP 64241,Gaia DR3 3937881211045638400,\N,\N,69.81,27.58,56.1,0.8899999857,17.8253
HIP 34052,Gaia DR3 5559266893257154176,Gaia DR2 5559266893257154176,\N,58.89,0.94,57.7938,0.3355000019,17.3029
HIP 45617,Gaia DR3 695614900422221440,\N,\N,57.05,1.08,57.92,0.7599999905,17.2652
HIP 67960,\N,\N,Gaia DR1 6176833914259261568,59.57,2.65,57.93,1.4800000191,17.2622
HIP 11452,Gaia DR3 2515752565074318720,Gaia DR2 2515752565074318720,\N,60.22,1.75,58.33,1.0800000429,17.1438
HIP 118212,Gaia DR3 1927184643563033856,Gaia DR2 1927184643563033856,\N,57.62,2.82,58.4067,0.8984000087,17.1213
HIP 94739,Gaia DR3 6664255566408783872,Gaia DR2 6664255566408783872,\N,63.43,2.16,59.2783,0.6441000104,16.8696
HIP 12351,Gaia DR3 4726387007013852672,Gaia DR2 4726387007013852672,\N,60.51,1.3,59.37,1.2200000286,16.8435
HIP 746,Gaia DR3 423018377034969216,\N,\N,59.89,0.56,59.58,0.3799999952,16.7842
HIP 101955,Gaia DR3 1735416587180214528,Gaia DR2 1735416587178908544,\N,53.82,2.21,59.8,3.4200000763,16.7224
HIP 38382,Gaia DR3 3035507276491946368,\N,\N,59.98,0.95,60.59,0.5899999738,16.5044
HIP 85667,Gaia DR3 4373199682919943808,\N,\N,60.8,1.42,61.19,0.6800000072,16.3425
HIP 108752,Gaia DR3 1775651840806925312,Gaia DR2 1775651840806925312,\N,60.94,2.14,61.79,2.2300000191,16.1838
HIP 77349,Gaia DR3 6268621389764361344,Gaia DR2 6268621389764361344,\N,64.16,2.49,62.5155,0.2773000002,15.996
HIP 34104,Gaia DR3 3046530292874936448,Gaia DR2 3046530292874936448,\N,64.96,2.74,63.5507,0.5142999887,15.7355
HIP 52296,\N,Gaia DR2 5443030196164951168,\N,61.3,2.42,63.9761,0.0544999987,15.6308
HIP 95501,Gaia DR3 4289041379340453376,Gaia DR2 4289041379334773888,\N,65.05,0.81,64.41,1.0,15.5255
HIP 42748,\N,\N,Gaia DR1 598180814236806656,74.95,13.82,64.8,2.3499999046,15.4321
HIP 105199,Gaia DR3 2193192137376175488,\N,\N,66.84,0.49,66.5,0.1099999994,15.0376
HIP 3937,\N,Gaia DR2 2805045756653326080,\N,83.2,9.08,66.8084,0.1229000017,14.9682
HIP 86032,Gaia DR3 4493746564376875520,\N,\N,69.84,0.88,67.13,1.0599999428,14.8965
HIP 35296,Gaia DR3 5510446584122149120,Gaia DR2 5510446511101630208,\N,67.69,0.86,68.52,0.5600000024,14.5943
HIP 67308,\N,\N,Gaia DR1 6171492074455952128,61.07,2.93,69.01,1.3500000238,14.4907
HIP 52190,\N,Gaia DR2 5442691069843124992,\N,68.38,3.76,71.51,2.4800000191,13.9841
HIP 52600,\N,Gaia DR2 776067089642433664,\N,70.87,2.36,72.9871,0.2603000104,13.7011
HIP 16134,Gaia DR3 5101578445000656128,Gaia DR2 5101578445000656128,\N,79.26,2.25,80.04,0.9900000095,12.4938
HIP 55691,Gaia DR3 5334356223546961536,Gaia DR2 5334356223546961536,\N,77.58,1.82,82.5253,1.5119999647,12.1175
HIP 49969,Gaia DR3 3828751074215823872,Gaia DR2 3828751074215823872,\N,81.23,2.37,86.6489,0.701399982,11.5408
HIP 67927,Gaia DR3 1244946371540479616,Gaia DR2 1244946371540223872,\N,88.17,0.75,87.75,1.2400000095,11.396
HIP 72896,\N,Gaia DR2 1266092694561970432,\N,97.83,5.99,87.935,0.1779000014,11.372
HIP 473,\N,\N,Gaia DR1 386653743629274880,85.1,2.74,88.44,1.5599999428,11.3071
HIP 86400,Gaia DR3 4377160604838377600,Gaia DR2 4377160604838377600,\N,93.36,1.25,90.91,0.6700000167,10.9999
HIP 29316,Gaia DR3 3329959136109041536,Gaia DR2 3329959337967090048,\N,92.77,4.56,91.65,3.5,10.9111
HIP 62556,\N,Gaia DR2 1677568527365572224,\N,98.14,1.67,97.91,1.8300000429,10.2135
HIP 84123,\N,Gaia DR2 4367834169251323136,\N,92.58,5.11,98.19,12.0900001526,10.1843
HIP 46706,\N,Gaia DR2 5690031948585514496,\N,94.95,4.31,99.88,3.5999999046,10.012
HIP 94349,Gaia DR3 4268226078065241600,Gaia DR2 4268226078065241600,\N,98.56,2.66,106.2794,1.0634000301,9.4092
HIP 65026,Gaia DR3 1552921051659352960,Gaia DR2 1552921051659352960,\N,96.41,2.02,109.9837,0.8292000294,9.0923
HIP 23452,\N,Gaia DR2 2974726131970829952,\N,117.38,1.81,119.3399,0.1538999975,8.3794
HIP 5496,Gaia DR3 4704272495284592512,Gaia DR2 4704272495284592512,\N,122.86,7.53,121.4487,1.192999959,8.2339
HIP 89937,Gaia DR3 2266693630693936512,Gaia DR2 2266693630693473024,\N,124.11,0.48,124.11,0.8700000048,8.0574
HIP 80346,Gaia DR3 1411178510887026048,Gaia DR2 1411178510887026048,\N,124.34,1.16,127.4785,0.4817999899,7.8445
HIP 106255,Gaia DR3 6894054664842632448,Gaia DR2 6894054664842632448,\N,124.82,28.85,134.0831,1.1124999523,7.4581
HIP 84709,Gaia DR3 5975663422846187008,\N,\N,143.45,17.12,146.29,9.029999733,6.8357
HIP 82817,Gaia DR3 4339465085630200960,Gaia DR2 4339465085630200960,\N,174.23,3.9,161.41,5.6399998665,6.1954
HIP 84140,\N,Gaia DR2 1364668825433454848,\N,158.17,3.26,167.29,5.0199999809,5.9776
HIP 73182,\N,Gaia DR2 6232511675556408320,\N,133.63,33.56,168.77,21.5400009155,5.9252
HIP 1242,Gaia DR3 2368293487261055488,Gaia DR2 2368293487260807040,\N,191.86,17.24,200.53,9.4099998474,4.9868
HIP 30920,\N,Gaia DR2 3117120863523946368,\N,242.89,2.64,242.9659,0.8833000064,4.1158
