HIP,HD,designation,Vmag,RAdeg,DEdeg,RAhms,DEdms,Plx,e_Plx,distance_Plx,pmRA,pmDE,BTmag,VTmag,MV,MV_error,MVt,MVt_error,B_minus_V,BT_minus_VT
HIP 27080,39194,\N,8.09,86.13520683,-70.14658241,05 44 32.45,-70 08 47.7,39.08,0.75,25.5885,-309.03,1239.15,\N,\N,6.049772775233677,0.041678717887439376,\N,\N,0.76,\N
HIP 61722,\N,Gaia DR3 1542896911520969600,12.13,189.76820008,47.04002676,12 39 04.37,+47 02 24.1,39.08,4.64,25.5885,386.77,-121.31,\N,\N,10.089772775233676,0.2590425262401208,\N,\N,\N,\N
HIP 114716,\N,\N,11.99,348.56592592,-56.84719808,23 14 15.82,-56 50 49.9,39.09,2.81,25.582,-414.28,-256.42,\N,\N,9.950328352161236,0.1563668614455942,\N,\N,1.48,\N
HIP 40167,68255,\N,4.67,123.05295353,17.64813756,08 12 12.71,+17 38 53.3,39.11,1.38,25.5689,28.29,-150.94,\N,\N,2.631439079760653,0.07665242891854485,\N,\N,0.531,\N
HIP 64113,\N,\N,11.83,197.10337951,16.97198984,13 08 24.81,+16 58 19.2,39.12,4.13,25.5624,-104.38,-36.79,\N,\N,9.79199423057782,0.23010542329481698,\N,\N,1.575,\N
HIP 51473,\N,\N,11.22,157.71278776,-35.77760747,10 30 51.07,-35 46 39.4,39.16,2.17,25.5363,-334.06,14.81,\N,\N,9.1842134156555,0.12045268491578476,\N,\N,1.446,\N
HIP 16209,\N,\N,11.1,52.21798939,37.38503584,03 28 52.32,+37 23 06.1,39.19,2.52,25.5167,1120.24,-1065.81,\N,\N,9.065876317390517,0.13982319971307078,\N,\N,1.314,\N
HIP 897,\N,\N,10.86,2.76858844,-5.78399441,00 11 04.46,-05 47 02.4,39.19,2.29,25.5167,255.86,10.17,\N,\N,8.825876317390513,0.12703095389485775,\N,\N,1.418,\N
HIP 10312,\N,\N,11.1,33.2112883,-17.68721593,02 12 50.71,-17 41 14.0,39.26,2.63,25.4712,494.4,202.92,\N,\N,9.06975147631994,0.14568360424168603,\N,\N,1.455,\N
HIP 1608,\N,Gaia DR3 2367938722962185088,11.67,5.03456191,-17.06135622,00 20 08.29,-17 03 40.9,39.31,3.03,25.4388,135.85,-9.45,\N,\N,9.64251521910045,0.16770893823833966,\N,\N,1.49,\N
HIP 36853,\N,\N,11.53,113.6625046,22.33786439,07 34 39.00,+22 20 16.3,39.31,3.31,25.4388,169.85,-95.24,\N,\N,9.502515219100449,0.1832773615272396,\N,\N,1.498,\N
HIP 80468,\N,\N,11.87,246.37191811,43.72996989,16 25 29.26,+43 43 47.9,39.35,18.4,25.413,-100.09,119.86,\N,\N,9.84472368347542,1.1009199031546704,\N,\N,\N,\N
HIP 117697,\N,\N,11.69,358.04445748,-19.65459561,23 52 10.67,-19 39 16.5,39.4,3.4,25.3807,-202.14,56.65,\N,\N,9.667481109127872,0.1878531706147113,\N,\N,1.474,\N
HIP 90306,\N,\N,11.28,276.38327301,38.35532929,18 25 31.99,+38 21 19.2,39.4,1.79,25.3807,-76.81,-743.33,\N,\N,9.257481109127871,0.0987211463350457,\N,\N,1.442,\N
HIP 18180,\N,\N,12.13,58.33331726,-37.06378375,03 53 20.00,-37 03 49.6,39.48,2.69,25.3293,-408.8,-1084.85,\N,\N,10.111885719987995,0.1481845329593412,\N,\N,1.45,\N
HIP 62387,\N,\N,12.53,191.79002178,-49.47230003,12 47 09.61,-49 28 20.3,39.48,64.77,25.3293,-13.46,12.45,\N,\N,10.511885719987998,\N,\N,\N,\N,\N
HIP 4328,\N,\N,12.38,13.85453209,-51.83348668,00 55 25.09,-51 50 00.6,39.56,3.38,25.2781,336.08,348.96,\N,\N,10.366281414625709,0.18598369394108705,\N,\N,1.47,\N
HIP 51928,\N,\N,11.98,159.11904377,-28.45424333,10 36 28.57,-28 27 15.3,39.56,3.14,25.2781,-222.0,-6.61,\N,\N,9.96628141462571,0.17271983391530732,\N,\N,1.464,\N
HIP 100111,351880,\N,11.54,304.62751329,19.03105653,20 18 30.60,+19 01 51.8,39.57,32.67,25.2717,-10.01,7.42,\N,\N,9.52683025133014,2.549821616420484,\N,\N,0.448,\N
HIP 34950,55458,\N,8.4,108.47238707,25.01159218,07 13 53.37,+25 00 41.7,39.72,1.29,25.1762,-408.33,-88.88,\N,\N,6.395046199116719,0.0705484620578396,\N,\N,0.827,\N
HIP 48509,\N,\N,12.02,148.39169496,50.75104725,09 53 34.01,+50 45 03.8,39.75,3.27,25.1572,-529.46,18.73,\N,\N,10.016685664962443,0.17903894098766227,\N,\N,1.51,\N
HIP 106972,\N,\N,11.62,324.97580829,27.61262152,21 39 54.19,+27 36 45.4,39.78,3.7,25.1383,280.77,-230.38,\N,\N,9.618323893942089,0.2025575163608817,\N,\N,1.515,\N
HIP 107968,\N,Gaia DR3 2693940725141960192,12.74,328.10570848,2.38950195,21 52 25.37,+02 23 22.2,39.84,4.47,25.1004,23.0,-302.98,\N,\N,10.741596648758303,0.2446667255421513,\N,\N,-0.011,\N
HIP 54513,\N,\N,11.22,167.30181297,-4.60671132,11 09 12.44,-04 36 24.2,39.87,2.45,25.0815,-331.11,-104.93,\N,\N,9.223231178311972,0.13360468965784644,\N,\N,1.446,\N
HIP 21492,\N,\N,12.35,69.24295431,59.36696523,04 36 58.31,+59 22 01.1,39.88,5.06,25.0752,124.2,-139.2,\N,\N,10.353775748198093,0.2770107532544941,\N,\N,\N,\N
HIP 45116,\N,\N,10.94,137.87963821,46.61716909,09 11 31.11,+46 37 01.8,39.89,2.32,25.0689,-352.8,-39.95,\N,\N,8.944320181549198,0.12643539272755788,\N,\N,1.402,\N
HIP 74261,\N,\N,10.63,227.64986131,-42.97627919,15 10 35.97,-42 58 34.6,39.99,2.41,25.0063,-324.71,-291.36,\N,\N,8.63975702066761,0.1310227020705641,\N,\N,1.406,\N
HIP 114066,\N,\N,10.87,346.51923273,63.92635285,23 06 04.62,+63 55 34.9,40.09,1.48,24.9439,171.01,-58.48,\N,\N,8.885180281252609,0.08020055720541475,\N,\N,1.44,\N
HIP 15973,\N,Gaia DR3 4847829165813317504,11.26,51.41432881,-42.98635674,03 25 39.44,-42 59 10.9,40.18,1.9,24.888,322.7,-131.59,\N,\N,9.280049662061153,0.1027595051021919,\N,\N,1.439,\N
HIP 66578,\N,\N,12.79,204.71321916,70.28551338,13 38 51.17,+70 17 07.8,40.33,2.89,24.7954,-403.8,-26.15,\N,\N,10.818141110038091,0.1558723062028875,\N,\N,-0.112,\N
HIP 10688,\N,\N,11.48,34.39039667,-53.98996844,02 17 33.70,-53 59 23.9,40.4,2.95,24.7525,463.81,390.34,\N,\N,9.511906825553028,0.15884319944185954,\N,\N,1.446,\N
HIP 8190,\N,\N,11.42,26.32451293,46.53498099,01 45 17.88,+46 32 05.9,40.43,2.67,24.7341,395.17,214.82,\N,\N,9.453518706668374,0.14361321133675098,\N,\N,1.33,\N
HIP 113201,\N,\N,11.6,343.86276157,-52.30234371,22 55 27.06,-52 18 08.4,40.44,3.02,24.728,140.02,-116.79,\N,\N,9.63405573459482,0.16246484705128772,\N,\N,1.653,\N
HIP 117886,\N,\N,10.8,358.69304607,-21.77482015,23 54 46.33,-21 46 29.4,40.44,2.41,24.728,-42.92,128.48,\N,\N,8.83405573459482,0.1295612521190863,\N,\N,1.431,\N
HIP 60093,\N,\N,10.62,184.85216737,28.38217879,12 19 24.52,+28 22 55.8,40.58,1.94,24.6427,-650.02,76.33,\N,\N,8.661560213486634,0.1038903452695088,\N,\N,1.439,\N
HIP 44263,\N,Gaia DR3 583257319006770176,12.37,135.21031134,5.24204999,09 00 50.47,+05 14 31.4,40.77,6.57,24.5278,-247.74,-207.77,\N,\N,10.421703557260784,0.3530053688423216,\N,\N,1.455,\N
HIP 110922,\N,\N,11.97,337.09753455,-25.90131026,22 28 23.41,-25 54 04.7,40.81,7.66,24.5038,16.67,-340.28,\N,\N,10.023832973866352,0.412473717454918,\N,\N,\N,\N
HIP 17666,23439,\N,7.67,56.75687379,41.43027841,03 47 01.65,+41 25 49.0,40.83,2.24,24.4918,598.96,-1239.94,\N,\N,5.724896899614986,0.11925023297800807,\N,\N,0.796,\N
HIP 80229,\N,\N,11.82,245.67281906,-48.65438229,16 22 41.48,-48 39 15.8,41.01,3.69,24.3843,-588.85,-483.34,\N,\N,9.884448846437424,0.19591472014368438,\N,\N,1.45,\N
HIP 6008,\N,\N,10.8,19.31461024,-13.26331464,01 17 15.51,-13 15 47.9,41.14,2.69,24.3072,366.31,21.12,\N,\N,8.871321436793528,0.14218781629127264,\N,\N,1.447,\N
HIP 113244,\N,\N,11.23,343.98587767,5.75574999,22 55 56.61,+05 45 20.7,41.15,2.65,24.3013,356.62,-269.74,\N,\N,9.301849197741443,0.14003345248899635,\N,\N,1.433,\N
HIP 11650,\N,\N,12.79,37.569093,5.26414062,02 30 16.58,+05 15 50.9,41.15,4.96,24.3013,71.15,-24.6,\N,\N,10.861849197741442,0.2630163477780201,\N,\N,-0.056,\N
HIP 115058,\N,\N,10.92,349.57357828,46.28896124,23 18 17.66,+46 17 20.3,41.19,1.87,24.2777,331.45,136.36,\N,\N,8.993958959782088,0.09865129081842561,\N,\N,1.434,\N
HIP 67761,\N,Gaia DR3 6293916376311538944,11.79,208.22350293,-18.33772485,13 52 53.64,-18 20 15.8,41.19,3.43,24.2777,-282.82,-122.93,\N,\N,9.863958959782089,0.1812439508044692,\N,\N,1.496,\N
HIP 74815,\N,\N,11.08,229.33844896,-27.99716807,15 17 21.23,-27 59 49.8,41.21,3.88,24.266,-64.34,5.83,\N,\N,9.15501307262294,0.20505561345066603,\N,\N,1.366,\N
HIP 1276,\N,\N,11.58,4.00847381,-48.26027238,00 16 02.03,-48 15 37.0,41.32,3.89,24.2014,-46.25,-238.51,\N,\N,9.660801564237914,0.2050366997996811,\N,\N,1.647,\N
HIP 31126,\N,\N,10.58,97.9639012,-43.53397277,06 31 51.34,-43 32 02.3,41.35,2.16,24.1838,-275.0,-27.36,\N,\N,8.662377569442828,0.11353454953653497,\N,\N,1.432,\N
HIP 111932,\N,\N,11.76,340.08783535,7.90175333,22 40 21.08,+07 54 06.3,41.53,20.0,24.079,187.1,-177.12,\N,\N,9.851809655549392,1.1401072131613539,\N,\N,1.433,\N
HIP 93072,\N,\N,10.67,284.3857915,-19.04663555,18 57 32.59,-19 02 47.9,41.56,3.77,24.0616,97.63,115.16,\N,\N,8.7633776944257,0.1975220678541838,\N,\N,1.437,\N
HIP 49376,\N,\N,11.99,151.21152357,-31.09047519,10 04 50.77,-31 05 25.7,41.59,3.13,24.0442,-259.54,-256.8,\N,\N,10.084944601824668,0.16373128743976473,\N,\N,0.938,\N
HIP 47395,\N,Gaia DR3 793785826901083520,11.77,144.85175347,31.75522522,09 39 24.42,+31 45 18.8,41.66,3.97,24.0038,-190.3,-207.7,\N,\N,9.868596328058636,0.20756082830763933,\N,\N,\N,\N
HIP 16445,\N,Gaia DR3 41840029505514496,12.26,52.94631242,14.32323236,03 31 47.11,+14 19 23.6,41.67,9.1,23.9981,37.91,-674.56,\N,\N,10.359117502286391,0.48197351209933004,\N,\N,1.55,\N
HIP 4443,\N,\N,11.13,14.21060461,-11.58825278,00 56 50.55,-11 35 17.7,41.73,2.29,23.9636,-201.75,-239.76,\N,\N,9.232241923558544,0.11928282987038852,\N,\N,1.43,\N
HIP 24472,\N,Gaia DR3 3207120455805080832,11.54,78.78286215,-7.34575425,05 15 07.89,-07 20 44.7,41.94,3.43,23.8436,262.63,-431.62,\N,\N,9.653142130646623,0.17798815160821402,\N,\N,1.52,\N
HIP 98066,188376,\N,4.7,298.95927101,-26.29968718,19 55 50.23,-26 17 58.9,42.03,0.94,23.7925,203.96,74.4,\N,\N,2.8177969500271853,0.04857303105508004,\N,\N,0.748,\N
HIP 18115,\N,\N,11.44,58.09537918,-22.88297082,03 52 22.89,-22 52 58.7,42.09,6.17,23.7586,438.11,197.4,\N,\N,9.560894628740115,0.32062747394375,\N,\N,1.523,\N
HIP 12749,\N,Gaia DR3 5173999736868992512,11.92,40.97021936,-8.82753956,02 43 52.85,-08 49 39.1,42.19,3.45,23.7023,617.59,-754.33,\N,\N,10.046047626909406,0.17796504840771288,\N,\N,1.46,\N
HIP 115680,\N,Gaia DR3 2761162254724651776,10.56,351.55025,8.89331651,23 26 12.06,+08 53 35.9,42.25,2.13,23.6686,519.2,211.67,\N,\N,8.689133566428557,0.10956593386902291,\N,\N,1.461,\N
HIP 112312,\N,Gaia DR3 6603693881832177792,11.7,341.24098947,-33.25018399,22 44 57.84,-33 15 00.7,42.35,3.37,23.6128,183.12,-118.87,\N,\N,9.834267073333628,0.1731609673541028,\N,\N,1.3,\N
HIP 10529,\N,\N,9.91,33.91876882,67.67781871,02 15 40.50,+67 40 40.1,42.46,2.51,23.5516,515.14,-318.06,\N,\N,8.0498999491499,0.12851525979482936,\N,\N,0.461,\N
HIP 85126,\N,Gaia DR3 5979367986779538432,11.64,260.95559928,-32.25302066,17 23 49.34,-32 15 10.9,42.5,4.11,23.5294,-169.15,-615.79,\N,\N,9.78194465025156,0.21065247703795187,\N,\N,1.47,\N
HIP 112388,\N,\N,11.98,341.44229183,1.68984483,22 45 46.15,+01 41 23.4,42.55,4.25,23.5018,201.89,-46.31,\N,\N,10.124497822103034,0.21761769776375406,\N,\N,1.459,\N
HIP 12886,\N,\N,10.8,41.41391698,44.94906212,02 45 39.34,+44 56 56.6,42.59,2.21,23.4797,409.77,-125.87,\N,\N,8.946538200368746,0.1127792484763086,\N,\N,\N,\N
HIP 4189,\N,\N,11.92,13.34933515,-41.23799485,00 53 23.84,-41 14 16.8,42.61,15.51,23.4687,14.99,-198.96,\N,\N,10.06755767100227,0.8283907868789449,\N,\N,1.49,\N
HIP 1386,\N,Gaia DR3 2860379125997924480,11.54,4.33275961,29.18196397,00 17 19.86,+29 10 55.1,42.65,2.77,23.4467,691.13,428.92,\N,\N,9.68959517751771,0.14122995061024568,\N,\N,1.505,\N
HIP 15360,\N,Gaia DR3 5058175086056319616,11.01,49.51707787,-30.40248055,03 18 04.10,-30 24 08.9,42.72,2.53,23.4082,-174.38,-327.09,\N,\N,9.1631562201025,0.12875144337296796,\N,\N,1.451,\N
HIP 6365,\N,Gaia DR3 4933912198895807104,11.48,20.43952009,-46.71418505,01 21 45.48,-46 42 51.1,42.73,3.53,23.4028,-115.92,-79.79,\N,\N,9.633664464085982,0.17979890353535755,\N,\N,1.627,\N
HIP 58170,\N,Gaia DR3 3460347849221303296,12.01,178.95288715,-38.27964825,11 55 48.69,-38 16 46.7,42.82,2.81,23.3536,620.42,-294.68,\N,\N,10.1682333147921,0.14270479348415943,\N,\N,1.477,\N
HIP 738,\N,\N,11.73,2.266269,-27.12235235,00 09 03.90,-27 07 20.5,42.82,2.61,23.3536,696.09,87.88,\N,\N,9.8882333147921,0.13252165927928683,\N,\N,1.493,\N
HIP 89490,348274,\N,10.84,273.93172764,18.93980767,18 15 43.61,+18 56 23.3,43.1,2.18,23.2019,-37.29,-429.37,\N,\N,9.01238635080366,0.10992698285023206,\N,\N,1.5,\N
HIP 63882,\N,\N,11.74,196.37541923,37.13677988,13 05 30.10,+37 08 12.4,43.18,6.95,23.1589,-303.82,-202.49,\N,\N,9.91641318999106,0.3525734264462921,\N,\N,1.637,\N
HIP 67795,\N,\N,12.51,208.30948996,-38.34974431,13 53 14.28,-38 20 59.1,43.23,5.22,23.1321,-385.54,15.3,\N,\N,10.68892617766826,0.26348977945920016,\N,\N,1.5,\N
HIP 20222,\N,\N,11.46,64.99806964,36.48758798,04 19 59.54,+36 29 15.3,43.27,7.18,23.1107,213.95,-454.71,\N,\N,9.640934475993625,0.3636857212835558,\N,\N,1.45,\N
HIP 60970,\N,\N,11.91,187.47891094,36.44537349,12 29 54.94,+36 26 43.3,43.42,3.62,23.0309,142.0,-138.54,\N,\N,10.098449095592008,0.18146060248598594,\N,\N,0.8,\N
HIP 101574,\N,\N,12.14,308.78125264,-51.1477873,20 35 07.50,-51 08 52.0,43.51,8.83,22.9832,98.02,-27.34,\N,\N,10.332945416463586,0.44688657374922336,\N,\N,1.44,\N
HIP 55031,\N,\N,12.3,168.98525455,-48.69069347,11 15 56.46,-48 41 26.5,43.57,35.81,22.9516,-69.26,-29.45,\N,\N,10.49593779967877,2.5246234332823905,\N,\N,\N,\N
HIP 104137,\N,\N,12.13,316.48462631,4.42842441,21 05 56.31,+04 25 42.3,43.63,4.58,22.92,135.46,-169.87,\N,\N,10.328926064934102,0.22879023317421954,\N,\N,1.548,\N
HIP 3143,\N,\N,11.41,9.99346024,-44.25267874,00 39 58.43,-44 15 09.6,43.64,2.59,22.9148,482.8,-222.01,\N,\N,9.609423709581522,0.12902682995655557,\N,\N,1.476,\N
HIP 56284,\N,\N,11.45,173.07873348,-16.96813919,11 32 18.90,-16 58 05.3,43.66,2.55,22.9043,169.71,-234.0,\N,\N,9.650418656865602,0.12697122934588823,\N,\N,1.474,\N
HIP 88976,\N,Gaia DR3 4591351448523805312,11.38,272.41951352,31.86975819,18 09 40.68,+31 52 11.1,43.68,7.73,22.8938,54.4,190.54,\N,\N,9.581413148483405,0.38837177287033064,\N,\N,\N,\N
HIP 79551,\N,Gaia DR3 1322906861255829376,12.23,243.48522252,33.77361984,16 13 56.45,+33 46 25.0,43.82,5.69,22.8206,-263.04,-82.85,\N,\N,10.438361866123431,0.2835653026445337,\N,\N,\N,\N
HIP 96121,\N,Gaia DR3 4287473578816247936,10.42,293.15745654,0.57745578,19 32 37.79,+00 34 38.8,43.86,1.92,22.7998,219.74,23.23,\N,\N,8.630343136707522,0.09511840552299855,\N,\N,1.406,\N
HIP 33805,\N,Gaia DR3 1002898644851988352,10.93,105.27659697,59.83325319,07 01 06.38,+59 49 59.7,43.88,2.21,22.7894,-166.28,9.97,\N,\N,9.141333094513367,0.10945801916810627,\N,\N,1.476,\N
HIP 109670,\N,\N,11.48,333.24839767,-47.38618788,22 12 59.62,-47 23 10.3,44.2,16.43,22.6244,117.12,-87.9,\N,\N,9.70711134674546,0.8477792212117716,\N,\N,0.66,\N
HIP 56936,\N,\N,12.2,175.08296376,67.26666675,11 40 19.91,+67 16 00.0,44.28,2.83,22.5836,262.62,-3157.21,\N,\N,10.431038061033426,0.1389714233798527,\N,\N,1.447,\N
HIP 110951,\N,Gaia DR3 2738145555048846080,10.73,337.19097878,18.93200777,22 28 45.83,+18 55 55.2,44.34,1.81,22.553,166.13,-128.26,\N,\N,8.963978443892348,0.08869080661976891,\N,\N,1.359,\N
HIP 59750,106516,\N,6.11,183.79391146,-10.30993958,12 15 10.54,-10 18 35.8,44.34,1.01,22.553,31.97,-1012.44,\N,\N,4.343978443892347,0.049471505904347346,\N,\N,0.47,\N
HIP 9749,\N,\N,10.88,31.34762968,-28.07075687,02 05 23.43,-28 04 14.7,44.37,1.97,22.5378,340.02,422.12,\N,\N,9.115447143582776,0.09647543215306076,\N,\N,1.4,\N
HIP 32313,\N,Gaia DR3 1113055759899565568,10.92,101.19132778,71.88896431,06 44 45.92,+71 53 20.3,44.43,4.88,22.5073,-118.98,-549.44,\N,\N,9.158381566204357,0.23947128674360574,\N,\N,1.364,\N
HIP 72981,\N,\N,11.28,223.72362192,9.94445916,14 54 53.67,+09 56 40.1,44.46,2.6,22.4921,-317.19,-398.95,\N,\N,9.51984729181486,0.12713174709333686,\N,\N,1.377,\N
HIP 27111,247168,\N,11.35,86.23652511,9.24379111,05 44 56.77,+09 14 37.6,44.67,14.98,22.3864,38.91,-703.76,\N,\N,9.600079762359195,0.7575006260257906,\N,\N,0.699,\N
HIP 1322,\N,\N,12.38,4.15113229,-50.26967557,00 16 36.27,-50 16 10.8,44.82,3.44,22.3115,330.89,273.61,\N,\N,10.637359260995211,0.1669920781076275,\N,\N,1.53,\N
HIP 109537,\N,\N,11.11,332.82130935,41.01466674,22 11 17.11,+41 00 52.8,44.84,3.24,22.3015,-207.31,231.37,\N,\N,9.368328019614678,0.15717782091985022,\N,\N,1.46,\N
HIP 96710,\N,Gaia DR3 6766734242006157568,10.49,294.89971054,-26.75131985,19 39 35.93,-26 45 04.8,44.84,1.91,22.3015,369.39,-263.7,\N,\N,8.748328019614679,0.09255181682274483,\N,\N,1.391,\N
HIP 49526,\N,Gaia DR3 806893276814027008,11.32,151.68346415,41.71563375,10 06 44.03,+41 42 56.3,45.04,2.56,22.2025,-272.32,-414.55,\N,\N,9.587991909216449,0.12355611161770064,\N,\N,1.492,\N
HIP 109821,210918,Gaia DR3 6569895822110445440,6.23,333.65920556,-41.37974331,22 14 38.21,-41 22 47.1,45.19,0.71,22.1288,570.33,-791.08,\N,\N,4.505211706656009,0.034119767408150814,\N,\N,0.648,\N
HIP 6097,\N,\N,11.78,19.56627324,-12.89818577,01 18 15.91,-12 53 53.5,45.22,3.65,22.1141,174.4,-679.14,\N,\N,10.056652790046703,0.1756557863048922,\N,\N,1.44,\N
HIP 5215,\N,Gaia DR3 2783324526489670144,11.45,16.67323507,15.27341418,01 06 41.58,+15 16 24.3,45.24,2.56,22.1043,-112.05,-253.67,\N,\N,9.727612981267088,0.1230087146492167,\N,\N,1.473,\N
HIP 80817,\N,Gaia DR3 4325701192912743424,12.27,247.55578792,-14.66329215,16 30 13.39,-14 39 47.9,45.35,5.06,22.0507,-494.66,-205.17,\N,\N,10.55288645698057,0.24329857512443098,\N,\N,1.474,\N
HIP 110980,\N,Gaia DR3 2702655587447223168,10.51,337.27432832,1.66385679,22 29 05.84,+01 39 49.9,45.69,1.92,21.8866,44.84,-196.61,\N,\N,8.809105790278526,0.0913040871534907,\N,\N,1.431,\N
HIP 114252,\N,\N,10.87,347.08119329,-15.40988872,23 08 19.49,-15 24 35.6,45.75,2.6,21.8579,101.59,-24.15,\N,\N,9.171955492012335,0.12353919591947982,\N,\N,1.397,\N
HIP 14589,\N,\N,10.86,47.10218246,-24.17280917,03 08 24.52,-24 10 22.1,45.83,11.06,21.8198,7.55,-161.97,\N,\N,9.165749286223935,0.5345781077112832,\N,\N,\N,\N
HIP 108890,\N,Gaia DR3 6558265325547297536,12.09,330.86172081,-50.64277735,22 03 26.81,-50 38 34.0,45.87,8.09,21.8007,351.3,-485.99,\N,\N,10.397643700659913,0.3870249685351297,\N,\N,1.57,\N
HIP 92417,\N,Gaia DR3 4279492361332301056,10.73,282.50390954,3.08910317,18 50 00.94,+03 05 20.8,45.88,1.98,21.796,-180.4,-407.12,\N,\N,9.038117046146152,0.09377043508824201,\N,\N,1.446,\N
HIP 96702,\N,Gaia DR3 2263910113928117632,10.94,294.88843753,71.87306594,19 39 33.23,+71 52 23.0,45.88,1.29,21.796,-190.42,-443.71,\N,\N,9.24811704614615,0.06107100974023538,\N,\N,1.48,\N
HIP 81563,\N,Gaia DR3 1413099460779606528,11.88,249.8748842,50.56860064,16 39 29.97,+50 34 07.0,45.89,1.98,21.7912,321.16,-403.03,\N,\N,10.188590288473296,0.09374997594390244,\N,\N,1.77,\N
HIP 90265,336187,Gaia DR3 4536614495522394112,10.85,276.27008362,24.63566838,18 25 04.82,+24 38 08.4,45.91,1.83,21.7817,-41.47,-447.06,\N,\N,9.159536463830104,0.08660207206751824,\N,\N,1.605,\N
HIP 88118,\N,\N,12.05,269.95662066,-57.76889782,17 59 49.59,-57 46 08.0,45.99,18.45,21.7439,-33.99,-24.11,\N,\N,10.36331704787019,0.9229789895656895,\N,\N,\N,\N
HIP 41802,\N,\N,11.19,127.84111183,-6.03369607,08 31 21.87,-06 02 01.3,46.02,6.28,21.7297,-470.79,-48.21,\N,\N,9.504733071663123,0.2981845652336945,\N,\N,1.387,\N
HIP 102300,\N,Gaia DR3 2245095683274908672,11.87,310.92061816,64.28194099,20 43 40.95,+64 16 55.0,46.11,1.76,21.6873,310.37,-100.54,\N,\N,10.18897561109704,0.08292450828550813,\N,\N,1.997,\N
HIP 5410,\N,Gaia DR3 5041018993810217984,12.38,17.30128688,-24.68920246,01 09 12.31,-24 41 21.1,46.11,3.65,21.6873,298.66,22.9,\N,\N,10.698975611097037,0.17225095463195572,\N,\N,1.53,\N
HIP 80612,\N,Gaia DR3 4344429586787123072,10.82,246.88895061,-10.0071135,16 27 33.35,-10 00 25.6,46.19,2.85,21.6497,-206.22,-325.09,\N,\N,9.142739811232737,0.13415388631639935,\N,\N,1.448,\N
HIP 64880,\N,\N,11.28,199.49353344,36.29995254,13 17 58.45,+36 17 59.8,46.25,2.12,21.6216,-71.56,-336.95,\N,\N,9.60555868537526,0.0996053998531563,\N,\N,1.356,\N
HIP 39950,\N,Gaia DR3 676804558572501120,11.84,122.37981064,21.90494855,08 09 31.15,+21 54 17.8,46.27,3.3,21.6123,-318.0,-63.58,\N,\N,10.166497497499485,0.15513391305311863,\N,\N,1.53,\N
HIP 19948,\N,\N,10.91,64.17383394,-12.55691853,04 16 41.72,-12 33 24.9,47.05,6.24,21.254,-74.96,211.24,\N,\N,9.27279813881638,0.2896978136691022,\N,\N,1.512,\N
HIP 84212,\N,\N,11.61,258.21317676,-5.12368193,17 12 51.16,-05 07 25.3,47.05,3.27,21.254,189.07,-695.06,\N,\N,9.97279813881638,0.15116218801324877,\N,\N,1.49,\N
HIP 55625,\N,Gaia DR3 3914019231742221568,11.18,170.93819255,8.5630165,11 23 45.17,+08 33 46.9,47.1,2.37,21.2314,-1003.63,195.34,\N,\N,9.545104535644482,0.10935753047881125,\N,\N,1.482,\N
HIP 112120,\N,Gaia DR3 2832827391830929920,11.78,340.65865688,17.66798381,22 42 38.08,+17 40 04.7,47.13,2.96,21.2179,1106.85,514.8,\N,\N,10.146487198798182,0.13655908107780768,\N,\N,1.501,\N
HIP 15332,\N,Gaia DR3 111379432679196672,11.84,49.43638216,25.25264566,03 17 44.73,+25 15 09.5,47.29,3.44,21.1461,784.25,-364.0,\N,\N,10.213846570077132,0.15823816153836212,\N,\N,1.46,\N
HIP 107317,\N,Gaia DR3 2700417192226894976,12.06,326.05491855,6.64186705,21 44 13.18,+06 38 30.7,47.3,3.84,21.1416,-326.46,-166.9,\N,\N,10.434305703689056,0.17667750426452677,\N,\N,1.522,\N
HIP 102207,\N,Gaia DR3 6857939315643803776,12.38,310.64387351,-20.07641421,20 42 34.53,-20 04 35.1,47.39,4.04,21.1015,354.56,-97.85,\N,\N,10.758433543497006,0.18556855627215274,\N,\N,-0.199,\N
HIP 1842,\N,Gaia DR3 4972971284318252160,11.87,5.82507861,-50.89387237,00 23 18.02,-50 53 37.9,47.4,2.63,21.097,548.11,-0.91,\N,\N,10.248891708370428,0.12060852124991062,\N,\N,1.516,\N
HIP 2762,3196,\N,5.2,8.8110039,-3.59275785,00 35 14.64,-03 35 33.9,47.51,1.15,21.0482,407.68,-36.47,\N,\N,3.583925152096027,0.05257169325810329,\N,\N,0.567,\N
HIP 14165,\N,Gaia DR3 5152365363828101632,11.77,45.65752681,-18.1667224,03 02 37.81,-18 10 00.2,47.81,3.85,20.9161,401.06,163.22,\N,\N,10.167593718478948,0.17524179521461392,\N,\N,1.501,\N
HIP 11439,\N,Gaia DR3 5067008970494311936,10.89,36.8752401,-30.90970391,02 27 30.06,-30 54 34.9,48.01,1.94,20.829,448.03,-73.95,\N,\N,9.29665852984583,0.08779320077330421,\N,\N,1.449,\N
HIP 65669,\N,Gaia DR3 6189329043571426944,11.76,201.97539393,-26.9501473,13 27 54.09,-26 57 00.5,48.04,2.95,20.816,-197.1,-105.32,\N,\N,10.168014993654344,0.133511941652257,\N,\N,1.515,\N
HIP 75722,137778,Gaia DR3 6317854118838346752,7.57,232.05067543,-9.35699504,15 28 12.16,-09 21 25.2,48.06,1.14,20.8073,81.53,-355.85,\N,\N,5.978918832339407,0.051517748309672484,\N,\N,0.868,\N
HIP 30365,\N,\N,11.21,95.79438197,8.90720423,06 23 10.65,+08 54 25.9,48.08,13.63,20.7987,206.42,88.35,\N,\N,9.619822294973416,0.6329158004268542,\N,\N,\N,\N
HIP 8043,\N,Gaia DR3 301785537751949824,10.4,25.81504023,27.84218426,01 43 15.61,+27 50 31.9,48.11,2.01,20.7857,550.97,-33.26,\N,\N,8.811176784512822,0.09077534233116058,\N,\N,1.46,\N
HIP 113850,\N,Gaia DR3 6514632718428652928,10.65,345.83702657,-49.72585578,23 03 20.89,-49 43 33.1,48.15,1.93,20.7684,-33.03,-109.37,\N,\N,9.062981457302769,0.08708594764820621,\N,\N,1.643,\N
HIP 65083,\N,Gaia DR3 3686261307923490688,11.6,200.10360789,-1.65689717,13 20 24.87,-01 39 24.8,48.18,3.05,20.7555,128.79,-250.88,\N,\N,10.014333978311624,0.13764755589048772,\N,\N,1.51,\N
HIP 115126,219834,\N,5.2,349.77712113,-13.45844256,23 19 06.51,-13 27 30.4,48.22,5.25,20.7383,265.64,-44.87,\N,\N,3.616136030207175,0.23736207604109305,\N,\N,0.787,\N
HIP 8382,\N,Gaia DR3 97993497084921984,12.24,27.01565093,21.20726838,01 48 03.76,+21 12 26.2,48.23,4.35,20.734,341.07,-212.9,\N,\N,10.656586309609413,0.19638490716917456,\N,\N,1.695,\N
HIP 54966,\N,Gaia DR3 3558078971047964800,9.97,168.83622206,-18.1433214,11 15 20.69,-18 08 36.0,48.47,15.62,20.6313,319.28,-708.04,\N,\N,8.397365098613797,0.7256372442206684,\N,\N,1.34,\N
HIP 57959,\N,Gaia DR3 3595317540095019520,11.89,178.31745565,-7.37311375,11 53 16.19,-07 22 23.2,48.63,3.34,20.5634,-171.27,-512.35,\N,\N,10.32452134784089,0.14937599034975602,\N,\N,1.54,\N
HIP 15439,\N,\N,11.84,49.7431538,-36.39265929,03 18 58.36,-36 23 33.6,48.81,2.61,20.4876,-162.28,-125.25,\N,\N,10.282544038282609,0.11622524187679151,\N,\N,1.54,\N
HIP 44376,\N,Gaia DR3 585132295569511168,11.74,135.58133004,8.4689795,09 02 19.52,+08 28 08.3,48.92,4.06,20.4415,616.18,-201.54,\N,\N,10.187432241821238,0.18063171178565796,\N,\N,1.427,\N
HIP 5896,7788,\N,4.25,18.93956391,-68.87623708,01 15 45.50,-68 52 34.5,48.94,0.53,20.4332,411.11,127.43,\N,8.439,2.698319825078853,0.023517069308228944,6.887319825078853,0.023517069308228944,0.48,\N
HIP 57459,\N,Gaia DR3 3573119499842945280,11.68,176.6770235,-14.01247378,11 46 42.49,-14 00 44.9,48.95,3.0,20.429,713.78,-786.47,\N,\N,10.128763480695785,0.13325009042766567,\N,\N,1.478,\N
HIP 113602,\N,Gaia DR3 2384000217021721600,11.56,345.13866696,-23.95202473,23 00 33.28,-23 57 07.3,49.15,3.03,20.3459,190.23,-345.1,\N,\N,10.01761761084077,0.13403694035385172,\N,\N,1.526,\N
HIP 113605,\N,Gaia DR3 2383999392388000640,11.6,345.15194834,-23.96878507,23 00 36.47,-23 58 07.6,49.36,3.19,20.2593,195.27,-346.33,\N,\N,10.066875755125928,0.14053211453279957,\N,\N,1.51,\N
HIP 57361,\N,Gaia DR3 3542490095189596544,11.79,176.39308155,-20.35362627,11 45 34.34,-20 21 13.1,49.63,3.55,20.1491,160.5,75.21,\N,\N,10.268721375986615,0.15558965645098155,\N,\N,1.482,\N
HIP 21086,\N,Gaia DR3 3177407910705445888,11.47,67.7880736,-13.5141006,04 31 09.14,-13 30 50.8,49.73,3.24,20.1086,-161.78,-206.99,\N,\N,9.953092296161124,0.14167606688127599,\N,\N,\N,\N
HIP 82396,151680,\N,2.29,252.54268738,-34.29260982,16 50 10.24,-34 17 33.4,49.85,0.81,20.0602,-611.83,-255.87,\N,\N,0.7783258132383732,0.03528680986042687,\N,\N,1.144,\N
HIP 62374,\N,Gaia DR3 1542683331386097280,11.71,191.75683366,46.62666333,12 47 01.64,+46 37 36.0,49.89,2.32,20.0441,-761.46,-297.61,\N,\N,10.20006751969591,0.10105135447703528,\N,\N,\N,\N
HIP 1295,\N,Gaia DR3 2797745549200763520,11.79,4.05910638,19.86228962,00 16 14.19,+19 51 44.2,49.91,21.56,20.0361,721.27,-753.06,\N,\N,10.280937849330613,1.003926797180604,\N,\N,1.485,\N
HIP 94368,\N,\N,11.31,288.10644051,-55.86837187,19 12 25.55,-55 52 06.1,50.04,2.72,19.984,-278.15,-169.46,\N,\N,9.80658650510691,0.11815012729608743,\N,\N,1.45,\N
HIP 1720,\N,Gaia DR3 4978625041828782848,12.21,5.40633478,-46.09173618,00 21 37.52,-46 05 30.3,50.1,3.98,19.9601,-301.15,-359.54,\N,\N,10.709188629336229,0.17286846077729567,\N,\N,1.537,\N
HIP 105336,\N,Gaia DR3 6399966162596931712,10.9,320.04356389,-67.65177667,21 20 10.46,-67 39 06.4,50.15,3.31,19.9402,-429.14,87.68,\N,\N,9.401354686782184,0.1435301700504823,\N,\N,1.45,\N
HIP 102235,\N,Gaia DR3 6858312737278836736,10.8,310.73658394,-18.91626852,20 42 56.78,-18 54 58.6,50.17,13.14,19.9322,605.85,-858.8,\N,\N,9.30222050513876,0.5822965036800714,\N,\N,1.45,\N
HIP 67620,120690,\N,6.43,207.83625055,-24.38977243,13 51 20.70,-24 23 23.2,50.2,0.85,19.9203,-580.93,-244.87,\N,\N,4.933518585725097,0.03677147354318411,\N,\N,0.703,\N
HIP 10072,\N,Gaia DR3 5148602083419126016,11.78,32.39926138,-14.35821908,02 09 35.82,-14 21 29.6,50.34,3.34,19.8649,518.62,-353.0,\N,\N,10.28956605606172,0.14428662306304574,\N,\N,1.517,\N
HIP 108380,\N,Gaia DR3 2724890053318383232,11.02,329.35839099,8.13695772,21 57 26.01,+08 08 13.0,50.43,2.48,19.8295,380.83,103.22,\N,\N,9.533444840795667,0.1068728750634369,\N,\N,1.439,\N
HIP 15844,\N,\N,10.38,51.0264225,23.78534067,03 24 06.34,+23 47 07.2,50.54,4.66,19.7863,217.18,-129.17,\N,\N,8.898176187919482,0.20078917124992213,\N,\N,1.51,\N
HIP 109812,\N,Gaia DR3 1892539307049423872,10.33,333.63147589,27.85389824,22 14 31.55,+27 51 14.0,50.56,1.68,19.7785,-216.18,533.3,\N,\N,8.849035326371643,0.0721799275812991,\N,\N,1.426,\N
HIP 35495,\N,Gaia DR3 893214796542513280,10.06,109.87910788,32.83093125,07 19 30.99,+32 49 51.4,50.59,2.45,19.7668,433.19,-345.22,\N,\N,8.580323397042838,0.1052435736442634,\N,\N,1.42,\N
HIP 1860,\N,Gaia DR3 540136568911394944,11.31,5.87929684,77.18918134,00 23 31.03,+77 11 21.1,50.71,2.72,19.72,-840.75,45.38,\N,\N,9.835468052739364,0.11658606062621146,\N,\N,1.462,\N
HIP 86707,\N,Gaia DR3 4473756480908157184,10.68,265.75278347,5.78947598,17 43 00.67,+05 47 22.1,50.8,3.38,19.685,225.71,-60.54,\N,\N,9.209318561419597,0.14469362763744975,\N,\N,1.507,\N
HIP 36215,\N,Gaia DR3 866016662739803008,11.25,111.86990214,22.04422148,07 27 28.78,+22 02 39.2,50.93,2.71,19.6348,-264.03,-143.72,\N,\N,9.78486838088089,0.11565390784531626,\N,\N,1.495,\N
HIP 112978,\N,Gaia DR3 6609167869190786688,11.82,343.20144081,-28.79451806,22 52 48.35,-28 47 40.3,51.42,2.9,19.4477,-407.77,-277.61,\N,\N,10.37566036153421,0.12259742269477503,\N,\N,1.533,\N
HIP 114719,\N,Gaia DR3 2386898972054841088,10.46,348.56814681,-19.64441927,23 14 16.36,-19 38 39.9,51.44,5.79,19.4401,447.7,57.87,\N,\N,9.01650479958083,0.2454574100951783,\N,\N,1.449,\N
HIP 23140,\N,Gaia DR3 259731623173675904,10.97,74.68968885,50.94464233,04 58 45.53,+50 56 40.7,51.51,2.45,19.4137,502.53,-335.69,\N,\N,9.529457749402896,0.10336099282374889,\N,\N,1.432,\N
HIP 81655,\N,Gaia DR3 1328078796458810240,11.45,250.20414758,36.31626548,16 40 49.00,+36 18 58.6,51.88,4.66,19.2753,-140.17,179.29,\N,\N,10.024999837060212,0.1955745535269804,\N,\N,\N,\N
HIP 104059,\N,Gaia DR3 6882393725554653056,11.45,316.22474842,-16.95391715,21 04 53.94,-16 57 14.1,52.26,3.06,19.1351,-914.54,-2035.65,\N,\N,10.040847026956534,0.1272926716747813,\N,\N,1.443,\N
HIP 94557,\N,Gaia DR3 4516199313406309504,11.56,288.66474349,19.31664395,19 14 39.54,+19 18 59.9,52.45,2.75,19.0658,-617.43,434.84,\N,\N,10.158727462647882,0.11395672248966715,\N,\N,1.5,\N
HIP 42267,\N,Gaia DR3 657608666099404544,11.8,129.28347985,15.13148708,08 37 08.04,+15 07 53.4,52.66,15.21,18.9897,-118.98,-892.76,\N,\N,10.407404273850249,0.6455650678899536,\N,\N,1.563,\N
HIP 84277,\N,Gaia DR3 4359809585500446720,12.0,258.41968314,-8.41977523,17 13 40.72,-08 25 11.2,52.76,4.18,18.9538,-422.77,-409.97,\N,\N,10.61152393437164,0.17239988085456126,\N,\N,1.548,\N
HIP 112800,\N,Gaia DR3 1891459758430361088,11.72,342.65460662,34.85529109,22 50 37.11,+34 51 19.0,52.82,3.04,18.9322,843.72,315.16,\N,\N,10.333991984354526,0.12511509773103047,\N,\N,1.523,\N
HIP 7646,\N,Gaia DR3 2510475768254568832,11.6,24.62349663,0.65118329,01 38 29.64,+00 39 04.3,52.95,2.92,18.8857,512.97,162.07,\N,\N,10.21932982221752,0.11987042119188729,\N,\N,1.496,\N
HIP 18915,25329,Gaia DR3 219057458247921536,8.51,60.80733764,35.27659465,04 03 13.76,+35 16 35.7,54.14,1.08,18.4706,1732.49,-1365.5,\N,\N,7.177591257172439,0.04332289164233538,\N,\N,0.863,\N
HIP 116645,\N,Gaia DR3 6536984484150014720,11.95,354.57190246,-41.51722214,23 38 17.26,-41 31 02.0,54.15,3.39,18.4672,210.07,-198.1,\N,\N,10.617992304806696,0.13612061032910017,\N,\N,1.551,\N
HIP 84084,\N,\N,12.25,257.85253534,-38.40958029,17 11 24.61,-38 24 34.5,54.25,56.24,18.4332,101.97,31.97,\N,\N,10.921998712602836,\N,\N,\N,\N,\N
HIP 42881,\N,\N,10.65,131.09582438,-44.4727867,08 44 23.00,-44 28 22.0,54.68,3.89,18.2882,137.83,104.33,\N,\N,9.339142529478924,0.1547425279984065,\N,\N,1.432,\N
HIP 54227,\N,Gaia DR3 3868080055385587840,12.37,166.4282228,10.23765432,11 05 42.77,+10 14 15.6,54.9,4.62,18.2149,618.85,-698.39,\N,\N,11.06786172225046,0.18316913380975564,\N,\N,1.572,\N
HIP 1734,\N,Gaia DR3 2316867885320845696,11.16,5.48333925,-31.40558641,00 21 56.00,-31 24 20.1,54.91,2.19,18.2116,61.82,-200.07,\N,\N,9.858257218546886,0.0866517666497364,\N,\N,1.485,\N
HIP 26394,39091,Gaia DR3 4623036865373793408,5.65,84.28663598,-80.4716745,05 37 08.79,-80 28 18.0,54.92,0.45,18.2083,311.97,1050.19,\N,\N,4.348652642823588,0.01779287059700385,\N,\N,0.6,\N
HIP 84460,\N,Gaia DR3 4540061704989418240,11.01,259.00299442,11.0585144,17 16 00.72,+11 03 30.7,55.24,2.22,18.1028,-137.67,-349.04,\N,\N,9.72126834953297,0.08731474564713526,\N,\N,1.773,\N
HIP 43510,\N,Gaia DR3 659951725379878272,11.54,132.93476871,18.12510546,08 51 44.34,+18 07 30.4,55.46,3.5,18.031,-897.6,-55.17,\N,\N,10.259899326209217,0.1372208311250116,\N,\N,1.481,\N
HIP 65012,\N,Gaia DR3 1473166433840437888,12.03,199.89345734,35.10894812,13 19 34.43,+35 06 32.2,55.48,39.3,18.0245,380.37,-783.48,\N,\N,10.750682262006238,1.9193454677178217,\N,\N,1.47,\N
HIP 60398,\N,Gaia DR3 1584088431025057792,11.63,185.75439425,64.02991823,12 23 01.05,+64 01 47.7,55.5,2.27,18.018,-667.21,375.52,\N,\N,10.35146491561338,0.08886475342164513,\N,\N,1.61,\N
HIP 65877,\N,Gaia DR3 3630035787972473600,12.31,202.55955416,-8.57370307,13 30 14.29,-08 34 25.3,55.5,3.77,18.018,-1107.17,-475.43,\N,\N,11.03146491561338,0.1477311220748394,\N,\N,0.026,\N
HIP 55848,99492,Gaia DR3 3812355294262255104,7.58,171.69459817,3.00586353,11 26 46.70,+03 00 21.1,55.59,3.31,17.9888,-730.15,191.17,\N,\N,6.304983370192801,0.1294492896964874,\N,\N,1.002,\N
HIP 1696,\N,Gaia DR3 4978671015158662528,10.41,5.33150549,-45.74443728,00 21 19.56,-45 44 40.0,55.68,2.02,17.9598,70.29,-815.44,\N,\N,9.138496133012527,0.07881286204952787,\N,\N,1.475,\N
HIP 61413,\N,Gaia DR3 3903318372263850368,11.4,188.75404727,9.82926595,12 35 00.97,+09 49 45.4,55.79,2.75,17.9244,-449.22,-319.41,\N,\N,10.132781807051844,0.10712300675264164,\N,\N,1.429,\N
HIP 80440,\N,Gaia DR3 6051948158061617024,10.4,246.30568812,-21.93654138,16 25 13.37,-21 56 11.5,55.81,2.19,17.9179,-574.06,-341.08,\N,\N,9.133560112583304,0.0852529597901901,\N,\N,1.444,\N
HIP 93825,177474,\N,4.23,286.60433158,-37.06275714,19 06 25.04,-37 03 45.9,55.89,1.94,17.8923,96.93,-279.67,\N,\N,2.9666705480795263,0.07540435821166325,\N,\N,0.523,\N
HIP 56466,\N,Gaia DR3 3540112504374165888,11.16,173.65977286,-23.8701581,11 34 38.35,-23 52 12.6,56.35,2.06,17.7462,-605.74,-295.99,\N,\N,9.914469601910628,0.07941841146003537,\N,\N,1.505,\N
HIP 8691,\N,Gaia DR3 2460983348274381696,11.8,27.95145439,-10.80215939,01 51 48.35,-10 48 07.8,56.35,3.05,17.7462,568.32,-537.78,\N,\N,10.554469601910627,0.11764808988655329,\N,\N,1.475,\N
HIP 7170,\N,Gaia DR3 5042734468172061440,11.16,23.11071865,-21.90296705,01 32 26.57,-21 54 10.7,56.42,2.12,17.7242,-588.41,-888.25,\N,\N,9.917165409096738,0.08163222127231506,\N,\N,1.492,\N
HIP 34392,\N,Gaia DR3 1102868303634261632,11.17,106.96195688,67.20141656,07 07 50.87,+67 12 05.1,56.51,2.19,17.696,-290.0,-43.59,\N,\N,9.930626536489497,0.08419584993792206,\N,\N,1.499,\N
HIP 103393,\N,Gaia DR3 6913810483612308480,11.87,314.20029476,-4.84643951,20 56 48.07,-04 50 47.2,56.56,4.03,17.6803,786.98,-219.52,\N,\N,10.632547003944216,0.15498387923355317,\N,\N,1.49,\N
HIP 523,\N,Gaia DR3 4899957905439568256,12.17,1.5787602,-65.83919547,00 06 18.90,-65 50 21.1,56.92,2.73,17.5685,195.8,-552.5,\N,\N,10.946324457061236,0.10422824248492457,\N,\N,1.55,\N
HIP 73734,\N,Gaia DR3 1615982823805660544,11.0,226.08033108,60.38415455,15 04 19.28,+60 23 03.0,56.94,1.44,17.5623,-654.95,177.55,\N,\N,9.777087314054684,0.05492776882329853,\N,\N,1.5,\N
HIP 111571,214100,Gaia DR3 2653762573103102592,9.98,339.04021314,-0.84015099,22 36 09.65,-00 50 24.5,57.04,1.77,17.5316,48.76,-630.0,\N,\N,8.760897584219046,0.06740428705065593,\N,\N,1.411,\N
HIP 106557,\N,Gaia DR3 2171727299589482112,12.01,323.70795231,51.53634769,21 34 49.91,+51 32 10.9,57.37,2.59,17.4307,456.12,310.81,\N,\N,10.803424249412206,0.09809899064574878,\N,\N,1.8,\N
HIP 53947,\N,\N,11.35,165.57518647,16.50970179,11 02 18.04,+16 30 34.9,57.46,25.52,17.4034,-12.81,-186.07,\N,\N,10.146828108279646,1.0365962967262252,\N,\N,1.6,\N
HIP 84893,156897,Gaia DR3 4115142207982341504,4.39,260.25087615,-21.11243499,17 21 00.21,-21 06 44.8,57.48,0.93,17.3974,262.01,-204.74,\N,\N,3.187583797310941,0.03513649244555017,\N,\N,0.394,\N
HIP 14731,\N,Gaia DR3 4267552520347776,11.82,47.56476606,5.91011097,03 10 15.54,+05 54 36.4,57.53,4.24,17.3822,-128.26,-551.33,\N,\N,10.619471870127498,0.16032970274195524,\N,\N,1.5,\N
HIP 17743,\N,Gaia DR3 3270590765246119168,11.05,56.99303501,2.78885403,03 47 58.33,+02 47 19.9,57.59,2.56,17.3641,-386.87,-431.31,\N,\N,9.851735392649534,0.09659029716176715,\N,\N,1.495,\N
HIP 15366,275122,Gaia DR3 235383247412615936,10.29,49.52978849,38.25345803,03 18 07.15,+38 15 12.4,57.75,2.19,17.316,443.77,-570.41,\N,\N,9.097759942820913,0.082386253860121,\N,\N,1.449,\N
HIP 77514,\N,Gaia DR3 1404213517041788800,12.84,237.40258187,51.04852013,15 49 36.62,+51 02 54.7,57.78,3.37,17.307,-366.65,277.03,\N,\N,11.648887687540892,0.12679433866599954,\N,\N,2.2,\N
HIP 117966,\N,Gaia DR3 2442996678074668288,11.14,358.91691017,-6.14162219,23 55 40.06,-06 08 29.8,57.97,11.8,17.2503,-476.09,-391.03,\N,\N,9.95601650185386,0.4482721210700067,\N,\N,1.465,\N
HIP 34361,\N,Gaia DR3 2929062902976882304,11.11,106.84499498,-21.45707442,07 07 22.80,-21 27 25.5,58.04,2.46,17.2295,195.2,-210.99,\N,\N,9.928637018828493,0.09209208052778983,\N,\N,1.44,\N
HIP 46488,\N,Gaia DR3 5745027080665197696,12.1,142.22259268,-7.36932122,09 28 53.42,-07 22 09.6,58.17,4.02,17.191,-165.77,-711.79,\N,\N,10.92349531899184,0.15030523963046072,\N,\N,1.512,\N
HIP 69285,\N,Gaia DR3 6124711741640147712,10.77,212.74033121,-31.29063408,14 10 57.68,-31 17 26.3,58.18,2.14,17.188,-320.7,126.71,\N,\N,9.593868584555205,0.0799080156199512,\N,\N,\N,\N
HIP 46509,81997,Gaia DR3 3837697972130323456,4.59,142.28682816,-2.76895627,09 29 08.84,-02 46 08.2,58.48,3.8,17.0999,100.93,-3.15,\N,4.922,3.425036819749021,0.14130024500074523,3.757036819749022,0.14130024500074523,0.411,\N
HIP 118200,\N,Gaia DR3 2746709861572970624,11.78,359.63583351,7.65940573,23 58 32.60,+07 39 33.9,58.62,2.92,17.059,78.85,-312.68,\N,\N,10.620229070512083,0.10825574184427733,\N,\N,1.5,\N
HIP 54658,\N,\N,10.92,167.83326608,43.41841593,11 11 19.98,+43 25 06.3,59.01,3.92,16.9463,-633.95,-443.77,\N,\N,9.774628073194997,0.14446239843541075,\N,\N,1.632,\N
HIP 66182,\N,\N,12.96,203.46586742,-53.43178743,13 33 51.81,-53 25 54.4,59.1,114.46,16.9205,219.59,-150.35,\N,\N,11.817937404406278,\N,\N,\N,\N,\N
HIP 53953,\N,\N,11.64,165.58049645,16.50864841,11 02 19.32,+16 30 31.1,59.31,12.56,16.8606,-32.62,-183.41,\N,\N,10.505639620166676,0.4669150741205286,\N,\N,1.454,\N
HIP 26081,\N,Gaia DR3 3223516063958808064,11.53,83.4372323,1.94577889,05 33 44.94,+01 56 44.8,59.45,3.88,16.8209,-241.34,-156.61,\N,\N,10.400759294773554,0.1419227281048494,\N,\N,1.576,\N
HIP 52186,\N,Gaia DR3 3774789959807192064,11.28,159.92077456,-6.92349597,10 39 40.99,-06 55 24.6,59.46,2.94,16.818,-715.86,-107.83,\N,\N,10.151124524344596,0.10745609126475753,\N,\N,1.503,\N
HIP 63550,\N,Gaia DR3 5863130980814698112,10.92,195.33396963,-63.19405194,13 01 20.15,-63 11 38.6,59.46,2.13,16.818,-392.01,-410.51,\N,\N,9.791124524344596,0.07782065578894759,\N,\N,1.49,\N
HIP 80268,\N,Gaia DR3 6049221163063960320,10.23,245.78276639,-24.70813989,16 23 07.86,-24 42 29.3,59.46,2.05,16.818,-346.54,-676.58,\N,\N,9.101124524344597,0.0748954503903212,\N,\N,1.458,\N
HIP 92451,\N,Gaia DR3 6631770869026896512,10.74,282.6105529,-62.05117896,18 50 26.53,-62 03 04.2,59.94,2.17,16.6834,90.39,59.71,\N,\N,9.628583693048132,0.07864790426034496,\N,\N,1.48,\N
HIP 117059,\N,Gaia DR3 2871730307948650368,13.11,355.96196546,32.54646133,23 43 50.87,+32 32 47.3,60.11,11.58,16.6362,-218.02,-70.23,\N,\N,12.004733639843083,0.4236207226768762,\N,\N,1.55,\N
HIP 39987,\N,Gaia DR3 5320435203722048768,11.74,122.4939594,-52.96979883,08 09 58.55,-52 58 11.3,60.23,2.33,16.603,-516.02,669.19,\N,\N,10.639064315852902,0.08404544081088883,\N,\N,1.523,\N
HIP 82099,\N,Gaia DR3 4558856584955186432,11.74,251.55815985,16.47914545,16 46 13.96,+16 28 44.9,60.34,3.39,16.5728,-344.3,-464.94,\N,\N,10.643026529194849,0.12212547516186589,\N,\N,2.4,\N
HIP 117383,\N,Gaia DR3 1940584323054654592,12.06,357.01075418,49.01574852,23 48 02.58,+49 00 56.7,60.56,3.24,16.5125,626.93,69.67,\N,\N,10.97092933246008,0.11628624248963959,\N,\N,1.63,\N
HIP 6005,\N,Gaia DR3 5013816835621197440,11.31,19.31392861,-35.71547383,01 17 15.34,-35 42 55.7,60.61,2.38,16.4989,90.94,-175.85,\N,\N,10.22272142005005,0.0853120456046188,\N,\N,1.51,\N
HIP 5812,\N,Gaia DR3 4915139584039259392,11.16,18.64205953,-53.94286996,01 14 34.09,-53 56 34.3,60.76,1.94,16.4582,104.27,310.9,\N,\N,10.078088825953744,0.06935630164916518,\N,\N,1.637,\N
HIP 108752,\N,\N,10.65,330.45336272,16.4670778,22 01 48.81,+16 28 01.5,60.94,2.14,16.4096,392.28,154.0,\N,\N,9.574512249433276,0.07628589645181627,\N,\N,1.498,\N
HIP 16069,21749,Gaia DR3 4673947174316727040,8.08,51.74482544,-63.49849914,03 26 58.76,-63 29 54.6,61.07,1.42,16.3747,356.99,-247.77,\N,\N,7.009139599979328,0.0505001916526191,\N,\N,1.13,\N
HIP 81018,\N,Gaia DR3 4459548626016199168,12.13,248.19020337,12.61310688,16 32 45.65,+12 36 47.2,61.08,5.13,16.372,-766.82,-139.2,\N,\N,11.059495141921918,0.18280874254237123,\N,\N,1.47,\N
HIP 4927,\N,\N,11.36,15.80724267,20.09773584,01 03 13.74,+20 05 51.8,61.23,5.26,16.3319,671.78,44.46,\N,\N,10.294821297178665,0.18700256511165136,\N,\N,1.59,\N
HIP 31300,\N,Gaia DR3 5482827676662168832,11.62,98.46009459,-58.53039331,06 33 50.42,-58 31 49.4,61.28,1.89,16.3185,-400.0,795.86,\N,\N,10.55659378312274,0.06699387904336529,\N,\N,1.5,\N
HIP 47619,\N,Gaia DR3 5677606810060597248,11.94,145.64986317,-19.23423153,09 42 35.97,-19 14 03.2,61.35,3.22,16.2999,-471.85,-214.09,\N,\N,10.879072835315116,0.11407615862362874,\N,\N,1.525,\N
HIP 17405,\N,Gaia DR3 43335537119385216,10.83,55.93813416,16.66802202,03 43 45.15,+16 40 04.9,61.4,2.37,16.2866,158.99,-313.21,\N,\N,9.77084185570584,0.08385908441515078,\N,\N,1.47,\N
HIP 17695,\N,Gaia DR3 3250328209054347264,11.59,56.84681692,-1.97154152,03 47 23.24,-01 58 17.5,61.45,3.02,16.2734,186.74,-271.77,\N,\N,10.532609436112365,0.1068044597520954,\N,\N,1.511,\N
HIP 65520,\N,Gaia DR3 6188331614726318720,11.04,201.45477509,-28.37373355,13 25 49.15,-28 22 25.4,61.5,2.29,16.2602,-451.52,-105.12,\N,\N,9.984375578877083,0.08089385267115023,\N,\N,1.522,\N
HIP 105932,\N,Gaia DR3 6898272528885931008,11.09,321.8201662,-6.84330192,21 27 16.84,-06 50 35.9,61.57,2.61,16.2417,24.98,-403.33,\N,\N,10.03684576795741,0.09210559477122526,\N,\N,1.5,\N
HIP 91608,\N,Gaia DR3 4105386688016878336,10.63,280.23901878,-13.37797768,18 40 57.36,-13 22 40.7,61.63,2.09,16.2259,-91.74,-669.7,\N,\N,9.578960838653378,0.0736673420459697,\N,\N,1.505,\N
HIP 35821,\N,Gaia DR3 974536192658255104,10.56,110.8124864,46.08799054,07 23 15.00,+46 05 16.8,61.68,1.91,16.2127,-117.05,-239.55,\N,\N,9.510721825214503,0.06726392287482952,\N,\N,1.442,\N
HIP 56238,\N,Gaia DR3 3980560507224374400,10.31,172.93234431,22.66706057,11 31 43.76,+22 40 01.4,61.76,1.56,16.1917,-583.38,31.11,\N,\N,9.2635364366384,0.05486103733123482,\N,\N,1.439,\N
HIP 61291,109200,Gaia DR3 5856411869205581568,7.13,188.38442385,-68.75504919,12 33 32.26,-68 45 18.2,61.83,0.63,16.1734,-545.37,-311.73,\N,\N,6.085996232494378,0.022126394371546176,\N,\N,0.836,\N
HIP 110526,\N,\N,10.7,335.87051591,32.45993621,22 23 28.92,+32 27 35.8,62.18,10.01,16.0823,251.26,-207.57,\N,\N,9.668253588535864,0.35264051272741526,\N,\N,1.57,\N
HIP 49091,\N,Gaia DR3 5463554406059006336,11.43,150.29784725,-30.39171436,10 01 11.48,-30 23 30.2,62.33,2.35,16.0436,-1098.13,646.19,\N,\N,10.403485634459994,0.08190887452713813,\N,\N,1.485,\N
HIP 110400,\N,Gaia DR3 6404403585367962752,12.11,335.42922717,-65.52618602,22 21 43.01,-65 31 34.3,62.4,3.67,16.0256,-72.18,148.85,\N,\N,11.08592294841212,0.12786076491340204,\N,\N,1.653,\N
HIP 65352,116442,Gaia DR3 3712538708114516736,7.06,200.91311092,2.72284228,13 23 39.15,+02 43 22.2,62.41,1.41,16.0231,13.4,198.62,\N,\N,6.036270912904415,0.04906741211681176,\N,\N,0.78,\N
HIP 82256,\N,Gaia DR3 5805810454276181120,11.36,252.10593351,-72.97479207,16 48 25.42,-72 58 29.3,62.66,2.1,15.9591,-480.82,-531.34,\N,\N,10.344951952728431,0.07280243397329933,\N,\N,1.6,\N
HIP 8709,\N,Gaia DR3 356922880493142016,12.44,28.01232553,47.00155059,01 52 02.96,+47 00 05.6,63.08,3.79,15.8529,1.23,124.11,\N,\N,11.439458423284329,0.13062468213734135,\N,\N,0.17,\N
HIP 98906,\N,Gaia DR3 2185710338703934976,11.98,301.26398477,54.43642895,20 05 03.36,+54 26 11.1,63.23,6.44,15.8153,-1165.35,-899.95,\N,\N,10.984615909066092,0.22193485462777485,\N,\N,1.524,\N
HIP 36850,60179,\N,1.58,113.65001898,31.88863645,07 34 36.00,+31 53 19.1,63.27,1.23,15.8053,-206.33,-148.18,\N,\N,0.5859891722957453,0.04221981373425088,\N,\N,0.034,\N
HIP 114411,\N,Gaia DR3 2379962604166006016,11.27,347.56366641,-25.93136597,23 10 15.28,-25 55 52.9,63.73,3.17,15.6912,716.81,19.43,\N,\N,10.291719592399328,0.10810062818951671,\N,\N,1.566,\N
HIP 48477,\N,Gaia DR3 3823307284773157248,10.53,148.29933992,-3.68899298,09 53 11.84,-03 41 20.4,63.81,1.84,15.6715,-103.34,-460.01,\N,\N,9.554443723111955,0.06263308568954873,\N,\N,1.503,\N
HIP 114233,\N,Gaia DR3 2661803855688028800,10.9,347.02781318,3.32836789,23 08 06.68,+03 19 42.1,63.85,2.04,15.6617,492.52,254.78,\N,\N,9.92580450799717,0.06940190988927775,\N,\N,1.49,\N
HIP 111391,\N,Gaia DR3 6623761137270596992,11.25,338.50230691,-25.24169067,22 34 00.55,-25 14 30.1,63.98,2.55,15.6299,-122.39,-302.87,\N,\N,10.280221178740442,0.08659252031621456,\N,\N,1.494,\N
HIP 77349,\N,\N,11.27,236.85350085,-10.89563601,15 47 24.84,-10 53 44.3,64.16,2.49,15.586,-326.12,-356.06,\N,\N,10.306321776380535,0.08431551330893328,\N,\N,1.565,\N
HIP 27435,38858,Gaia DR3 3023711269067191296,5.97,87.14543446,-4.09408727,05 48 34.90,-04 05 38.7,64.25,1.19,15.5642,62.39,-230.65,\N,6.39,5.009365660016661,0.040223310628451525,5.429365660016661,0.040223310628451525,0.639,\N
HIP 42762,\N,Gaia DR3 598180646733241216,11.83,130.71706848,9.5545968,08 42 52.10,+09 33 16.5,64.56,3.92,15.4895,223.69,-616.13,\N,\N,10.879817608570068,0.13201139761274927,\N,\N,1.55,\N
HIP 69578,\N,\N,12.1,213.62812474,-61.79940836,14 14 30.75,-61 47 57.9,64.68,46.97,15.4607,-14.12,-16.11,\N,\N,11.15385005617182,1.999100415543455,\N,\N,\N,\N
HIP 34104,\N,\N,10.95,106.07408227,-10.50682727,07 04 17.78,-10 30 24.6,64.96,2.74,15.3941,-118.4,-817.34,\N,\N,10.013230081165595,0.0916466547811492,\N,\N,1.535,\N
HIP 61706,\N,Gaia DR3 3928391218812375808,11.49,189.72137356,11.69676063,12 38 53.13,+11 41 48.3,65.04,2.76,15.3752,-1156.18,-244.87,\N,\N,10.55590266293006,0.09220272492745174,\N,\N,1.475,\N
HIP 99438,\N,Gaia DR3 6749419923164242816,12.18,302.73782769,-30.21790202,20 10 57.08,-30 13 04.4,65.06,3.85,15.3704,-345.6,-250.49,\N,\N,11.246570294729176,0.12864967603875233,\N,\N,0.07,\N
HIP 56662,\N,Gaia DR3 4019458647338779648,12.49,174.2716818,29.79955309,11 37 05.20,+29 47 58.4,65.28,3.61,15.3186,-146.9,-5.91,\N,\N,11.563900728729022,0.12020559081460735,\N,\N,-0.072,\N
HIP 6069,\N,Gaia DR3 2564324345929277184,11.02,19.4716633,5.4754696,01 17 53.20,+05 28 31.7,65.3,14.87,15.3139,88.17,-629.73,\N,\N,10.094565906375369,0.5033072885956367,\N,\N,1.478,\N
HIP 34115,\N,Gaia DR3 1103079616027292416,11.95,106.10581565,68.28866968,07 04 25.40,+68 17 19.2,65.44,2.88,15.2812,346.92,54.34,\N,\N,11.029216453316334,0.09562779407289224,\N,\N,1.527,\N
HIP 37853,63077,Gaia DR3 5588607120530408832,5.36,116.39657467,-34.17655092,07 45 35.18,-34 10 35.6,65.79,0.56,15.1999,-220.83,1722.89,\N,\N,4.450799431985927,0.018483871694917386,\N,\N,0.589,\N
HIP 108159,\N,Gaia DR3 6561146458331160320,11.99,328.6899285,-46.99184596,21 54 45.58,-46 59 30.6,66.12,3.51,15.124,-311.69,-365.58,\N,\N,11.091664224497048,0.11538172847615868,\N,\N,1.56,\N
HIP 34069,53706,Gaia DR3 5559265690666327168,6.83,105.99585067,-43.61228317,07 03 59.00,-43 36 44.2,66.29,6.81,15.0852,-103.02,396.46,\N,\N,5.9372400950876525,0.22386604276985977,\N,\N,0.779,\N
HIP 19394,\N,Gaia DR3 4780294722094459904,11.79,62.3110205,-53.37511256,04 09 14.64,-53 22 30.4,66.82,2.01,14.9656,1043.71,581.95,\N,\N,10.914532356510565,0.06533937025145597,\N,\N,1.48,\N
HIP 84521,\N,Gaia DR3 4395113396338721024,11.49,259.1714384,8.0585547,17 16 41.15,+08 03 30.8,66.92,2.86,14.9432,-280.74,-67.09,\N,\N,10.617779661451785,0.09286007696072218,\N,\N,1.517,\N
HIP 79431,\N,Gaia DR3 6245870673116518784,11.34,243.17399821,-18.87499082,16 12 41.76,-18 52 30.0,67.13,3.55,14.8965,24.12,-210.89,\N,\N,10.474583235924602,0.11494004313993145,\N,\N,1.486,\N
HIP 12261,\N,Gaia DR3 4726357491998516480,12.36,39.46958019,-58.75358168,02 37 52.70,-58 45 12.9,67.2,3.03,14.881,78.97,206.57,\N,\N,11.496846365269128,0.09797657281274219,\N,\N,\N,\N
HIP 111766,\N,\N,11.5,339.61911518,-65.37811571,22 38 28.59,-65 22 41.2,67.44,6.47,14.828,833.28,-160.26,\N,\N,10.644587808083427,0.20896751814154158,\N,\N,1.593,\N
HIP 116003,\N,Gaia DR3 2391670474561181440,11.09,352.55517617,-20.39046404,23 30 13.24,-20 23 25.7,67.57,7.83,14.7995,314.51,-208.13,\N,\N,10.238769594624875,0.2527653190041619,\N,\N,1.5,\N
HIP 35296,57095,\N,6.7,109.37323947,-46.98066437,07 17 29.58,-46 58 50.4,67.69,0.86,14.7732,-18.46,585.03,\N,7.437,5.852622570486292,0.027589995004595913,6.589622570486292,0.027589995004595913,0.975,\N
HIP 103388,\N,Gaia DR3 6890353330746858368,11.38,314.19424722,-10.44580703,20 56 46.62,-10 26 44.9,67.71,10.55,14.7689,-24.44,-1109.77,\N,\N,10.533264068987124,0.34111905861432135,\N,\N,1.563,\N
HIP 52190,\N,\N,11.02,159.93420037,-37.92011347,10 39 44.21,-37 55 12.4,68.38,3.76,14.6242,189.48,-129.43,\N,\N,10.19464548230288,0.11952296075179802,\N,\N,1.529,\N
HIP 99150,\N,Gaia DR3 6748796396992580352,12.19,301.93658522,-31.7521597,20 07 44.78,-31 45 07.8,68.49,5.17,14.6007,290.03,-753.34,\N,\N,11.36813583104949,0.16422702082143914,\N,\N,1.56,\N
HIP 82926,\N,\N,11.18,254.20216085,-39.09365955,16 56 48.52,-39 05 37.2,68.71,5.02,14.5539,65.79,-109.38,\N,\N,10.365099742704542,0.15893246254359283,\N,\N,1.51,\N
HIP 74190,\N,Gaia DR3 1155276250492687616,11.46,227.39976594,3.1656499,15 09 35.94,+03 09 56.3,68.99,2.63,14.4949,-601.06,482.52,\N,\N,10.653930724732971,0.08281984830890288,\N,\N,1.511,\N
HIP 70475,\N,Gaia DR3 1175938925836488448,12.23,216.23192023,8.88723465,14 24 55.66,+08 53 14.0,69.73,4.28,14.341,546.31,158.16,\N,\N,11.447098326024593,0.13345188330655944,\N,\N,1.613,\N
HIP 104644,\N,Gaia DR3 6579894402894605824,11.98,317.95581262,-43.61197308,21 11 49.40,-43 36 43.1,69.76,4.06,14.3349,215.97,-688.32,\N,\N,11.198032359622555,0.12652167824964433,\N,\N,1.586,\N
HIP 64241,114378,\N,4.32,197.49812263,17.52911621,13 09 59.55,+17 31 44.8,69.81,27.58,14.3246,-445.95,129.69,\N,\N,3.539588190031962,0.9072332110218957,\N,\N,0.455,\N
HIP 70865,\N,Gaia DR3 1229089524081628416,10.67,217.37640041,15.52948103,14 29 30.34,+15 31 46.1,70.06,2.25,14.2735,-1053.37,1300.01,\N,\N,9.89735066490837,0.06976154289216918,\N,\N,1.471,\N
HIP 10617,\N,Gaia DR3 4971681351020953088,12.02,34.16971499,-30.98900065,02 16 40.73,-30 59 20.4,70.16,2.88,14.2531,683.13,251.49,\N,\N,11.25044790178992,0.0891869543409669,\N,\N,1.583,\N
HIP 112909,\N,Gaia DR3 1889703529122914560,11.66,342.97156518,31.75433773,22 51 53.18,+31 45 15.6,70.3,2.71,14.2248,527.01,-50.59,\N,\N,10.89477662509912,0.08374975499323511,\N,\N,1.5,\N
HIP 103910,\N,Gaia DR3 6456884409233519360,12.88,315.80970266,-56.96429043,21 03 14.33,-56 57 51.4,70.51,5.16,14.1824,-357.97,353.22,\N,\N,12.121253573385212,0.15919535512751004,\N,\N,1.653,\N
HIP 47741,\N,Gaia DR3 646818024623804416,12.08,145.98330214,26.96924933,09 43 55.99,+26 58 09.3,70.59,3.97,14.1663,-581.58,-99.99,\N,\N,11.323715909478418,0.12225317747691733,\N,\N,1.542,\N
HIP 65714,\N,\N,11.23,202.08746,-2.35910065,13 28 20.99,-02 21 32.8,70.62,2.4,14.1603,151.08,-486.61,\N,\N,10.474638566135392,0.07382528385582532,\N,\N,1.539,\N
HIP 38082,\N,Gaia DR3 672091364541849344,11.46,117.06451337,20.37053697,07 48 15.48,+20 22 13.9,70.74,2.66,14.1363,1451.22,-989.83,\N,\N,10.708325277393666,0.08169128209884668,\N,\N,1.51,\N
HIP 10812,\N,Gaia DR3 4966414930843912320,11.59,34.78776199,-36.77942028,02 19 09.06,-36 46 45.9,71.56,2.99,13.9743,1394.12,549.99,\N,\N,10.863351659476676,0.09078374580909632,\N,\N,1.51,\N
HIP 116317,\N,Gaia DR3 2644439955745152512,11.16,353.51630754,0.18168871,23 34 03.91,+00 10 54.1,71.56,4.77,13.9743,-997.02,-936.24,\N,\N,10.433351659476678,0.14495954729215743,\N,\N,1.454,\N
HIP 12097,\N,Gaia DR3 87921523897823872,10.68,38.97146537,20.2202253,02 35 53.15,+20 13 12.8,71.6,1.89,13.9665,251.92,-140.35,\N,\N,9.954565111539278,0.057332911607851145,\N,\N,1.47,\N
HIP 56157,\N,Gaia DR3 3592769731134725248,11.98,172.67514083,-8.09590028,11 30 42.03,-08 05 45.2,71.64,4.02,13.9587,-354.75,262.48,\N,\N,11.25577788588497,0.12197792631743809,\N,\N,1.548,\N
HIP 116215,221503,Gaia DR3 2395031273585836288,8.59,353.20496028,-16.84511194,23 32 49.19,-16 50 42.4,71.7,1.36,13.947,343.55,-217.65,\N,\N,7.867595778339,0.04119325973743537,\N,\N,1.29,\N
HIP 78353,\N,Gaia DR3 4347870370990204928,10.49,239.97192634,-8.25314327,15 59 53.26,-08 15 11.3,71.84,1.91,13.9198,204.3,-23.15,\N,\N,9.77183161829624,0.057746241024903,\N,\N,1.497,\N
HIP 109638,\N,Gaia DR3 2723557788822526720,11.99,333.14950918,8.55485737,22 12 35.88,+08 33 17.5,71.97,4.34,13.8947,116.05,-661.45,\N,\N,11.275757513437464,0.13110516532277128,\N,\N,1.553,\N
HIP 93206,\N,Gaia DR3 6662167868705713664,11.13,284.78052202,-48.27326531,18 59 07.33,-48 16 23.8,72.07,2.52,13.8754,154.68,-494.09,\N,\N,10.41877261029721,0.07595868205966116,\N,\N,1.446,\N
HIP 52596,\N,Gaia DR3 5454500168322239872,11.22,161.31963968,-30.80692469,10 45 16.71,-30 48 24.9,72.19,2.45,13.8523,-29.91,-233.36,\N,\N,10.512385209066704,0.07372421924621442,\N,\N,1.503,\N
HIP 103800,\N,Gaia DR3 6910371005081903488,11.23,315.49490141,-6.31766657,21 01 58.78,-06 19 03.6,72.37,2.86,13.8179,-229.21,-445.23,\N,\N,10.527792863130268,0.08585943327387469,\N,\N,1.527,\N
HIP 66077,\N,\N,11.38,203.1851521,16.81138664,13 32 44.44,+16 48 41.0,72.66,40.63,13.7627,252.95,-221.83,\N,\N,10.686476967633478,1.3715865953315252,\N,\N,1.54,\N
HIP 79537,145417,Gaia DR3 5835113573101867520,7.53,243.45619759,-57.56708117,16 13 49.49,-57 34 01.5,72.75,0.82,13.7457,-853.99,-1410.79,\N,\N,6.839164988289725,0.02447673935428263,\N,\N,0.815,\N
HIP 50341,\N,Gaia DR3 3765772972322477696,10.99,154.19249019,-11.96031015,10 16 46.20,-11 57 37.1,72.79,2.37,13.7382,-417.27,-604.17,\N,\N,10.300358596899972,0.07072687673580713,\N,\N,1.506,\N
HIP 15638,\N,Gaia DR3 567659818855055488,11.21,50.3350302,79.96656492,03 21 20.41,+79 57 59.6,72.8,1.63,13.7363,410.35,284.79,\N,\N,10.520656896565187,0.048627632912365826,\N,\N,1.59,\N
HIP 19337,281621,Gaia DR3 170639948323693952,10.18,62.15429045,33.63673008,04 08 37.03,+33 38 12.2,73.01,2.19,13.6968,524.64,126.47,\N,\N,9.496911742203938,0.06515479542387492,\N,\N,1.495,\N
HIP 103441,\N,Gaia DR3 1838855376946302720,11.98,314.35362622,22.36324373,20 57 24.87,+22 21 47.7,73.24,3.24,13.6537,773.07,-211.88,\N,\N,11.303741678148295,0.09612459813446694,\N,\N,1.533,\N
HIP 87938,\N,Gaia DR3 1350714133093019904,11.79,269.46241105,46.58724154,17 57 50.98,+46 35 14.1,73.75,1.84,13.5593,-17.74,575.75,\N,\N,11.128810123251004,0.05418764147038235,\N,\N,1.56,\N
HIP 60910,\N,Gaia DR3 3902745286187581312,11.99,187.24149764,8.42614568,12 28 57.96,+08 25 34.1,73.77,3.67,13.5556,-634.01,-258.24,\N,\N,11.329398917291895,0.10811831583419718,\N,\N,1.668,\N
HIP 46769,\N,Gaia DR3 798914636327665536,10.19,142.98535329,36.32150319,09 31 56.48,+36 19 17.4,73.88,2.02,13.5355,-207.2,-524.86,\N,\N,9.532634433841018,0.05938640756712399,\N,\N,1.475,\N
HIP 83762,\N,Gaia DR3 4568060562432051584,11.61,256.78241673,21.55408273,17 07 07.78,+21 33 14.7,73.94,3.01,13.5245,-465.66,-29.36,\N,\N,10.95439723118544,0.08844666079741614,\N,\N,1.56,\N
HIP 15220,\N,\N,10.53,49.05558125,58.1681699,03 16 13.34,+58 10 05.4,74.29,6.3,13.4608,431.2,-324.95,\N,\N,9.88465179174348,0.184590286495105,\N,\N,1.43,\N
HIP 107711,\N,\N,11.52,327.29637525,-41.55787029,21 49 11.13,-41 33 28.3,74.42,41.23,13.4372,948.19,-471.79,\N,\N,10.878448328427575,1.355345961745086,\N,\N,1.57,\N
HIP 67593,\N,\N,13.31,207.75601036,23.76362602,13 51 01.44,+23 45 49.1,76.2,107.46,13.1234,2281.92,5369.43,\N,\N,12.719774856698002,\N,\N,\N,\N,\N
HIP 36915,\N,Gaia DR3 985610542491481984,11.36,113.84164068,54.84968136,07 35 21.99,+54 50 58.9,76.31,2.56,13.1044,-121.45,16.47,\N,\N,10.772907267772256,0.07287454043956032,\N,\N,1.591,\N
HIP 4569,\N,Gaia DR3 5032683355641241472,11.77,14.61282693,-27.85630511,00 58 27.08,-27 51 22.7,76.32,2.88,13.1027,1293.37,-298.93,\N,\N,11.183191808480192,0.0819812834907685,\N,\N,1.558,\N
HIP 13218,\N,Gaia DR3 4741883764414703232,10.72,42.54102469,-53.14019279,02 50 09.85,-53 08 24.7,76.45,1.46,13.0804,-117.39,502.88,\N,\N,10.136887448741696,0.041474626872310516,\N,\N,1.51,\N
HIP 76832,\N,Gaia DR3 1706907487621086464,12.22,235.31124781,75.99463559,15 41 14.70,+75 59 40.7,76.57,2.27,13.0599,777.67,-759.83,\N,\N,11.640293235469692,0.06439450461707441,\N,\N,1.65,\N
HIP 67090,\N,Gaia DR3 1244644727396803584,9.79,206.27001884,17.78989211,13 45 04.80,+17 47 23.6,76.7,1.46,13.0378,451.03,-1831.59,\N,\N,9.213976819744904,0.04133940958093785,\N,\N,1.42,\N
HIP 60444,\N,\N,11.19,185.88679784,67.18861012,12 23 32.83,+67 11 19.0,77.01,5.72,12.9853,236.96,-121.73,\N,\N,10.62273561695553,0.16158602403596234,\N,\N,\N,\N
HIP 24608,34029,\N,0.08,79.17206517,45.99902927,05 16 41.30,+45 59 56.5,77.29,0.89,12.9383,75.52,-427.13,\N,\N,-0.479383463510457,0.025005768801346306,\N,\N,0.795,\N
HIP 95326,\N,\N,12.39,290.91222473,-39.18916047,19 23 38.93,-39 11 21.0,77.71,57.93,12.8684,101.74,-21.62,\N,\N,11.842384544800854,2.09040373461222,\N,\N,\N,\N
HIP 41824,\N,Gaia DR3 662732046688476288,11.9,127.9071697,19.39451047,08 31 37.72,+19 23 40.2,78.05,5.69,12.8123,-229.48,-87.35,\N,\N,11.36186453699218,0.1585859959185889,\N,\N,1.85,\N
HIP 111313,\N,Gaia DR3 2717105133036645760,10.36,338.25794972,9.37763447,22 33 01.91,+09 22 39.5,78.07,2.45,12.809,537.93,140.05,\N,\N,9.822420896823438,0.06816773297525014,\N,\N,1.501,\N
HIP 59406,\N,Gaia DR3 3517841209157902720,11.67,182.79954834,-19.96012739,12 11 11.89,-19 57 36.5,78.14,2.8,12.7975,-214.86,-183.44,\N,\N,11.13436703444383,0.07784396047074793,\N,\N,1.558,\N
HIP 25953,\N,Gaia DR3 3338162729799839104,11.55,83.06151141,9.8213408,05 32 14.76,+09 49 16.8,78.3,3.37,12.7714,-177.94,-219.44,\N,\N,11.018808810289718,0.09351705747600292,\N,\N,1.637,\N
HIP 24284,\N,Gaia DR3 3407785622839603968,10.82,78.17522082,19.6650702,05 12 42.05,+19 39 54.3,78.5,8.94,12.7389,275.09,238.42,\N,\N,10.294348283726263,0.24837643902742812,\N,\N,1.55,\N
HIP 91430,\N,Gaia DR3 4103671243754951296,11.28,279.68616017,-14.48917969,18 38 44.68,-14 29 21.0,78.52,2.87,12.7356,110.63,-569.18,\N,\N,10.754901454639844,0.07940529030513321,\N,\N,1.556,\N
HIP 16134,21531,\N,8.39,51.96697135,-19.80522105,03 27 52.07,-19 48 18.8,79.26,2.25,12.6167,537.17,303.87,\N,\N,7.885270339990855,0.061659424366119264,\N,\N,1.337,\N
HIP 36338,\N,Gaia DR3 3060641356390249728,11.47,112.18825996,-3.29622688,07 28 45.18,-03 17 46.4,79.65,2.61,12.5549,435.61,-794.36,\N,\N,10.975928900685751,0.07118107764169501,\N,\N,1.486,\N
HIP 55042,304043,Gaia DR3 5339892367684811520,11.66,169.01203145,-57.55053464,11 16 02.89,-57 33 01.9,79.71,2.8,12.5455,-2465.03,1179.06,\N,\N,11.1675640456497,0.07630943940045576,\N,\N,1.49,\N
HIP 51007,\N,Gaia DR3 3767878708888402816,10.15,156.29686702,-10.22898726,10 25 11.25,-10 13 44.4,80.07,1.8,12.4891,-689.12,120.68,\N,\N,9.667349142535851,0.048823641424188935,\N,\N,1.459,\N
HIP 171,224930,Gaia DR3 2853900872207888768,5.8,0.54018776,27.08448905,00 02 09.65,+27 05 04.2,80.63,3.03,12.4023,778.59,-918.72,\N,\N,5.332483298996765,0.08164034746605742,\N,\N,0.69,\N
HIP 22762,\N,Gaia DR3 2979590513145784192,10.9,73.4572069,-17.7718526,04 53 49.73,-17 46 18.7,80.89,1.97,12.3625,408.76,-644.35,\N,\N,10.439474177081417,0.05289463095530422,\N,\N,1.547,\N
HIP 84790,\N,Gaia DR3 1348028919540189056,11.37,259.96871107,41.71582141,17 19 52.49,+41 42 57.0,80.98,1.77,12.3487,285.5,-822.44,\N,\N,10.911888862161977,0.04746997289482646,\N,\N,1.56,\N
HIP 35191,\N,Gaia DR3 883439489632629120,10.83,109.08250709,27.14297445,07 16 19.80,+27 08 34.7,81.05,2.42,12.3381,-37.74,-195.76,\N,\N,10.37376509592267,0.0648553445874489,\N,\N,1.52,\N
HIP 49969,\N,\N,10.64,153.01828324,-2.68327061,10 12 04.39,-02 40 59.8,81.23,2.37,12.3107,521.57,-601.35,\N,\N,10.188582266171723,0.06337376175453002,\N,\N,1.566,\N
HIP 104432,\N,Gaia DR3 6885776098199761024,10.87,317.32082857,-13.29765532,21 09 17.00,-13 17 51.6,82.33,2.4,12.1462,710.44,-1995.17,\N,\N,10.447790577057605,0.06331848359251513,\N,\N,1.49,\N
HIP 15330,20766,Gaia DR3 4722111590409480064,5.53,49.43528798,-62.57689893,03 17 44.47,-62 34 36.8,82.51,0.54,12.1197,1337.83,648.71,\N,\N,5.112532935575778,0.01421175425198351,\N,\N,0.641,\N
HIP 22627,\N,Gaia DR3 3288082758293022848,11.94,73.02350646,6.47729317,04 52 05.64,+06 28 38.3,82.52,3.99,12.1183,146.09,-310.14,\N,\N,11.522796096505571,0.10507678641276463,\N,\N,1.59,\N
HIP 15371,20807,Gaia DR3 4722135642226902656,5.24,49.54640411,-62.50793537,03 18 11.14,-62 30 28.6,82.79,0.53,12.0788,1331.1,646.84,\N,\N,4.829889412964542,0.013901390256380264,\N,\N,0.6,\N
HIP 84794,\N,Gaia DR3 4574048021719710848,11.26,259.97645029,26.49999989,17 19 54.35,+26 30 00.0,83.01,6.03,12.0467,-221.17,348.97,\N,\N,10.855652069303073,0.15801811142019861,\N,\N,1.628,\N
HIP 84099,\N,Gaia DR3 1341113541156480768,11.54,257.89412267,38.44286912,17 11 34.59,+38 26 34.3,83.13,2.13,12.0294,211.77,-44.85,\N,\N,11.13878890250947,0.05565077358115911,\N,\N,\N,\N
HIP 3937,\N,\N,12.01,12.63797991,24.81682158,00 50 33.12,+24 49 00.6,83.2,9.08,12.0192,198.46,-41.74,\N,\N,11.610616631453622,0.2379304380054883,\N,\N,\N,\N
HIP 9291,\N,Gaia DR3 505516521175942784,12.21,29.84648007,58.52160775,01 59 23.16,+58 31 17.8,83.2,3.68,12.0192,321.81,-195.33,\N,\N,11.81061663145362,0.09610860213878691,\N,\N,1.54,\N
HIP 61941,110379,Gaia DR3 3683687763520080384,2.74,190.41667557,-1.44952231,12 41 40.00,-01 26 58.3,84.53,1.18,11.8301,-616.66,60.66,\N,\N,2.375054344878256,0.030314727345952974,\N,\N,0.368,\N
HIP 107556,207098,Gaia DR3 6838311796136238976,2.85,326.75952199,-16.12656595,21 47 02.29,-16 07 35.6,84.58,0.88,11.8231,263.26,-296.23,\N,\N,2.4863384040544085,0.022593576219793743,\N,\N,0.18,\N
HIP 98681,\N,\N,9.92,300.64939243,-50.04937722,20 02 35.85,-50 02 57.8,84.75,11.17,11.7994,334.48,-311.41,\N,\N,9.5606985343756,0.2878734664892093,\N,\N,\N,\N
HIP 21000,\N,\N,9.83,67.55216585,5.29852669,04 30 12.52,+05 17 54.7,84.76,4.74,11.798,106.9,119.86,\N,\N,9.470954740193786,0.12156122068233444,\N,\N,0.6,\N
HIP 47650,\N,Gaia DR3 1071195187567668480,11.19,145.72030897,70.04005591,09 42 52.87,+70 02 24.2,86.69,2.24,11.5354,-668.7,-263.78,\N,\N,10.879845014757263,0.05612159602159039,\N,\N,1.488,\N
HIP 36627,\N,Gaia DR3 898506166187633280,11.82,112.98964545,36.23045504,07 31 57.51,+36 13 49.6,87.15,4.85,11.4745,-258.15,-254.27,\N,\N,11.52133695723006,0.12096998033321427,\N,\N,1.567,\N
HIP 48659,\N,Gaia DR3 5657274198660921472,12.04,148.84970832,-27.26093136,09 55 23.93,-27 15 39.4,87.26,3.1,11.46,-103.67,-154.24,\N,\N,11.744076043254005,0.07717623859665412,\N,\N,1.635,\N
HIP 97241,\N,Gaia DR3 2034628782438989440,10.61,296.45614527,32.38665088,19 45 49.47,+32 23 11.9,87.57,4.8,11.4194,387.66,193.87,\N,\N,10.321776748538383,0.11914497106003097,\N,\N,\N,\N
HIP 29052,\N,Gaia DR3 2911981886751531648,11.87,91.93273415,-25.74436845,06 07 43.86,-25 44 39.7,87.64,2.61,11.4103,-184.15,-203.97,\N,\N,11.58351184444334,0.06468757875286357,\N,\N,1.6,\N
HIP 67164,\N,Gaia DR3 6294928369390563968,11.81,206.46209637,-17.96688325,13 45 50.90,-17 58 00.8,87.73,4.26,11.3986,-311.6,-549.35,\N,\N,11.525740646792814,0.10552551339160399,\N,\N,1.542,\N
HIP 47513,\N,Gaia DR3 614543647497149056,10.38,145.29481658,13.20991003,09 41 10.76,+13 12 35.7,88.06,1.98,11.3559,-664.26,-141.54,\N,\N,10.103893405617535,0.04883307001542114,\N,\N,1.49,\N
HIP 91699,\N,Gaia DR3 2090085056523454464,11.27,280.49684034,31.83046912,18 41 59.24,+31 49 49.7,88.14,2.27,11.3456,-303.3,8.59,\N,\N,10.995865230869502,0.055937515861672615,\N,\N,1.579,\N
HIP 8051,\N,Gaia DR3 2560771312759450496,10.93,25.83510906,4.32351508,01 43 20.43,+04 19 24.7,88.86,1.99,11.2537,-420.14,-763.36,\N,\N,10.67353154452426,0.04863777532766633,\N,\N,1.525,\N
HIP 95071,\N,Gaia DR3 4201781696994073472,12.28,290.14566329,-7.6662911,19 20 34.96,-07 39 58.6,89.08,7.16,11.2259,-54.81,-160.23,\N,\N,12.028901041810006,0.17491417675008236,\N,\N,0.07,\N
HIP 22738,\N,\N,10.73,73.37945078,-55.86048727,04 53 31.07,-55 51 37.8,89.47,3.55,11.1769,132.86,73.93,\N,\N,10.488387186716505,0.08620516705004366,\N,\N,1.58,\N
HIP 48331,85512,Gaia DR3 5412947081295024896,7.67,147.77783557,-43.50163788,09 51 06.68,-43 30 05.9,89.67,0.82,11.152,461.28,-472.87,\N,\N,7.433235848794717,0.01985789017964068,\N,\N,1.156,\N
HIP 83599,\N,Gaia DR3 4364480521350598144,10.08,256.30965695,-5.09148544,17 05 14.32,-05 05 29.3,89.7,28.71,11.1483,-921.19,-1128.23,\N,\N,9.84396221522046,0.7203243693936914,\N,\N,1.476,\N
HIP 70975,\N,Gaia DR3 6324308389531786112,11.92,217.75585171,-12.29512776,14 31 01.40,-12 17 42.5,89.76,3.47,11.1408,-405.22,-400.16,\N,\N,11.685414219560434,0.08398803807919197,\N,\N,1.591,\N
HIP 78072,142860,Gaia DR3 1193030490492925824,3.85,239.11247598,15.66473327,15 56 26.99,+15 39 53.0,89.92,0.72,11.121,311.2,-1282.17,\N,\N,3.619281491124929,0.01738760619804447,\N,\N,0.478,\N
HIP 3093,3651,Gaia DR3 2802397960855105920,5.88,9.84206107,21.2513739,00 39 22.09,+21 15 04.9,90.03,0.72,11.1074,-461.07,-370.88,\N,\N,5.651936250722577,0.017366360854408125,\N,\N,0.85,\N
HIP 57050,\N,Gaia DR3 772430527947893632,11.86,175.43788953,42.7521914,11 41 45.09,+42 45 07.9,90.66,3.03,11.0302,-579.67,-89.54,\N,\N,11.647078573613346,0.07260106814162182,\N,\N,1.503,\N
HIP 82257,\N,Gaia DR3 1431783457574556672,12.24,252.10618044,59.05701864,16 48 25.48,+59 03 25.3,91.13,2.33,10.9733,139.33,-292.09,\N,\N,12.038306851367476,0.05553202727423301,\N,\N,0.16,\N
HIP 10138,13445,Gaia DR3 4937000898856156288,6.12,32.60000721,-50.82531507,02 10 24.00,-50 49 31.1,91.63,0.61,10.9135,2092.84,654.32,\N,\N,5.930188432825062,0.01445615779067122,\N,\N,0.812,\N
HIP 16536,\N,Gaia DR3 4846689899968623744,11.47,53.23380442,-44.70227047,03 32 56.11,-44 42 08.2,92.05,2.05,10.8637,-311.83,131.21,\N,\N,11.290118964200168,0.048367784969830296,\N,\N,1.56,\N
HIP 37217,\N,Gaia DR3 5715352842388433664,11.68,114.66947798,-21.22342385,07 38 40.67,-21 13 24.3,92.15,2.99,10.8519,454.24,-474.49,\N,\N,11.502476697775464,0.07048271818920604,\N,\N,1.588,\N
HIP 84123,\N,\N,11.45,257.96906084,-1.85097191,17 11 52.57,-01 51 03.5,92.58,5.11,10.8015,-534.66,-326.41,\N,\N,11.28258588223396,0.11997745769451829,\N,\N,1.6,\N
HIP 29316,\N,\N,10.41,92.72819625,10.32031841,06 10 54.77,+10 19 13.1,92.77,4.56,10.7793,57.62,-926.7,\N,\N,10.247037782987364,0.10682225324384742,\N,\N,1.45,\N
HIP 14101,\N,\N,10.4,45.46502827,-16.59263281,03 01 51.61,-16 35 33.5,92.97,38.04,10.7562,-361.17,-304.4,\N,\N,10.241714154794728,0.9437371190491088,\N,\N,\N,\N
HIP 115332,\N,Gaia DR3 2817999068780218368,11.7,350.40740164,17.29374687,23 21 37.78,+17 17 37.5,93.5,3.58,10.6952,-536.53,-1385.25,\N,\N,11.554058054362589,0.0831836735872784,\N,\N,1.524,\N
HIP 33142,\N,Gaia DR3 1003752587430126464,11.01,103.51517922,60.87417353,06 54 03.64,+60 52 27.0,94.02,2.18,10.636,494.25,-991.36,\N,\N,10.87610123426117,0.050357992459787226,\N,\N,1.552,\N
HIP 56244,\N,Gaia DR3 5382868669400908928,11.55,172.94611808,-41.04685396,11 31 47.07,-41 02 48.7,95.46,2.59,10.4756,-715.84,170.73,\N,\N,11.449107150151129,0.05893038113942417,\N,\N,1.635,\N
HIP 10279,\N,Gaia DR3 2515037264041041536,10.04,33.09173956,3.58012318,02 12 22.02,+03 34 48.4,96.28,1.8,10.3864,-1761.07,-1852.82,\N,\N,9.957680408014962,0.04060143142220429,\N,\N,1.431,\N
HIP 57087,\N,Gaia DR3 4017860992519744384,10.67,175.54378678,26.70854768,11 42 10.51,+26 42 30.8,97.73,2.27,10.2323,896.37,-813.7,\N,\N,10.620139493851472,0.05044642492443785,\N,\N,1.493,\N
HIP 102141,196982,\N,10.27,310.46238529,-32.43434165,20 41 50.97,-32 26 03.6,97.8,4.65,10.2249,269.32,-365.69,\N,\N,10.221694273938008,0.10332275876238128,\N,\N,1.55,\N
HIP 72896,\N,\N,11.53,223.46626781,23.55551709,14 53 51.90,+23 33 19.9,97.83,5.99,10.2218,-679.64,102.46,\N,\N,11.4823602676281,0.13312287372233023,\N,\N,\N,\N
HIP 62556,\N,\N,10.94,192.26409622,66.11044073,12 49 03.38,+66 06 37.6,98.14,1.67,10.1895,-436.96,-106.7,\N,\N,10.899230268224484,0.036954442660547926,\N,\N,1.626,\N
HIP 50798,\N,\N,11.49,155.5828114,-47.97281127,10 22 19.87,-47 58 22.1,98.17,79.48,10.1864,-98.49,62.53,\N,\N,11.449893954972916,2.4448897761162858,\N,\N,3.5,\N
HIP 94349,\N,\N,11.09,288.05646821,2.88766813,19 12 13.55,+02 53 15.6,98.56,2.66,10.1461,1789.15,-520.07,\N,\N,11.058503474101752,0.05861931450526381,\N,\N,1.542,\N
HIP 2552,\N,\N,10.27,8.11171615,67.23621544,00 32 26.81,+67 14 10.4,98.74,3.37,10.1276,1739.07,-224.63,\N,\N,10.24246561441756,0.07414123389445848,\N,\N,1.52,\N
HIP 76362,\N,\N,11.65,233.94850307,-80.20230323,15 35 47.64,-80 12 08.3,99.9,61.26,10.01,-94.7,38.05,\N,\N,11.64782744112991,1.5505503524322108,\N,\N,\N,\N
HIP 84581,\N,\N,11.09,259.34773232,-7.87683635,17 17 23.46,-07 52 36.6,100.89,43.18,9.9118,104.16,168.46,\N,\N,11.10924061017149,0.9933062046589827,\N,\N,\N,\N
HIP 71898,\N,Gaia DR3 1669449084967071872,10.88,220.59172751,66.05588609,14 42 22.01,+66 03 21.2,101.34,12.77,9.8678,-310.62,-59.22,\N,\N,10.908904499773262,0.27509265172871533,\N,\N,1.615,\N
HIP 31635,260655,Gaia DR3 3359074685047632640,9.63,99.29694468,17.56399483,06 37 11.27,+17 33 50.4,101.59,2.35,9.8435,-775.53,331.8,\N,\N,9.66425480162136,0.050239892216672466,\N,\N,1.48,\N
HIP 46655,\N,Gaia DR3 3840711729206827520,11.71,142.68715327,0.32400295,09 30 44.92,+00 19 26.4,103.56,3.91,9.6562,-569.91,-552.23,\N,\N,11.785960208814174,0.08202486460123026,\N,\N,1.588,\N
HIP 9786,\N,Gaia DR3 5020179503252128768,12.15,31.45378802,-30.17689282,02 05 48.91,-30 10 36.8,105.64,3.0,9.4661,-527.75,100.08,\N,\N,12.269141962674432,0.061682783923885154,\N,\N,1.719,\N
HIP 21932,285968,Gaia DR3 3409711211681795584,9.95,70.73070762,18.96088078,04 42 55.37,+18 57 39.2,106.16,2.51,9.4197,659.83,-1114.72,\N,\N,10.079804549281896,0.051350901576750374,\N,\N,1.523,\N
HIP 23932,\N,Gaia DR3 2976507997939000064,10.28,77.14473389,-18.1686451,05 08 34.74,-18 10 07.1,107.3,2.0,9.3197,503.75,-1400.17,\N,\N,10.432998609829756,0.04047947691054077,\N,\N,1.52,\N
HIP 23512,\N,Gaia DR3 2976850598890749824,11.71,75.83426652,-17.3724529,05 03 20.22,-17 22 20.8,107.86,2.95,9.2713,-226.25,-447.88,\N,\N,11.87430207976072,0.05940516961926434,\N,\N,1.661,\N
HIP 57443,102365,Gaia DR3 5381537023379295232,4.89,176.63436255,-40.50133452,11 46 32.25,-40 30 04.8,108.23,0.7,9.2396,-1531.69,403.41,\N,\N,5.061738292234242,0.014044644572829945,\N,\N,0.664,\N
HIP 82724,\N,\N,11.85,253.63222815,-62.40023361,16 54 31.73,-62 24 00.8,109.57,20.12,9.1266,294.47,205.48,\N,\N,12.04845830824513,0.4033153633748068,\N,\N,1.729,\N
HIP 66906,\N,Gaia DR3 1470462322431834880,12.03,205.68061204,33.29182156,13 42 43.35,+33 17 30.6,109.89,3.18,9.1,-111.47,-706.72,\N,\N,12.234790866921038,0.06285568065956149,\N,\N,2.4,\N
HIP 47103,\N,Gaia DR3 5664814198431308288,10.91,144.00645894,-21.65839234,09 36 01.55,-21 39 30.2,111.41,1.99,8.9759,137.17,-989.54,\N,\N,11.144620871150176,0.03879086028859291,\N,\N,1.572,\N
HIP 108706,\N,Gaia DR3 1893189736896880640,11.99,330.30365718,28.30681743,22 01 12.88,+28 18 24.5,111.57,3.19,8.963,372.11,36.48,\N,\N,12.227737165393174,0.06210348224397233,\N,\N,1.718,\N
HIP 60559,\N,Gaia DR3 3519785523672576384,11.28,186.21595803,-18.23667929,12 24 51.83,-18 14 12.0,112.52,2.51,8.8873,1095.9,-2307.48,\N,\N,11.53614861746582,0.048447387777701856,\N,\N,1.574,\N
HIP 93899,349726,Gaia DR3 4519789081415296128,10.76,286.80626789,20.87782548,19 07 13.50,+20 52 40.2,112.82,2.41,8.8637,-481.05,-333.38,\N,\N,11.021930476946874,0.04639288001221775,\N,\N,1.57,\N
HIP 99825,192310,Gaia DR3 6847167606385195648,5.73,303.8190747,-27.03253576,20 15 16.58,-27 01 57.1,113.33,0.89,8.8238,1241.35,-181.46,\N,\N,6.001724443838153,0.01705329723337412,\N,\N,0.878,\N
HIP 84720,156274,Gaia DR3 5951165616611763456,5.47,259.76230946,-46.6365001,17 19 02.95,-46 38 11.4,113.81,1.36,8.7866,1035.25,109.22,\N,\N,5.750902116710703,0.025949767663540957,\N,\N,0.764,\N
HIP 109388,\N,Gaia DR3 2627117287488522240,10.41,332.41534076,-4.64068104,22 09 39.68,-04 38 26.5,113.97,2.1,8.7742,1134.9,-19.71,\N,\N,10.693952741371914,0.04001586589984374,\N,\N,1.531,\N
HIP 14559,\N,\N,11.72,46.99144229,-28.22097006,03 07 57.95,-28 13 15.5,114.73,33.98,8.7161,-156.07,-146.48,\N,\N,12.01838496792378,0.6629941065541818,\N,\N,\N,\N
HIP 25578,\N,Gaia DR3 3338097377577012480,12.48,82.00110606,9.64577431,05 28 00.27,+09 38 44.8,115.04,5.22,8.6926,-194.06,-759.52,\N,\N,12.784244365194038,0.0985994003403059,\N,\N,1.653,\N
HIP 93873,\N,Gaia DR3 4519789321942643072,10.77,286.77443107,20.88888827,19 07 05.86,+20 53 20.0,115.91,2.47,8.6274,-480.82,-345.6,\N,\N,11.09060452914811,0.046280294492108354,\N,\N,1.57,\N
HIP 1599,1581,Gaia DR3 4900108950849461248,4.23,5.00797581,-64.8776232,00 20 01.91,-64 52 39.4,116.38,0.64,8.5925,1707.56,1165.36,\N,\N,4.559391764286961,0.011941539367928744,\N,\N,0.576,\N
HIP 64924,115617,Gaia DR3 3507879565090229888,4.74,199.60405,-18.30861062,13 18 24.97,-18 18 31.0,117.3,0.71,8.5251,-1069.9,-1063.78,\N,\N,5.086490060577647,0.013143770157822754,\N,\N,0.709,\N
HIP 80018,\N,Gaia DR3 6021430250773348736,10.56,245.01688193,-37.53142026,16 20 04.05,-37 31 53.1,118.03,2.28,8.4724,-729.36,991.16,\N,\N,10.91996203562088,0.04195181775980217,\N,\N,1.55,\N
HIP 31292,\N,Gaia DR3 5260759175761502976,11.41,98.44808629,-75.62561416,06 33 47.54,-75 37 32.2,119.54,13.42,8.3654,-308.79,256.54,\N,\N,11.797566257488317,0.24480941282435964,\N,\N,\N,\N
HIP 93449,\N,\N,11.57,285.47364755,-36.95224,19 01 53.68,-36 57 08.1,121.75,68.24,8.2136,-34.36,50.57,\N,\N,11.99734484943336,1.3757394794318163,\N,\N,\N,\N
HIP 62452,\N,Gaia DR3 3735000631158990976,11.39,191.98842235,9.75251785,12 47 57.22,+09 45 09.1,121.78,2.9,8.2115,-1007.72,-461.01,\N,\N,11.817879848592518,0.0517199929707548,\N,\N,1.563,\N
HIP 76901,\N,Gaia DR3 6254033894121581952,11.83,235.5324262,-19.46924527,15 42 07.78,-19 28 09.3,121.86,43.95,8.2061,-2032.22,-1039.54,\N,\N,12.259305868942253,0.8200437873811808,\N,\N,1.591,\N
HIP 38956,\N,Gaia DR3 922225002820369152,12.02,119.55222364,41.30537105,07 58 12.53,+41 18 19.3,122.53,11.52,8.1613,212.35,-685.1,\N,\N,12.46121216755786,0.20476178916387688,\N,\N,1.618,\N
HIP 33499,\N,\N,10.81,104.44792505,-44.29109677,06 57 47.50,-44 17 27.9,124.62,2.64,8.0244,-1102.25,-42.57,\N,\N,11.287938734593714,0.046008224696308275,\N,\N,1.636,\N
HIP 106255,\N,\N,11.96,322.82467099,-9.79053173,21 31 17.92,-09 47 25.9,124.82,28.85,8.0115,1161.8,-54.19,\N,\N,12.441420891224322,0.5111339911715937,\N,\N,1.703,\N
HIP 91262,172167,\N,0.03,279.23410832,38.78299311,18 36 56.19,+38 46 58.8,128.93,0.55,7.7561,201.02,287.46,\N,\N,0.581769913320012,0.009263298455691515,\N,\N,-0.001,\N
HIP 61874,\N,Gaia DR3 6133474952391837824,12.24,190.19549326,-43.56806218,12 40 46.92,-43 34 05.0,130.52,3.87,7.6617,-782.02,693.51,\N,\N,12.818385325579186,0.0644043995287884,\N,\N,1.75,\N
HIP 5336,6582,Gaia DR3 411413822074322432,5.17,17.05383776,54.92422766,01 08 12.92,+54 55 27.2,132.4,0.6,7.5529,3421.44,-1599.27,\N,\N,5.779439925518405,0.009840576772737197,\N,\N,0.704,\N
HIP 12781,\N,Gaia DR3 114207651462714880,10.55,41.06229453,25.52424901,02 44 14.95,+25 31 27.3,132.42,2.48,7.5517,864.77,-367.17,\N,\N,11.159767917726494,0.04067271810638573,\N,\N,1.53,\N
HIP 73182,131976,\N,8.01,224.35801834,-21.40746858,14 57 25.92,-21 24 26.9,133.63,33.56,7.4833,987.05,-1666.81,\N,\N,8.639519842039618,0.5572659949776249,\N,\N,1.519,\N
HIP 2021,2151,Gaia DR3 4683897617110115200,2.82,6.41334183,-77.25503511,00 25 39.20,-77 15 18.1,133.78,0.51,7.475,2220.12,324.37,\N,\N,3.451955958083073,0.008278190266069352,\N,\N,0.618,\N
HIP 7981,10476,Gaia DR3 96331172942614528,5.24,25.62479083,20.27015091,01 42 29.95,+20 16 12.5,133.91,0.91,7.4677,-302.12,-677.4,\N,\N,5.874065050207763,0.014756704589216518,\N,\N,0.836,\N
HIP 83945,\N,Gaia DR3 1355264565043431040,11.77,257.38030802,43.68202643,17 09 31.27,+43 40 55.3,137.84,8.95,7.2548,333.92,-278.02,\N,\N,12.46687632219986,0.14119311697549364,\N,\N,1.696,\N
HIP 12114,16160,Gaia DR3 19316224572460416,5.79,39.01596864,6.88336423,02 36 03.83,+06 53 00.1,138.72,1.04,7.2088,1806.27,1442.5,\N,\N,6.500695400660675,0.016280086638426283,\N,\N,0.918,\N
HIP 84709,156384,\N,5.91,259.73483426,-34.98957161,17 18 56.36,-34 59 22.5,143.45,17.12,6.9711,1149.24,-90.8,\N,\N,6.693502762910086,0.26039477807939937,\N,\N,1.082,\N
HIP 114176,\N,\N,12.28,346.8313657,-32.26819891,23 07 19.53,-32 16 05.5,147.95,13.76,6.759,-223.58,-30.45,\N,\N,13.13057484748326,0.2025418105552168,\N,\N,\N,\N
HIP 114622,219134,Gaia DR3 2009481748875806976,5.57,348.31143134,57.16763844,23 13 14.74,+57 10 03.5,153.24,0.65,6.5257,2074.37,294.97,\N,\N,6.496860716555201,0.00921081657082734,\N,\N,1,\N
HIP 82809,\N,Gaia DR3 4339465360510320128,11.73,253.85710273,-8.32039997,16 55 25.70,-08 19 13.4,153.96,4.04,6.4952,-813.47,-895.23,\N,\N,12.667039512112767,0.05699378352679929,\N,\N,1.7,\N
HIP 54298,\N,\N,11.69,166.62786165,-53.26885914,11 06 30.69,-53 16 07.9,155.28,78.3,6.44,-39.5,272.78,\N,\N,12.645577611901532,1.2051443683580825,\N,\N,\N,\N
HIP 34603,\N,Gaia DR3 946632924007399936,11.65,107.50900471,38.53176545,07 10 02.16,+38 31 54.4,157.24,3.32,6.3597,-439.68,-948.36,\N,\N,12.632815175740255,0.045855761964229025,\N,\N,1.7,\N
HIP 120005,79211,Gaia DR3 1022456104850892928,7.7,138.60913008,52.68797118,09 14 26.19,+52 41 16.7,159.48,6.61,6.2704,-1551.3,-656.25,\N,\N,8.713531134951783,0.09005304879972531,\N,\N,1.42,\N
HIP 74995,\N,Gaia DR3 6322070093095493504,10.57,229.86477439,-7.72203834,15 19 27.55,-07 43 19.3,159.52,2.27,6.2688,-1224.55,-99.52,\N,\N,11.584075704837904,0.03090255222629512,\N,\N,1.6,\N
HIP 99701,191849,Gaia DR3 6673000841376349696,7.97,303.46980202,-45.16363153,20 13 52.75,-45 09 49.1,161.17,1.08,6.2046,778.18,-159.55,\N,\N,9.006421029560991,0.014551252128503833,\N,\N,1.431,\N
HIP 86961,\N,Gaia DR3 4055585060376248832,10.49,266.55276344,-32.10277328,17 46 12.66,-32 06 10.0,161.77,11.29,6.1816,-49.82,-319.82,\N,\N,11.534489927466833,0.15179479209172886,\N,\N,1.463,\N
HIP 86963,\N,Gaia DR3 4055584308787727488,11.39,266.56028243,-32.10165681,17 46 14.47,-32 06 06.0,161.77,11.29,6.1816,-77.62,-270.12,\N,\N,12.434489927466831,0.15179479209172797,\N,\N,1.439,\N
HIP 71253,\N,Gaia DR3 6324325225803432320,11.32,218.57093205,-12.52100145,14 34 17.02,-12 31 15.6,163.51,2.77,6.1158,-357.5,595.12,\N,\N,12.387721592688337,0.03679012960581218,\N,\N,1.633,\N
HIP 99240,190248,Gaia DR3 6427464123776727168,3.55,302.17441713,-66.17932101,20 08 41.86,-66 10 45.6,163.73,0.65,6.1076,1210.29,-1130.34,\N,\N,4.620641309117049,0.008620683328337986,\N,\N,0.751,\N
HIP 15510,20794,Gaia DR3 4847957293278177024,4.26,49.97177014,-43.07154929,03 19 53.22,-43 04 17.6,165.02,0.55,6.0599,3038.08,726.34,\N,\N,5.347682913895685,0.007237390907532504,\N,\N,0.711,\N
HIP 99461,191408,Gaia DR3 6697578465310949376,5.32,302.79836763,-36.09738423,20 11 11.61,-36 05 50.6,165.24,0.9,6.0518,456.89,-1574.91,\N,\N,6.410575931522743,0.01182730872903237,\N,\N,0.868,\N
HIP 84478,156026,Gaia DR3 4109034455276324608,6.33,259.05698088,-26.54341625,17 16 13.68,-26 32 36.3,167.56,1.06,5.968,-479.71,-1123.37,\N,\N,7.450851758445909,0.013737117807858468,\N,\N,1.144,\N
HIP 76074,\N,Gaia DR3 6002807341299977216,9.31,233.05768961,-41.27308564,15 32 13.85,-41 16 23.1,168.52,1.42,5.934,-1177.47,-1028.86,\N,\N,10.443257252274051,0.018297910059138722,\N,\N,1.524,\N
HIP 37766,\N,Gaia DR3 3136952686035250688,11.19,116.16823269,3.55354943,07 44 40.38,+03 33 12.8,168.59,2.67,5.9315,-344.87,-450.84,\N,\N,12.324159053293606,0.03439300160199377,\N,\N,1.6,\N
HIP 86990,\N,Gaia DR3 5918660719983560192,10.75,266.64766164,-57.31575508,17 46 35.44,-57 18 56.7,172.08,2.22,5.8113,-1119.87,-1352.52,\N,\N,11.92865198689703,0.028015668403116756,\N,\N,1.66,\N
HIP 26857,\N,Gaia DR3 3340477717172813568,11.56,85.53363564,12.493155,05 42 08.07,+12 29 35.4,172.78,3.88,5.7877,1999.05,-1570.64,\N,\N,12.74746734834364,0.04877144132469535,\N,\N,1.675,\N
HIP 53020,\N,Gaia DR3 3864615459886222464,11.64,162.7189047,6.81011677,10 50 52.54,+06 48 36.4,177.46,23.0,5.6351,-804.4,-809.6,\N,\N,12.885502385914611,0.2830292387985551,\N,\N,1.679,\N
HIP 33226,265866,Gaia DR3 939072613334579328,9.89,103.70610465,33.26914569,06 54 49.47,+33 16 08.9,181.32,1.87,5.5151,-729.33,-399.31,\N,\N,11.182228551933251,0.02239574996219762,\N,\N,1.58,\N
HIP 21088,\N,Gaia DR3 470826482637310080,10.82,67.79185895,58.98205252,04 31 10.05,+58 58 55.4,181.36,3.67,5.5139,1300.21,-2048.99,\N,\N,12.112707535592303,0.04394790366249701,\N,\N,1.17,\N
HIP 103039,\N,Gaia DR3 6882963066420161664,11.41,313.13835215,-16.9748128,20 52 33.20,-16 58 29.3,182.15,3.68,5.49,-306.7,30.78,\N,\N,12.712145877889672,0.04387650812623001,\N,\N,1.653,\N
HIP 88601,165341,\N,4.03,271.36338682,2.50243928,18 05 27.21,+02 30 08.8,196.62,1.38,5.086,124.56,-962.66,\N,\N,5.4981384588300966,0.015240978192618826,\N,\N,0.86,\N
HIP 19849,26965,Gaia DR3 3195919528989223040,4.43,63.8234923,-7.64455846,04 15 17.64,-07 38 40.4,198.24,0.84,5.0444,-2239.33,-3419.86,\N,\N,5.915956445159941,0.009201209345919281,\N,\N,0.82,\N
HIP 86214,\N,Gaia DR3 5955305209191546112,10.94,264.26766824,-44.31693542,17 37 04.24,-44 19 01.0,198.32,2.43,5.0424,-710.11,-937.99,\N,\N,12.426832568798826,0.026608219285932044,\N,\N,1.655,\N
HIP 82725,\N,\N,11.72,253.6339477,-62.40374141,16 54 32.15,-62 24 13.5,203.01,29.27,4.9259,254.79,173.56,\N,\N,13.257587156015656,0.3152800004607963,\N,\N,\N,\N
HIP 54211,\N,Gaia DR3 778947814402602752,8.82,166.38385827,43.52448449,11 05 32.13,+43 31 28.1,206.94,1.19,4.8323,-4410.79,943.32,\N,\N,10.399222223755173,0.01248710085457283,\N,\N,1.491,\N
HIP 113020,\N,Gaia DR3 2603090003484152064,10.16,343.31731628,-14.26205842,22 53 16.16,-14 15 43.4,212.69,2.1,4.7017,960.33,-675.64,\N,\N,11.79873535626228,0.021440783539954822,\N,\N,1.597,\N
HIP 114110,\N,\N,12.24,346.66203219,-14.87239655,23 06 38.89,-14 52 20.6,216.52,18.28,4.6185,112.27,83.24,\N,\N,13.917490092095118,0.1837670088589709,\N,\N,\N,\N
HIP 85523,\N,Gaia DR3 5951824121022278144,9.38,262.16440365,-46.89305173,17 28 39.46,-46 53 35.0,220.43,1.63,4.5366,573.32,-879.84,\N,\N,11.096353503254004,0.01605754454340591,\N,\N,1.553,\N
HIP 72509,\N,Gaia DR3 6228695236338166528,12.07,222.38618849,-26.11117761,14 49 32.69,-26 06 40.2,221.8,69.07,4.5086,-1421.6,-203.6,\N,\N,13.799807709065709,0.6994364479059341,\N,\N,1.524,\N
HIP 3829,\N,Gaia DR3 2552928187080872832,12.37,12.28823784,5.39519773,00 49 09.18,+05 23 42.7,226.95,5.35,4.4063,1233.05,-2710.56,\N,\N,14.14965093539434,0.0511986343596087,\N,\N,0.554,\N
HIP 15689,\N,\N,12.16,50.52321876,-13.27811998,03 22 05.57,-13 16 41.2,227.45,61.79,4.3966,-112.94,-299.04,\N,\N,13.94442970582987,0.6051017395973322,\N,\N,\N,\N
HIP 80824,\N,Gaia DR3 4330690742322011520,10.1,247.57547824,-12.65971367,16 30 18.11,-12 39 35.0,234.51,1.82,4.2642,-93.61,-1184.9,\N,\N,11.950806833383902,0.016852838403851322,\N,\N,1.604,\N
HIP 72511,\N,Gaia DR3 6228695270698475392,11.72,222.38963876,-26.1060337,14 49 33.51,-26 06 21.7,235.24,22.43,4.251,-1389.7,135.76,\N,\N,13.57755585365,0.20767956435536394,\N,\N,1.48,\N
HIP 30920,\N,\N,11.12,97.345813,-2.81247539,06 29 23.00,-02 48 44.9,242.89,2.64,4.1171,694.73,-618.62,\N,\N,13.047048174391662,0.02360291871212894,\N,\N,1.69,\N
HIP 105090,202560,Gaia DR3 6583272171336048640,6.69,319.32379676,-38.86457451,21 17 17.71,-38 51 52.5,253.37,1.13,3.9468,-3259.0,-1146.99,\N,\N,8.70877595712229,0.009684572332323782,\N,\N,1.397,\N
HIP 24186,33793,Gaia DR3 4810594479418041856,8.86,77.89672045,-45.00448677,05 11 35.21,-45 00 16.2,255.26,0.86,3.9176,6506.05,-5731.39,\N,\N,10.894913824504805,0.00731596543938462,\N,\N,1.543,\N
HIP 36208,\N,Gaia DR3 3139847906307949696,9.84,111.85068549,5.23476432,07 27 24.16,+05 14 05.2,263.26,1.43,3.7985,571.27,-3694.25,\N,\N,11.941924384802038,0.011795320543632748,\N,\N,1.573,\N
HIP 5643,\N,Gaia DR3 2358524597030794112,12.1,18.12459256,-17.00053959,01 12 29.90,-17 00 01.9,269.05,7.57,3.7168,1210.09,646.95,\N,\N,14.249164981912566,0.061112751732058435,\N,\N,1.85,\N
HIP 8102,10700,Gaia DR3 2452378776434477184,3.49,26.02136441,-15.93955597,01 44 05.13,-15 56 22.4,274.17,0.8,3.6474,-1721.82,854.07,\N,\N,5.680099660231617,0.006336152233368253,\N,\N,0.727,\N
HIP 37279,61421,\N,0.4,114.82724194,5.22750767,07 39 18.54,+05 13 39.0,285.93,0.88,3.4974,-716.57,-1034.58,\N,\N,2.6812986213323624,0.006683110389961833,\N,\N,0.432,\N
HIP 104214,201091,Gaia DR3 1872046609345556480,5.2,316.71181258,38.74149446,21 06 50.84,+38 44 29.4,287.13,1.51,3.4827,4155.1,3258.9,\N,\N,7.490392854746412,0.011419752609224343,\N,\N,1.069,\N
HIP 57548,\N,Gaia DR3 3796072592206250624,11.12,176.93351286,0.80752617,11 47 44.04,+00 48 27.1,299.58,2.2,3.338,605.62,-1219.23,\N,\N,13.502564082193768,0.015946742707920514,\N,\N,1.746,\N
HIP 114046,217987,Gaia DR3 6553614253923452800,7.35,346.44652092,-35.8562971,23 05 47.17,-35 51 22.7,303.9,0.87,3.2906,6767.26,1326.66,\N,\N,9.763653500399714,0.006216473041301462,\N,\N,1.483,\N
HIP 92403,\N,Gaia DR3 4075141768785646848,10.37,282.45398321,-23.83576457,18 49 48.96,-23 50 08.8,336.48,1.82,2.9719,637.55,-192.47,\N,\N,13.004796276711229,0.011745477673279048,\N,\N,1.51,\N
HIP 32349,48915,\N,-1.44,101.28854105,-16.71314306,06 45 09.25,-16 42 47.3,379.21,1.58,2.6371,-546.01,-1223.08,\N,\N,1.4543989071428474,0.009047615466610814,\N,\N,0.009,\N
HIP 54035,95735,Gaia DR3 762815470562110464,7.49,165.83588409,35.98146424,11 03 20.61,+35 58 53.3,392.4,0.91,2.5484,-580.2,-4767.09,\N,\N,10.458644993539554,0.005035788570552313,\N,\N,1.502,\N
HIP 87937,\N,Gaia DR3 4472832130942575872,9.54,269.45402305,4.66828815,17 57 48.97,+04 40 05.8,549.01,1.58,1.8215,-797.84,10326.93,\N,\N,13.237901275121736,0.006249313999980188,\N,\N,1.57,\N
HIP 71681,128621,\N,1.35,219.91412833,-60.83947139,14 39 39.39,-60 50 22.1,742.12,1.4,1.3475,-3600.35,952.11,\N,\N,5.702370679522524,0.0040964601138480106,\N,\N,0.9,\N
HIP 71683,128620,\N,-0.01,219.92041034,-60.83514707,14 39 40.90,-60 50 06.5,742.12,1.4,1.3475,-3678.19,481.84,\N,\N,4.342370679522524,0.0040964601138480106,\N,\N,0.71,\N
HIP 70890,\N,Gaia DR3 5853498713190525696,11.01,217.44894751,-62.68135207,14 29 47.75,-62 40 52.9,772.33,2.42,1.2948,-3775.64,768.16,\N,\N,15.44901452341762,0.006804060995881045,\N,\N,1.807,\N
