"Gaia DR3 5853498713190525696","","70890"
"Gaia DR3 4472832130942575872","","87937"
"Gaia DR3 762815470562110464","95735","54035"
"Gaia DR3 4075141768785646848","","92403"
"Gaia DR3 5164707970261890560","22049","16537"
"Gaia DR3 6553614253923452800","217987","114046"
"Gaia DR3 3796072592206250624","","57548"
"Gaia DR3 1872046609345556480","201091","104214"
"Gaia DR3 1872046574983497216","201092","104217"
"Gaia DR3 2154880616774131840","173739","91768"
"Gaia DR3 2154880616774131712","173740","91772"
"Gaia DR3 385334230892516480","1326","1475"
"Gaia DR3 385334196532776576","1326B",""
"Gaia DR3 6412595290592307840","209100","108870"
"Gaia DR3 3139847906307949696","","36208"
"Gaia DR3 4810594479418041856","33793","24186"
"Gaia DR3 2306965202564744064","225213","439"
"Gaia DR3 1637645127018395776","","86162"
"Gaia DR3 5951824121022278144","","85523"
"Gaia DR3 2603090003484152064","","113020"
"Gaia DR3 823773494718931968","88230","49908"
"Gaia DR3 778947814402602752","","54211"
"Gaia DR3 6562924609150908416","204961","106440"
"Gaia DR3 625453654702751872","",""
"Gaia DR3 5955305209191546112","","86214"
"Gaia DR3 4468557611984384512","165341A",""
"Gaia DR3 3316364602541746048","",""
"Gaia DR3 1129149723913123456","","57544"
"Gaia DR3 3741297293732404352","119850","67155"
"Gaia DR3 939072613334579328","265866","33226"
"Gaia DR3 6882963066420161664","","103039"
"Gaia DR3 2261614264931057664","185144","96100"
"Gaia DR3 3340477717172813568","","26857"
"Gaia DR3 6232511606838403968","131977","73184"
"Gaia DR3 5918660719983560192","","86990"
"Gaia DR3 2739689239311660672","","117473"
"Gaia DR3 4293318823182081408","180617","94761"
"Gaia DR3 6002807341299977216","","76074"
"Gaia DR3 425040000962559616","4614","3821"
"Gaia DR3 4109030160308317312","155885",""
"Gaia DR3 4109034455276324608","156026","84478"
"Gaia DR3 4109030160308320128","155886",""
"Gaia DR3 3136952686035250688","","37766"
"Gaia DR3 4847957293278177024","20794","15510"
"Gaia DR3 6427464123776727168","190248","99240"
"Gaia DR3 6673000841376349696","191849","99701"
"Gaia DR3 6324325225803432320","","71253"
"Gaia DR3 6322070093095493504","","74995"
"Gaia DR3 1022456139210632064","79210","45343"
"Gaia DR3 1428427236986209024","","80459"
"Gaia DR3 3907283967108054528","",""
"Gaia DR3 5243594081269535872","",""
"Gaia DR3 4339465360510320128","","82809"
"Gaia DR3 1237090738916392832","131156B",""
"Gaia DR3 3988987164339438208","","53767"
"Gaia DR3 1237090738916392704","131156A",""
"Gaia DR3 5153091836072107136","",""
"Gaia DR3 2828928008202069376","216899","113296"
"Gaia DR3 3864615459886222464","","53020"
"Gaia DR3 3855208897392952192","","51317"
"Gaia DR3 2195886971653527168","199305","103096"
"Gaia DR3 2640434056928150400","",""
"Gaia DR3 18565464288396416","",""
"Gaia DR3 5975663354131618304","156384C",""
"Gaia DR3 2552925644460225152","4628","3765"
"Gaia DR3 6604147121141267712","216803","113283"
"Gaia DR3 4286249341336984576","",""
"Gaia DR3 3738099879558957952","","65859"
"Gaia DR3 96331172942614528","10476","7981"
"Gaia DR3 114207651462714880","","12781"
"Gaia DR3 3828238392559860992","","49986"
"Gaia DR3 999747822484300800","",""
"Gaia DR3 4177731838628465408","165222","88574"
"Gaia DR3 2161121135533953536","",""
"Gaia DR3 5535361753834861312","",""
"Gaia DR3 5559035514779971456","",""
"Gaia DR3 3288921720025503360","30652","22449"
"Gaia DR3 5559035514776717312","",""
"Gaia DR3 6133474952391837824","","61874"
"Gaia DR3 2246206567973292160","","101180"
"Gaia DR3 3735000631158990976","","62452"
"Gaia DR3 4550763526539955712","","86287"
"Gaia DR3 4911306239828325632","10360",""
"Gaia DR3 4911306239828325760","10361",""
"Gaia DR3 533621859441169920","","4856"
"Gaia DR3 2396530698208685312","217357","113576"
"Gaia DR3 1534011998572555776","109358","61317"
"Gaia DR3 3399063235755057792","39587","27913"
"Gaia DR3 6021430250773348736","","80018"
"Gaia DR3 4900108950849461248","1581","1599"
"Gaia DR3 6378584028690858496","","113229"
"Gaia DR3 3179036008830848","",""
"Gaia DR3 3464485826872541440","",""
"Gaia DR3 4365609170043180416","",""
"Gaia DR3 3101920046552857728","50281B",""
"Gaia DR3 3101923001490347392","50281A","32984"
"Gaia DR3 4031586157514097024","","57802"
"Gaia DR3 5951165616611763456","156274","84720"
"Gaia DR3 2627117287488522240","","109388"
"Gaia DR3 6847167606385195648","192310","99825"
"Gaia DR3 4519789321942643072","","93873"
"Gaia DR3 4519789081415296128","349726","93899"
"Gaia DR3 2400808245117576704","",""
"Gaia DR3 5260759175761501696","","31293"
"Gaia DR3 3211461469444773376","32147","23311"
"Gaia DR3 2400808142038361088","214479","111802"
"Gaia DR3 3519785523672576384","","60559"
"Gaia DR3 2964001014514075520","38392",""
"Gaia DR3 2964000159821218432","38393","27072"
"Gaia DR3 3089711447388931584","","40501"
"Gaia DR3 3478160727866058368","","56528"
"Gaia DR3 1057318835428596096","","55360"
"Gaia DR3 4034171629042489088","103095","57939"
"Gaia DR3 1460229442589223424","114710","64394"
"Gaia DR3 6401464693867773568","203608","105858"
"Gaia DR3 3085716990368639744","",""
"Gaia DR3 5381537023379295744","102365B",""
"Gaia DR3 5381537023379295232","102365","57443"
"Gaia DR3 5020179503252128768","","9786"
"Gaia DR3 5412250540681250560","","47780"
"Gaia DR3 5664814198431308288","","47103"
"Gaia DR3 4147112604476417792","",""
"Gaia DR3 1143321672882274560","","29277"
"Gaia DR3 6078114541943893888","","61629"
"Gaia DR3 628080246633611520","",""
"Gaia DR3 1349047857580994560","","86776"
"Gaia DR3 3478127463341507072","100623","56452"
"Gaia DR3 2188318517720321664","",""
"Gaia DR3 4025850731201819392","101501","56997"
"Gaia DR3 6779821003058453120","",""
"Gaia DR3 5425628298649940608","","47425"
"Gaia DR3 5946986063684477056","","86057"
"Gaia DR3 5946986063671469824","",""
"Gaia DR3 6792436799477051904","196982B",""
"Gaia DR3 4017860992519744384","","57087"
"Gaia DR3 522863309964987520","","4872"
"Gaia DR3 1314438839310796800","151288","82003"
"Gaia DR3 5699418131466175488","",""
"Gaia DR3 3840711729206827520","","46655"
"Gaia DR3 1412645602995521920","",""
"Gaia DR3 4358031335898505472","149661","81300"
"Gaia DR3 3243715604392800512","",""
"Gaia DR3 272855565763652480","232979","21553"
"Gaia DR3 4535928365908541440","",""
"Gaia DR3 1187851653287128576","","72944"
"Gaia DR3 102162639019033600","",""
"Gaia DR3 3359074685047632640","260655","31635"
"Gaia DR3 751975660302006784","",""
"Gaia DR3 4725889546721486976","",""
"Gaia DR3 512167948043650816","10780","8362"
"Gaia DR3 1010729194865571456","",""
"Gaia DR3 1661568850770761600","122064","68184"
"Gaia DR3 6012446244330608768","",""
"Gaia DR3 4389844948935164544","","85665"
"Gaia DR3 6377828354964753792","223889","117828"
"Gaia DR3 3487062064765702272","103932","58345"
"Gaia DR3 5264749303462961280","43834","29271"
"Gaia DR3 6825822095663585536","",""
"Gaia DR3 4999067471248893952","",""
"Gaia DR3 5160075762132996992","17925","13402"
"Gaia DR3 3657653114880309248","122303","68469"
"Gaia DR3 5715352842388433664","","37217"
"Gaia DR3 5299440441521812992","304636","45908"
"Gaia DR3 4364527594192166400","154363","83591"
"Gaia DR3 4566158991430299520","",""
"Gaia DR3 4364480521350598144","154363B","83599"
"Gaia DR3 4201781696994082944","",""
"Gaia DR3 2515037264041041536","","10279"
"Gaia DR3 1051547052218220160","","48714"
"Gaia DR3 436648129327098496","19373","14632"
"Gaia DR3 2683023811628007296","209290","108782"
"Gaia DR3 4078319494857310336","",""
"Gaia DR3 2289304297045379456","",""
"Gaia DR3 5271055243163629056","",""
"Gaia DR3 4295619138933719808","",""
"Gaia DR3 2028065934962125184","",""
"Gaia DR3 2028065934962124928","",""
"Gaia DR3 3689602277083844480","111631","62687"
"Gaia DR3 4937000898856156288","13445","10138"
"Gaia DR3 4574048021719710848","","84794"
"Gaia DR3 1642642957122493824","147379B","79762"
"Gaia DR3 5382868669400908928","","56244"
"Gaia DR3 1642641410934267008","147379","79755"
"Gaia DR3 2090085056523454464","","91699"
"Gaia DR3 3536123338748976256","","54532"
"Gaia DR3 4223813264304668288","",""
"Gaia DR3 5213167330349528064","",""
"Gaia DR3 2232348941893483520","223778","117712"
"Gaia DR3 1471777269618346240","","66459"
"Gaia DR3 1669449084967071872","","71898"
"Gaia DR3 4846689899968623744","","16536"
"Gaia DR3 3936909723803146368","115404A","64797"
"Gaia DR3 5683871247496205312","",""
"Gaia DR3 3796442680948579328","102870","57757"
"Gaia DR3 3936909723803146496","115404B",""
"Gaia DR3 4776266794388393472","",""
"Gaia DR3 4776266798684508928","",""
"Gaia DR3 4310275491469537152","","92871"
"Gaia DR3 4947513157730843136","",""
"Gaia DR3 4610177733290768896","166620","88972"
"Gaia DR3 2802397960855105920","3651","3093"
"Gaia DR3 4282578724832056576","176029","93101"
"Gaia DR3 438829629114680704","16895","12777"
"Gaia DR3 1193030490492925824","142860","78072"
"Gaia DR3 5571142580908768384","",""
"Gaia DR3 1508886439891509248","",""
"Gaia DR3 438829835272390784","",""
"Gaia DR3 1208695640675619584","",""
"Gaia DR3 1508886439891508736","",""
"Gaia DR3 5528866839863569024","74576","42808"
"Gaia DR3 6294928369390563968","","67164"
"Gaia DR3 798068905726303232","82885","47080"
"Gaia DR3 145421309108301184","28343","20917"
"Gaia DR3 1332966881549315456","",""
"Gaia DR3 709563717249089792","",""
"Gaia DR3 6746465363623545984","",""
"Gaia DR3 2560771312759450496","","8051"
"Gaia DR3 2109049433075668480","",""
"Gaia DR3 1612801833587498240","",""
"Gaia DR3 3912369208386557440","",""
"Gaia DR3 386655019234959872","","428"
"Gaia DR3 3059182338820698624","",""
"Gaia DR3 3560746351897773952","",""
"Gaia DR3 614543647497149056","","47513"
"Gaia DR3 4946938113149426944","16157","11964"
"Gaia DR3 392350008432819328","",""
"Gaia DR3 5159273530961537280","",""
"Gaia DR3 6409685433069148288","","108569"
"Gaia DR3 1118916397393675648","75632B",""
"Gaia DR3 6114232433761438208","",""
"Gaia DR3 1118916397395366656","75632A",""
"Gaia DR3 1236929488664453376","131511","72848"
"Gaia DR3 605079910398496640","",""
"Gaia DR3 5334356223546958464","99279B",""
"Gaia DR3 5895265380327966464","","69454"
"Gaia DR3 4763906879239461632","33262","23693"
"Gaia DR3 3060641356390249728","","36338"
"Gaia DR3 1586968533015434624","","73470"
"Gaia DR3 1776317182780536064","","109555"
"Gaia DR3 4721111481504887040","","13389"
"Gaia DR3 3100542495921276160","",""
"Gaia DR3 5866992641380992256","125072","69972"
"Gaia DR3 6608187792013441792","",""
"Gaia DR3 1071194431653425280","","47620"
"Gaia DR3 6885776098199761024","","104432"
"Gaia DR3 732857558276385664","97101","54646"
"Gaia DR3 732856080807636224","97101B",""
"Gaia DR3 514923083669786112","",""
"Gaia DR3 4518262684390915200","",""
"Gaia DR3 898506093171335424","",""
"Gaia DR3 3988689609004982912","95650","53985"
"Gaia DR3 6539166877292779264","",""
"Gaia DR3 1891598193816300544","210027","109176"
"Gaia DR3 2979590513145784192","","22762"
"Gaia DR3 3838384617141390208","",""
"Gaia DR3 898506166187633280","","36627"
"Gaia DR3 354077348697687424","","11048"
"Gaia DR3 4722135642226902656","20807","15371"
"Gaia DR3 4508377078422114944","",""
"Gaia DR3 4722111590409480064","20766","15330"
"Gaia DR3 5808612830236138368","147584","80686"
"Gaia DR3 2070115588901082368","","102401"
"Gaia DR3 1341113541156480768","","84099"
"Gaia DR3 4055579464064558592","",""
"Gaia DR3 3683687763520080384","110379J","61941"
"Gaia DR3 5640565607657897728","72673","41926"
"Gaia DR3 3407785622839603968","","24284"
"Gaia DR3 6579485487647973888","",""
"Gaia DR3 2768048564768256512","",""
"Gaia DR3 4609689240889873280","",""
"Gaia DR3 4733113441195646592","",""
"Gaia DR3 263916742385357056","233153","26801"
"Gaia DR3 2863419584886542080","",""
"Gaia DR3 263916708025623680","37394","26779"
"Gaia DR3 3569610404187997696","",""
"Gaia DR3 4698037645878876800","",""
"Gaia DR3 5185165891628969984","",""
"Gaia DR3 1117132130541140736","",""
"Gaia DR3 4996141155411983744","",""
"Gaia DR3 6471497502884511232","196877","102186"
"Gaia DR3 6637963425890391552","175224B",""
"Gaia DR3 883439489632629120","","35191"
"Gaia DR3 2525276565243086080","",""
"Gaia DR3 4705628051386514304","",""
"Gaia DR3 5538156819768871552","",""
"Gaia DR3 1149727977380998784","",""
"Gaia DR3 3278325004913943808","",""
"Gaia DR3 6456884409233519360","","103910"
"Gaia DR3 6709964635600548992","",""
"Gaia DR3 188771135583573504","34411","24813"
"Gaia DR3 5726982995343100928","69830","40693"
"Gaia DR3 14912165107085184","",""
"Gaia DR3 704967037090946688","75732","43587"
"Gaia DR3 5413438219396893568","",""
"Gaia DR3 6636988399594203648","",""
"Gaia DR3 3412806512623627008","",""
"Gaia DR3 1958030617647715328","",""
"Gaia DR3 5339892367684811520","304043","55042"
"Gaia DR3 3915363693944966528","",""
"Gaia DR3 1172618435080418176","",""
"Gaia DR3 4247023886053586304","190007","98698"
"Gaia DR3 4646616923022587136","",""
"Gaia DR3 3575733210781078016","104304","58576"
"Gaia DR3 3517841209157902720","","59406"
"Gaia DR3 5776161813992756992","",""
"Gaia DR3 3517841140438425600","",""
"Gaia DR3 3852570413083923072","82106","46580"
"Gaia DR3 1637110042813188608","158633","85235"
"Gaia DR3 5924187617032756736","","84051"
"Gaia DR3 985610542491481984","","36915"
"Gaia DR3 3767878708888402816","","51007"
"Gaia DR3 4919497979411495296","",""
"Gaia DR3 5117974602912370432","14412","10798"
"Gaia DR3 6427708902553822592","","98811"
"Gaia DR3 5315595737654226304","",""
"Gaia DR3 6018047019138644480","147513","80337"
"Gaia DR3 3555173782156353536","",""
"Gaia DR3 1244644727396803584","","67090"
"Gaia DR3 3521407509481957120","",""
"Gaia DR3 3338162729799839104","","25953"
"Gaia DR3 853819947756949120","90839","51459"
"Gaia DR3 2717105133036645760","","111313"
"Gaia DR3 1094235934764378112","",""
"Gaia DR3 4780166972587269120","27274","19884"
"Gaia DR3 5165286828773802880","",""
"Gaia DR3 1175938925836488448","","70475"
"Gaia DR3 505516521175942784","","9291"
"Gaia DR3 6072726969332631552","",""
"Gaia DR3 3144499458967932672","",""
"Gaia DR3 5690846274384548864","",""
"Gaia DR3 2395413147718069504","",""
"Gaia DR3 1800808220175220480","",""
"Gaia DR3 5690980582306104448","","48336"
"Gaia DR3 848178083009862656","",""
"Gaia DR3 5497072086021346688","","31862"
"Gaia DR3 409824168780424832","","7635"
"Gaia DR3 4093301474693288960","170657","90790"
"Gaia DR3 2980492387558410112","30495","22263"
"Gaia DR3 6721432232656218752","166348","89211"
"Gaia DR3 1605198298364601088","128165","71181"
"Gaia DR3 3411339626674506624","29697","21818"
"Gaia DR3 4741883764414703232","","13218"
"Gaia DR3 2009439555118168832","","115562"
"Gaia DR3 4347870370990204928","","78353"
"Gaia DR3 6173812151364882688","",""
"Gaia DR3 1714831771000745344","",""
"Gaia DR3 6608490501308343168","214749","111960"
"Gaia DR3 211810233512673792","",""
"Gaia DR3 2430731144829585280","",""
"Gaia DR3 4248817876711932416","",""
"Gaia DR3 4971869092631523200","",""
"Gaia DR3 4941774600386872960","",""
"Gaia DR3 4971681351020953088","","10617"
"Gaia DR3 1503625448550796032","","66625"
"Gaia DR3 3652796572020424448","",""
"Gaia DR3 4103671243754951296","","91430"
"Gaia DR3 5684037136313018368","",""
"Gaia DR3 5481843025342799104","",""
"Gaia DR3 205533465225342208","",""
"Gaia DR3 1451450048399808384","120476A",""
"Gaia DR3 2047690533883897856","",""
"Gaia DR3 3765772972322477696","","50341"
"Gaia DR3 2679694971455927296","",""
"Gaia DR3 5934097210481810432","",""
"Gaia DR3 3073508528645520000","",""
"Gaia DR3 3592769731134725248","","56157"
"Gaia DR3 555032443207370880","",""
"Gaia DR3 269067920001221888","","28368"
"Gaia DR3 348020482735930112","9826","7513"
"Gaia DR3 4453239765733463936","",""
"Gaia DR3 1473166433840437888","","65012"
"Gaia DR3 2110336583235233536","",""
"Gaia DR3 798914636327665536","","46769"
"Gaia DR3 144312344255035392","",""
"Gaia DR3 461701979233050624","",""
"Gaia DR3 461701979229013376","",""
"Gaia DR3 4296708789289490816","188512B",""
"Gaia DR3 6166376978860425600","",""
"Gaia DR3 4548562265603840768","",""
"Gaia DR3 5914096303621755520","154577","83990"
"Gaia DR3 1446540213584440704","",""
"Gaia DR3 2891695137006940544","",""
"Gaia DR3 2710189960812052736","",""
"Gaia DR3 2860924621205256704","166","544"
"Gaia DR3 6329012134635132544","",""
"Gaia DR3 2756363608023588864","222368","116771"
"Gaia DR3 266846631637524864","","23518"
"Gaia DR3 5599170330597007360","",""
"Gaia DR3 170639948323693952","281621","19337"
"Gaia DR3 777254360337133312","95128","53721"
"Gaia DR3 2034581091118259328","331161A",""
"Gaia DR3 3263836568394170880","22484","16852"
"Gaia DR3 3411398347466374144","",""
"Gaia DR3 5107106033552702208","23356","17420"
"Gaia DR3 6734485286788609664","",""
"Gaia DR3 5031808453624044800","5133","4148"
"Gaia DR3 4726357491998516480","","12261"
"Gaia DR3 567659818855055488","","15638"
"Gaia DR3 4785886941312921344","",""
"Gaia DR3 2034581091125010048","331161B",""
"Gaia DR3 622339455521105280","",""
"Gaia DR3 1350714133093019904","","87938"
"Gaia DR3 6508776375901968640","211415","110109"
"Gaia DR3 6018209128388194688","",""
"Gaia DR3 948039989652369408","","35353"
"Gaia DR3 5059348952161258624","20010","14879"
"Gaia DR3 3531294008802299392","",""
"Gaia DR3 2910909931633597312","","28035"
"Gaia DR3 2644439955745152512","","116317"
"Gaia DR3 6288325222245417856","120467","67487"
"Gaia DR3 87921523897823872","","12097"
"Gaia DR3 3057712223051571200","61606","37349"
"Gaia DR3 1466009540856759680","",""
"Gaia DR3 3197487123332369536","",""
"Gaia DR3 4568060562432051584","","83762"
"Gaia DR3 982389862479141376","",""
"Gaia DR3 2526862202360516224","",""
"Gaia DR3 3057712188691831936","61606B",""
"Gaia DR3 4055585060376248832","318327","86961"
"Gaia DR3 6863536001631204608","188088B",""
"Gaia DR3 4345775217221821312","146233","79672"
"Gaia DR3 6863535898551993472","188088","97944"
"Gaia DR3 6662167868705713664","","93206"
"Gaia DR3 1229089524081628416","","70865"
"Gaia DR3 3342958387205080064","",""
"Gaia DR3 5189170557793054848","",""
"Gaia DR3 5970956070030449792","150689","81935"
"Gaia DR3 2302668860880387072","",""
"Gaia DR3 4865016349710062208","",""
"Gaia DR3 3928391218812375808","","61706"
"Gaia DR3 1510834911934401152","234078","67691"
"Gaia DR3 5129338021224785408","17206","12843"
"Gaia DR3 4258375617747092864","173818","92200"
"Gaia DR3 6798111177125746944","","100923"
"Gaia DR3 1534239391319888384","",""
"Gaia DR3 1439069444391326208","","86087"
"Gaia DR3 1379500756257031808","144579","78775"
"Gaia DR3 5661077924778519552","",""
"Gaia DR3 646818024623804416","","47741"
"Gaia DR3 70051608089857536","23453","17609"
"Gaia DR3 2051984436005124480","",""
"Gaia DR3 573273684709125504","",""
"Gaia DR3 943688191349024000","",""
"Gaia DR3 4291123545113039616","184489","96285"
"Gaia DR3 3758629475341196672","",""
"Gaia DR3 1439121018358632832","160269","86036"
"Gaia DR3 6910371005081903488","","103800"
"Gaia DR3 1092545710514654464","72905","42438"
"Gaia DR3 5046323965616929792","",""
"Gaia DR3 1078773262224027520","97584","54952"
"Gaia DR3 1078773262224027648","97584B",""
"Gaia DR3 2887328533953284096","","27359"
"Gaia DR3 5842905399625203328","",""
"Gaia DR3 2611163717366876544","216133","112774"
"Gaia DR3 1604859511344724864","126660","70497"
"Gaia DR3 6245870673116518784","","79431"
"Gaia DR3 5329084752471816192","",""
"Gaia DR3 1965478468902062464","",""
"Gaia DR3 4772342676044749952","",""
"Gaia DR3 1284721994948665216","","70218"
"Gaia DR3 3394298532176344960","35171","25220"
"Gaia DR3 4975847194422433280","",""
"Gaia DR3 3400292798990117888","35296","25278"
"Gaia DR3 1604859408265509632","126660B",""
"Gaia DR3 1333760419707327744","157214","84862"
"Gaia DR3 4094679437572611712","",""
"Gaia DR3 2395031273585836288","221503","116215"
"Gaia DR3 6171492113110925312","120036B",""
"Gaia DR3 89593331327905536","",""
"Gaia DR3 1155276250492687616","","74190"
"Gaia DR3 4470812298018311296","",""
"Gaia DR3 3299381442858615936","",""
"Gaia DR3 672091364541849344","","38082"
"Gaia DR3 383426372059603712","","1368"
"Gaia DR3 6748796396992580352","","99150"
"Gaia DR3 4714117865996976768","",""
"Gaia DR3 6748796362632835968","",""
"Gaia DR3 1123140411831352064","",""
"Gaia DR3 348515297330773120","10307","7918"
"Gaia DR3 5994771148252505216","142709","78170"
"Gaia DR3 5902750168276592256","136352","75181"
"Gaia DR3 4477025122831072768","",""
"Gaia DR3 139860666488305664","","13375"
"Gaia DR3 4423865487962417024","140538A","77052"
"Gaia DR3 1014058103758571520","",""
"Gaia DR3 3143635723866162432","",""
"Gaia DR3 393621524910343296","",""
"Gaia DR3 5835498883232034816","144628","79190"
"Gaia DR3 4586421272746553472","",""
"Gaia DR3 6465749496610128512","205390","106696"
"Gaia DR3 2995725777563537792","40136","28103"
"Gaia DR3 4660766641264343552","36705B",""
"Gaia DR3 4701057557644479232","",""
"Gaia DR3 6385548541499112448","",""
"Gaia DR3 746545172372256384","86728","49081"
"Gaia DR3 2043885295914531072","176051A",""
"Gaia DR3 1923896725839633024","",""
"Gaia DR3 2379962604166006016","","114411"
"Gaia DR3 4315804351350378496","182572","95447"
"Gaia DR3 5663558453071724288","84117","47592"
"Gaia DR3 3489338019475637760","105452","59199"
"Gaia DR3 1209281444150517120","",""
"Gaia DR3 6518076316215261568","",""
"Gaia DR3 1138963758544545280","",""
"Gaia DR3 1209281375431039104","","76316"
"Gaia DR3 3850237416912716928","",""
"Gaia DR3 4581486217883307008","",""
"Gaia DR3 1159745146784043264","",""
"Gaia DR3 2467242352575094784","",""
"Gaia DR3 4975284381908412672","4391","3583"
"Gaia DR3 2918040883015489408","",""
"Gaia DR3 6366571314402539008","",""
"Gaia DR3 3015684005638599168","",""
"Gaia DR3 5885471411757745408","",""
"Gaia DR3 892348454394856064","60179C",""
"Gaia DR3 3127503620545728128","",""
"Gaia DR3 1889703529122914560","","112909"
"Gaia DR3 3127574019351694848","",""
"Gaia DR3 3968118399284369280","",""
"Gaia DR3 1631591147276525696","",""
"Gaia DR3 5183110874332308480","",""
"Gaia DR3 2920772722738017920","52698","33817"
"Gaia DR3 2136665454312416128","",""
"Gaia DR3 6319027263385067264","",""
"Gaia DR3 5309974484478157696","",""
"Gaia DR3 4510987662629223424","229793","92573"
"Gaia DR3 3023711269067191296","38858","27435"
"Gaia DR3 5482827676662168832","","31300"
"Gaia DR3 5588607120530408832","63077","37853"
"Gaia DR3 6009538585839374336","140901","77358"
"Gaia DR3 890284258753196544","",""
"Gaia DR3 4934923028038871296","7570","5862"
"Gaia DR3 1573086507223498496","",""
"Gaia DR3 3858896247076028288","",""
"Gaia DR3 1573086442800134272","238090","59514"
"Gaia DR3 2905516483501493120","",""
"Gaia DR3 3724242219117947904","122742","68682"
"Gaia DR3 3256334497479041024","24916A","18512"
"Gaia DR3 2507016253701863040","",""
"Gaia DR3 5170039467784804096","21197","15919"
"Gaia DR3 3479221035031532416","",""
"Gaia DR3 5588141992752796800","",""
"Gaia DR3 3256334497479304832","24916B",""
"Gaia DR3 117709729140217216","",""
"Gaia DR3 6096529059601571200","",""
"Gaia DR3 2620145937091715072","",""
"Gaia DR3 2312376723918929920","",""
"Gaia DR3 2213428064767263360","",""
"Gaia DR3 3278137572540701056","",""
"Gaia DR3 4896480390678599168","",""
"Gaia DR3 1683609076745527680","",""
"Gaia DR3 5408648849826522112","","48904"
"Gaia DR3 2797745549200773120","",""
"Gaia DR3 1791995119082190848","",""
"Gaia DR3 6564091190988411520","207129","107649"
"Gaia DR3 2835207319109249920","217014","113357"
"Gaia DR3 5329751125239019392","",""
"Gaia DR3 1635375460142367104","153597","82860"
"Gaia DR3 1083242222939300480","",""
"Gaia DR3 6260386975385254656","139763","76779"
"Gaia DR3 3774789959807192064","","52186"
"Gaia DR3 2046207670631964928","182488","95319"
"Gaia DR3 4880837088995983360","",""
"Gaia DR3 4240815184408080512","",""
"Gaia DR3 5945941905576552064","160691","86796"
"Gaia DR3 1833199729671740800","190404","98792"
"Gaia DR3 3134682194522547968","",""
"Gaia DR3 1244571953471006720","120136","67275"
"Gaia DR3 3845035696121944576","",""
"Gaia DR3 6572227714472220288","",""
"Gaia DR3 6143501502007380608","",""
"Gaia DR3 4880837088995421952","",""
"Gaia DR3 2636589099125426816","217580","113718"
"Gaia DR3 5970189332424492160","152705",""
"Gaia DR3 3244915072792668416","","18280"
"Gaia DR3 3213958769587525888","34673","24819"
"Gaia DR3 1235125877277843840","",""
"Gaia DR3 6614285855300051840","213042","110996"
"Gaia DR3 5970189504223192960","",""
"Gaia DR3 1655482224982135040","",""
"Gaia DR3 5943550124208359552","",""
"Gaia DR3 6328672145023976960","127339","70956"
"Gaia DR3 3345968334645285376","41593","28954"
"Gaia DR3 5970189504209690496","",""
"Gaia DR3 6579894402894605824","","104644"
"Gaia DR3 5805810454276181120","","82256"
"Gaia DR3 4419140645978987904","135599","74702"
"Gaia DR3 1130450270073924608","","47981"
"Gaia DR3 6832674634380238848","203040","105341"
"Gaia DR3 1372215976327300480","",""
"Gaia DR3 6398188767690594048","",""
"Gaia DR3 6868221463056407168","",""
"Gaia DR3 4590758227641991424","165908","88745"
"Gaia DR3 3980560507224374400","","56238"
"Gaia DR3 2372192767809294592","",""
"Gaia DR3 3223516063958808064","","26081"
"Gaia DR3 6866310172545095424","191391","99385"
"Gaia DR3 549890302202250112","",""
"Gaia DR3 2372192389852176768","",""
"Gaia DR3 2473608009504466688","4813","3909"
"Gaia DR3 2788769028896753664","",""
"Gaia DR3 2999254213453678720","",""
"Gaia DR3 6124711741640147712","","69285"
"Gaia DR3 5075243629687810560","",""
"Gaia DR3 1537992501630401920","107596","60303"
"Gaia DR3 830239138487431808","","51525"
"Gaia DR3 68553931516671488","",""
"Gaia DR3 1384195086792268800","142373","77760"
"Gaia DR3 6006981087424136576","",""
"Gaia DR3 2029433521248546304","190360","98767"
"Gaia DR3 2222540228723911168","",""
"Gaia DR3 5925209514333720832","",""
"Gaia DR3 2889899840676982912","",""
"Gaia DR3 4250327300012527872","",""
"Gaia DR3 25488745411919360","17230","12929"
"Gaia DR3 3407611182744289152","32923","23835"
"Gaia DR3 4475881317196185728","",""
"Gaia DR3 5320435203722048768","","39987"
"Gaia DR3 530158019855216896","","2120"
"Gaia DR3 2497858563088120448","",""
"Gaia DR3 3920481233377933824","",""
"Gaia DR3 5291028284195365632","65907B",""
"Gaia DR3 5291028181119851776","65907","38908"
"Gaia DR3 6890353330746858368","","103388"
"Gaia DR3 4856592239127350400","23484","17439"
"Gaia DR3 5463554406059006336","","49091"
"Gaia DR3 1743592452563243136","202575","105038"
"Gaia DR3 6623761137270596992","","111391"
"Gaia DR3 5115463180914712448","",""
"Gaia DR3 5856411869205581568","109200","61291"
"Gaia DR3 6367463327570835328","",""
"Gaia DR3 551050046451136256","24451","18774"
"Gaia DR3 1672538231604762624","",""
"Gaia DR3 3269132022551595264","",""
"Gaia DR3 5205029672996886016","90589","50954"
"Gaia DR3 6093381604489726848","120780","67742"
"Gaia DR3 569821974111727744","",""
"Gaia DR3 6554995893362365952","",""
"Gaia DR3 6421374031949679744","",""
"Gaia DR3 6913810483612308480","","103393"
"Gaia DR3 1176209886733406592","128311","71395"
"Gaia DR3 2063967910147595008","",""
"Gaia DR3 4673947174316727040","21749","16069"
"Gaia DR3 5471516004114550784","",""
"Gaia DR3 27360698317776640","",""
"Gaia DR3 1940584323054654592","","117383"
"Gaia DR3 3762071530853756928","",""
"Gaia DR3 5832599952051348992","",""
"Gaia DR3 1103079616027292416","","34115"
"Gaia DR3 2294281163411732736","",""
"Gaia DR3 1618330448634358400","",""
"Gaia DR3 4706630501049679744","55","436"
"Gaia DR3 154666071592704128","283779",""
"Gaia DR3 1996725077535282944","",""
"Gaia DR3 5695264936746881536","",""
"Gaia DR3 2325083848520121856","",""
"Gaia DR3 1092897519875582592","","43534"
"Gaia DR3 1595170236922937728","",""
"Gaia DR3 3712538811193759744","116443","65355"
"Gaia DR3 2281046483684995840","",""
"Gaia DR3 2145277550935526784","",""
"Gaia DR3 4547881191164080768","",""
"Gaia DR3 5910710976034819584","",""
"Gaia DR3 523359498947960704","",""
"Gaia DR3 2145277550935525760","234677","91009"
"Gaia DR3 4775316442680940800","",""
"Gaia DR3 6289177958320337408","",""
"Gaia DR3 5241011156681563136","",""
"Gaia DR3 353610331133759744","",""
"Gaia DR3 3712538708114516736","116442","65352"
"Gaia DR3 952326504452337792","48682","32480"
"Gaia DR3 2913411183149615744","43162","29568"
"Gaia DR3 3539057213728669184","",""
"Gaia DR3 1155910118945913728","",""
"Gaia DR3 5593952946066050304","",""
"Gaia DR3 4915139584039259392","","5812"
"Gaia DR3 3745619095984248448","",""
"Gaia DR3 2670661109044300160","",""
"Gaia DR3 5184938400096586112","",""
"Gaia DR3 3745619095984248576","",""
"Gaia DR3 2066768499405895296","",""
"Gaia DR3 4984184825454337408","","6351"
"Gaia DR3 5291484512805323264","",""
"Gaia DR3 4955395178633330432","",""
"Gaia DR3 2668249051115631232","",""
"Gaia DR3 3972130276695660288","",""
"Gaia DR3 2752746111688997248","","1463"
"Gaia DR3 4955395178633330304","",""
"Gaia DR3 778758492243661824","",""
"Gaia DR3 5840719364353028096","",""
"Gaia DR3 6631770869026896512","","92451"
"Gaia DR3 4477295014267164800","",""
"Gaia DR3 4381250547575102208","152391","82588"
"Gaia DR3 6229442835525861120","130992","72688"
"Gaia DR3 4004586348119642240","",""
"Gaia DR3 4894315447987680640","",""
"Gaia DR3 778758492243886464","",""
"Gaia DR3 53112944270520832","25680","19076"
"Gaia DR3 5863130980814698112","","63550"
"Gaia DR3 5760701787150565888","76151","43726"
"Gaia DR3 2290483248388179328","193202","99427"
"Gaia DR3 2011251030583236352","221354","116085"
"Gaia DR3 1800265817345116544","",""
"Gaia DR3 3250328209054347264","","17695"
"Gaia DR3 974887555341533440","55575","35136"
"Gaia DR3 2881313793031884544","",""
"Gaia DR3 4503794795019024000","174080","92283"
"Gaia DR3 1139642706975159552","",""
"Gaia DR3 97334889619799168","",""
"Gaia DR3 5441169002153568512","",""
"Gaia DR3 6683306151547010688","",""
"Gaia DR3 4467057362719443072","",""
"Gaia DR3 6093381394034220544","120780B",""
"Gaia DR3 4105386688016878336","","91608"
"Gaia DR3 5751680775281710720","",""
"Gaia DR3 6113324752547911040","",""
"Gaia DR3 2830099469122381056","",""
"Gaia DR3 2276449837884804480","",""
"Gaia DR3 2688566793341935360","",""
"Gaia DR3 4706564427272810752","224953B",""
"Gaia DR3 6065173805485251072","",""
"Gaia DR3 1428030622526979968","","79126"
"Gaia DR3 844922257281519744","",""
"Gaia DR3 1505105593069066880","",""
"Gaia DR3 974536192658255104","","35821"
"Gaia DR3 560130775546153344","7924","6379"
"Gaia DR3 3080863574244739712","",""
"Gaia DR3 6349915534307041152","",""
"Gaia DR3 1773497412196823680","",""
"Gaia DR3 5559265690666326016","53705","34065"
"Gaia DR3 1615982823805660544","","73734"
"Gaia DR3 4247106761739962880","",""
"Gaia DR3 876370076542359936","65583","39157"
"Gaia DR3 5677606810060597248","","47619"
"Gaia DR3 5559265690666327168","53706","34069"
"Gaia DR3 4101968375059565568","",""
"Gaia DR3 358249819229900672","",""
"Gaia DR3 3046640175314154624","",""
"Gaia DR3 4757687388639045504","",""
"Gaia DR3 2407340615496379008","",""
"Gaia DR3 2435125446129139712","",""
"Gaia DR3 2954061532478049664","",""
"Gaia DR3 3957887649746830976","111395","62523"
"Gaia DR3 4038724053986441856","165185","88694"
"Gaia DR3 4038724053950164096","",""
"Gaia DR3 16302463200535040","",""
"Gaia DR3 5103774994355594368","",""
"Gaia DR3 1070382098718626176","",""
"Gaia DR3 1139252071109797760","62613","38784"
"Gaia DR3 1974606167761195904","",""
"Gaia DR3 43335537119385216","","17405"
"Gaia DR3 1715791060537076608","","69064"
"Gaia DR3 2920124904228150144","",""
"Gaia DR3 43335880716390784","","17414"
"Gaia DR3 2460983348274381696","","8691"
"Gaia DR3 3381727613874753536","50692","33277"
"Gaia DR3 1453180404823190912","124642","69526"
"Gaia DR3 4117290138348536064","160915","86736"
"Gaia DR3 5169649072437050496","",""
"Gaia DR3 3382815271394515072","47752","32010"
"Gaia DR3 4418203587193988480","135204","74537"
"Gaia DR3 619440661833351040","",""
"Gaia DR3 5274724279107404544","67199","39342"
"Gaia DR3 3865002247461685248","94765","53486"
"Gaia DR3 6747926786376161536","",""
"Gaia DR3 5274724279106403968","",""
"Gaia DR3 518201792978856960","",""
"Gaia DR3 6885342959337741184","200968","104239"
"Gaia DR3 4879015915487168384","",""
"Gaia DR3 1683677624423753600","",""
"Gaia DR3 4912580642524184960","10647","7978"
"Gaia DR3 4745373133284418816","17051","12653"
"Gaia DR3 1683677624423753472","",""
"Gaia DR3 4276632394156013440","",""
"Gaia DR3 5642693123990628480","",""
"Gaia DR3 4690736923033593728","",""
"Gaia DR3 151650076838458112","283750","21482"
"Gaia DR3 5013816835621197440","","6005"
"Gaia DR3 6437366909611503104","",""
"Gaia DR3 2115454019586473600","","89560"
"Gaia DR3 3652910405833716864","",""
"Gaia DR3 5989102478619519616","139664","76829"
"Gaia DR3 1212774313804554752","",""
"Gaia DR3 3654496279558010624","126053","70319"
"Gaia DR3 4202659377841518720","",""
"Gaia DR3 1521686782461765888","110897","62207"
"Gaia DR3 2246581329639103872","193664","100017"
"Gaia DR3 1056860923195191936","",""
"Gaia DR3 6600863910701061632","",""
"Gaia DR3 4819591920506512768","35650","25283"
"Gaia DR3 1323427759184545536","143761","78459"
"Gaia DR3 4899957905439568256","","523"
"Gaia DR3 854769861377131520","","51547"
"Gaia DR3 3652910371473481344","",""
"Gaia DR3 4843073709303881728","25004","18450"
"Gaia DR3 5745027080665197696","","46488"
"Gaia DR3 3639794778302745088","",""
"Gaia DR3 2929062902976882304","","34361"
"Gaia DR3 4634528720388462592","1237A","1292"
"Gaia DR3 6704729998176610176","",""
"Gaia DR3 1319404886656966016","",""
"Gaia DR3 3732539683617410816","115383","64792"
"Gaia DR3 4350216075969473408","",""
"Gaia DR3 3083867749248355328","65277B",""
"Gaia DR3 4852870701505115904","21175","15799"
"Gaia DR3 2919383519853573504","",""
"Gaia DR3 6026895540811552512","152606","82834"
"Gaia DR3 5956746565858482176","",""
"Gaia DR3 3531296963739811200","","55119"
"Gaia DR3 907066684548911872","",""
"Gaia DR3 596779044285545984","",""
"Gaia DR3 3574445407785255296","",""
"Gaia DR3 3557461767066965248","",""
"Gaia DR3 2171727299589482112","","106557"
"Gaia DR3 4187837450005193088","183870","96085"
"Gaia DR3 2692455319291894400","",""
"Gaia DR3 4866978844438656768","30876","22451"
"Gaia DR3 3845829101135351296","",""
"Gaia DR3 4187836934609063552","183870B",""
"Gaia DR3 2683714304930755712","",""
"Gaia DR3 3480332916165099904","102438","57507"
"Gaia DR3 6634032740544236032","165499","89042"
"Gaia DR3 2056115198113182208","",""
"Gaia DR3 1821708351374312064","190406","98819"
"Gaia DR3 1234693112077610880","","72237"
"Gaia DR3 1125337098625077504","",""
"Gaia DR3 1191518146611956096","142267","77801"
"Gaia DR3 4271449399422291712","",""
"Gaia DR3 3837697972130323456","81997","46509"
"Gaia DR3 4155146598548456064","","91557"
"Gaia DR3 2014653404891943936","",""
"Gaia DR3 1990050457838764544","",""
"Gaia DR3 1554835340053676800","",""
"Gaia DR3 1701585301586363904","",""
"Gaia DR3 6313600142709958144","132683","73457"
"Gaia DR3 892160231749198848","58946","36366"
"Gaia DR3 657608666099404544","","42267"
"Gaia DR3 2741452134407577216","",""
"Gaia DR3 596779044285041792","",""
"Gaia DR3 2045458628362127360","",""
"Gaia DR3 676689831406224128","","39826"
"Gaia DR3 2904830113367963264","35854","25421"
"Gaia DR3 2050589430625453824","",""
"Gaia DR3 3868080055385587840","","54227"
"Gaia DR3 1385293808145621504","145675","79248"
"Gaia DR3 369092520004831232","3765","3206"
"Gaia DR3 5296347755815266816","",""
"Gaia DR3 493650660400463488","23189","17749"
"Gaia DR3 2322574488107786624","2025","1936"
"Gaia DR3 5087043657197267200","23754","17651"
"Gaia DR3 1408029436569383296","153525","83006"
"Gaia DR3 6427244702486210816","189567","98959"
"Gaia DR3 1408029509584967168","153557","83020"
"Gaia DR3 4188997606567280384","188807","98204"
"Gaia DR3 2410261949172008064","",""
"Gaia DR3 819750862709551360","84035","47690"
"Gaia DR3 6270906415441316224","125276","69965"
"Gaia DR3 646255212109355136","82443","46843"
"Gaia DR3 4105057482987021184","",""
"Gaia DR3 4276822089967374336","",""
"Gaia DR3 3637468383496879104","",""
"Gaia DR3 6274832977622107264","",""
"Gaia DR3 4883809068925124224","",""
"Gaia DR3 2708839657453920256","",""
"Gaia DR3 57739208163471744","",""
"Gaia DR3 2228253123642541696","",""
"Gaia DR3 4534214948839463040","",""
"Gaia DR3 4496383055821714816","",""
"Gaia DR3 3837746380705638656","81997B",""
"Gaia DR3 6013642341180098432","",""
"Gaia DR3 3606183188877989376","",""
"Gaia DR3 892215482207937152","","36357"
"Gaia DR3 4540061704989418240","","84460"
"Gaia DR3 3903318372263850368","","61413"
"Gaia DR3 1462061709996744448","116495B",""
"Gaia DR3 1772187382746856320","206860","107350"
"Gaia DR3 3719665845564967552","117936","66147"
"Gaia DR3 2564324345929277184","","6069"
"Gaia DR3 1462061709995883136","116495A",""
"Gaia DR3 6576809826100275456","",""
"Gaia DR3 3812355328621651328","99491","55846"
"Gaia DR3 1836834337140192128","",""
"Gaia DR3 5900432500841313920","",""
"Gaia DR3 5736025550767699968","",""
"Gaia DR3 1265976524286377856","130948","72567"
"Gaia DR3 4879850208590379904","31560","22907"
"Gaia DR3 6062166950467100032","114837","64583"
"Gaia DR3 1141280704422528128","46588","32439"
"Gaia DR3 2954555801611979648","",""
"Gaia DR3 3593710810008880768","",""
"Gaia DR3 1603611493015735296","",""
"Gaia DR3 683184784030475520","69897","40843"
"Gaia DR3 6062166950455776512","114837B",""
"Gaia DR3 6029992663310612096","154088","83541"
"Gaia DR3 656328319169788032","",""
"Gaia DR3 4677345043203760896","",""
"Gaia DR3 549007291282705024","",""
"Gaia DR3 806039471675754112","",""
"Gaia DR3 6882393725554653056","","104059"
"Gaia DR3 1359938520253565952","154345","83389"
"Gaia DR3 6338748894214299264","",""
"Gaia DR3 3561574971346845440","","55066"
"Gaia DR3 2324785228033780608","222335","116763"
"Gaia DR3 4623036865373793408","39091","26394"
"Gaia DR3 4058369298708349824","",""
"Gaia DR3 4058369298698605440","",""
"Gaia DR3 3640244581637740416","","69485"
"Gaia DR3 2787758616366123136","",""
"Gaia DR3 5593584059914156800","64379A",""
"Gaia DR3 5479222240596469632","53143","33690"
"Gaia DR3 495091570387568512","",""
"Gaia DR3 3526420114274019456","109085","61174"
"Gaia DR3 681999884156922368","",""
"Gaia DR3 6645504151509887744","",""
"Gaia DR3 6612242034982766848","210302","109422"
"Gaia DR3 5454284595324061312","",""
"Gaia DR3 4213581106021661184","",""
"Gaia DR3 1071851527289746176","",""
"Gaia DR3 4111366313257506560","158233","85561"
"Gaia DR3 1611087248283201024","",""
"Gaia DR3 1584088431025057792","","60398"
"Gaia DR3 6669657123437047424","192961","100223"
"Gaia DR3 4177911333902753280","",""
"Gaia DR3 2135110401277424384","185395","96441"
"Gaia DR3 764072689093638528","",""
"Gaia DR3 3435347596210300672","",""
"Gaia DR3 5440359486716251904","",""
"Gaia DR3 3091982587439255168","",""
"Gaia DR3 219057458247921536","25329","18915"
"Gaia DR3 477826420331704064","",""
"Gaia DR3 610304720935037184","77175B",""
"Gaia DR3 5503983654771355776","",""
"Gaia DR3 4542821410453751680","",""
"Gaia DR3 5287046368477870848","",""
"Gaia DR3 4101582957531738112","",""
"Gaia DR3 2256631484392164736","",""
"Gaia DR3 1416124285987232256","156985","84616"
"Gaia DR3 1890425839540910848","",""
"Gaia DR3 4363875373342033664","",""
"Gaia DR3 1320795047312113152","",""
"Gaia DR3 2247535151679497472","",""
"Gaia DR3 520377795206114688","13579","10531"
"Gaia DR3 3330062833797919744","42807","29525"
"Gaia DR3 1416123117756120960","",""
"Gaia DR3 393155984814848128","",""
"Gaia DR3 2110851841872084096","",""
"Gaia DR3 4672462936698379520","",""
"Gaia DR3 5073448642595674752","20280","15095"
"Gaia DR3 405118190290397568","",""
"Gaia DR3 5225219214743975552","",""
"Gaia DR3 1461049369026235904","",""
"Gaia DR3 4311982650767794176","",""
"Gaia DR3 2204001126955518592","",""
"Gaia DR3 1188693088919917952","",""
"Gaia DR3 6051948158061617024","","80440"
"Gaia DR3 4145033393613641984","",""
"Gaia DR3 741275934694972800","",""
"Gaia DR3 3256786534197166208","25457","18859"
"Gaia DR3 3498481592531208576","111261B","62471"
"Gaia DR3 6487693790194944128","",""
"Gaia DR3 97993497084921984","","8382"
"Gaia DR3 2830318679957189632","",""
"Gaia DR3 3177407910705445888","","21086"
"Gaia DR3 6868107358662346112","",""
"Gaia DR3 821455861647126656","84737","48113"
"Gaia DR3 2514052131687080192","",""
"Gaia DR3 1862034696988864896","",""
"Gaia DR3 5344026286547761664","",""
"Gaia DR3 3552000252294347392","","54373"
"Gaia DR3 493935296471302784","25665","19422"
"Gaia DR3 3343573598320013440","",""
"Gaia DR3 3498481519515679872","111261","62472"
"Gaia DR3 847330222106968064","",""
"Gaia DR3 3238437574916370048","",""
"Gaia DR3 4270446404294208000","170493","90656"
"Gaia DR3 4310146505003156992","",""
"Gaia DR3 6742962972412390912","",""
"Gaia DR3 1185619988280226944","130004","72146"
"Gaia DR3 2250947352873635712","",""
"Gaia DR3 2282790893241302144","",""
"Gaia DR3 3795993633527490560","",""
"Gaia DR3 5930579185585956992","",""
"Gaia DR3 991713931537805440","",""
"Gaia DR3 2348830516542653824","4747","3850"
"Gaia DR3 3554395813252625920","","52621"
"Gaia DR3 2856874535763703680","",""
"Gaia DR3 427322415301550208","5015","4151"
"Gaia DR3 1668113865533954816","",""
"Gaia DR3 5629282488047547648","",""
"Gaia DR3 3181197137010596608","",""
"Gaia DR3 2416611663182821120","693","910"
"Gaia DR3 2899039432302133632","",""
"Gaia DR3 4285624303336874624","",""
"Gaia DR3 888957972853029632","266611","33428"
"Gaia DR3 1650819612781643392","",""
"Gaia DR3 3590516110255264000","",""
"Gaia DR3 5649998554125258368","",""
"Gaia DR3 5970137861534914304","153026B",""
"Gaia DR3 4554019214828782848","",""
"Gaia DR3 2282846074981011328","220140B",""
"Gaia DR3 3490286416972291584","",""
"Gaia DR3 714116137767540096","78366","44897"
"Gaia DR3 4134107168607042816","","82283"
"Gaia DR3 6039144001564707072","",""
"Gaia DR3 2282846074981010688","220140","115147"
"Gaia DR3 3669916380381791104","",""
"Gaia DR3 5553110654636730496","",""
"Gaia DR3 4139489552908817920","",""
"Gaia DR3 6504705571539380992","","110534"
"Gaia DR3 6805970245721550080","",""
"Gaia DR3 2036104120839521792","",""
"Gaia DR3 3677448412989388032","",""
"Gaia DR3 1264654395913772416","",""
"Gaia DR3 6823449766182657280","",""
"Gaia DR3 1651235193817400448","160964","86141"
"Gaia DR3 2061876742143320064","190771","98921"
"Gaia DR3 540136568911394944","","1860"
"Gaia DR3 3052753116376444800","52919","33955"
"Gaia DR3 6651058467639413248","170573","90945"
"Gaia DR3 3997576171218205312","",""
"Gaia DR3 1927517417630958208","",""
"Gaia DR3 6335064087152916224","","75201"
"Gaia DR3 3435919896308345856","",""
"Gaia DR3 5798502241016325120","",""
"Gaia DR3 540136568911394432","",""
"Gaia DR3 4805806449875760384","274255","25775"
"Gaia DR3 3759774208680370688","",""
"Gaia DR3 6672112470338969856","",""
"Gaia DR3 2436812303124645504","220339","115445"
"Gaia DR3 6893412618771209088","",""
"Gaia DR3 565169459378433152","","1092"
"Gaia DR3 1149245394855341440","",""
"Gaia DR3 650337664425397632","68834","40375"
"Gaia DR3 5298261284001871616","",""
"Gaia DR3 1807953155988203264","190067","98677"
"Gaia DR3 3883368588478223360","",""
"Gaia DR3 3578493912678529152","",""
"Gaia DR3 5038817840251308288","9540","7235"
"Gaia DR3 496663940735093504","",""
"Gaia DR3 4687511776265158400","",""
"Gaia DR3 5802998414627069696","",""
"Gaia DR3 4467355158571184256","148653B",""
"Gaia DR3 496663940735093632","",""
"Gaia DR3 1905816425352678656","",""
"Gaia DR3 4467355154275146112","148653A",""
"Gaia DR3 4737533134341791872","21209B","15771"
"Gaia DR3 2537831170877143552","",""
"Gaia DR3 6796392812250051712","194640","100925"
"Gaia DR3 5683119044103789440","",""
"Gaia DR3 795434510226597760","",""
"Gaia DR3 1320545217653492864","",""
"Gaia DR3 1050678712910407424","",""
"Gaia DR3 811947078931179264","",""
"Gaia DR3 5519117229744210944","",""
"Gaia DR3 4192723988912416256","",""
"Gaia DR3 3089829644889680256","",""
"Gaia DR3 3655492127855307136","130307","72312"
"Gaia DR3 6383229053001389312","",""
"Gaia DR3 4303294035005560704","",""
"Gaia DR3 1181168684174651392","",""
"Gaia DR3 6031475835680030720","",""
"Gaia DR3 6522188390538224640","",""
"Gaia DR3 3862117335108574848","",""
"Gaia DR3 2163558855915068416","200560","103859"
"Gaia DR3 4759543295545939840","36435","25544"
"Gaia DR3 868209703104242048","",""
"Gaia DR3 133359735269472768","",""
"Gaia DR3 4303294039306246656","187691","97675"
"Gaia DR3 1603272950424941440","",""
"Gaia DR3 550301107233576320","",""
"Gaia DR3 3716608138087936128","",""
"Gaia DR3 6065791696645045248","",""
"Gaia DR3 3578493912677730048","",""
"Gaia DR3 5249254676369630336","",""
"Gaia DR3 5210240327318434304","71243","40702"
"Gaia DR3 706300980915871616","",""
"Gaia DR3 1015570963037979264","",""
"Gaia DR3 3595317540095019520","","57959"
"Gaia DR3 3584226658929871232","",""
"Gaia DR3 3846639574348918528","",""
"Gaia DR3 1264630412816366720","134083","73996"
"Gaia DR3 3198812859478372480","",""
"Gaia DR3 4902689745157488128","","3856"
"Gaia DR3 2618333804489940992","",""
"Gaia DR3 2107257297843283584","",""
"Gaia DR3 6748283784056800384","188474","98130"
"Gaia DR3 2719512513745949184","",""
"Gaia DR3 1603267143629157120","139477","76315"
"Gaia DR3 2683209044978079616","",""
"Gaia DR3 3331979901042416512","43386","29800"
"Gaia DR3 6415630939116638464","",""
"Gaia DR3 6514632718428652928","","113850"
"Gaia DR3 1683228851880827136","",""
"Gaia DR3 5950304355429385984","",""
"Gaia DR3 5285775539195330560","56533","34890"
"Gaia DR3 6044721476534419584","",""
"Gaia DR3 5059643002799575424","",""
"Gaia DR3 4224259562941398400","192263","99711"
"Gaia DR3 2054269874008075904","",""
"Gaia DR3 4367026303085396352","157347","85042"
"Gaia DR3 5293288295987250816","",""
"Gaia DR3 5039735554502890752","",""
"Gaia DR3 5059643105878789632","","14555"
"Gaia DR3 5951535219996858624","",""
"Gaia DR3 4361639417663824768","",""
"Gaia DR3 2119686379142441472","",""
"Gaia DR3 6032685745182407040","",""
"Gaia DR3 5130073422706364544","",""
"Gaia DR3 6082806153754882304","",""
"Gaia DR3 5630532113072532736","82342","46626"
"Gaia DR3 3943232534138172672","",""
"Gaia DR3 4130971047908354304","",""
"Gaia DR3 1827242816176111360","189733B",""
"Gaia DR3 6189329043571426944","","65669"
"Gaia DR3 1209182041427374080","136923","75277"
"Gaia DR3 6053245135154609280","105211","59072"
"Gaia DR3 466652427262218240","",""
"Gaia DR3 2383999392388000640","","113605"
"Gaia DR3 2617043665033540480","",""
"Gaia DR3 6490470881687779968","219764","115123"
"Gaia DR3 3677094164086948736","",""
"Gaia DR3 4676145235500131456","",""
"Gaia DR3 3390044040652614656","",""
"Gaia DR3 1827242816201846144","189733A","98505"
"Gaia DR3 6143175840408947840","105671","59296"
"Gaia DR3 4676145235499604096","",""
"Gaia DR3 1752189568342546048","",""
"Gaia DR3 6371557530914670848","200525C",""
"Gaia DR3 6143175943486753152","",""
"Gaia DR3 6462049502543522688","",""
"Gaia DR3 6853658057885526912","",""
"Gaia DR3 4530744134231683840","173667","92043"
"Gaia DR3 4092990622155744000","",""
"Gaia DR3 2879203933297161088","","117197"
"Gaia DR3 1134155113160270720","",""
"Gaia DR3 299467939039225728","",""
"Gaia DR3 2962658549474035584","",""
"Gaia DR3 2122104690545294208","",""
"Gaia DR3 6744957928883188736","",""
"Gaia DR3 1954559047126247808","","107346"
"Gaia DR3 4792774797545800832","39060","27321"
"Gaia DR3 3352081447497931264","",""
"Gaia DR3 4237021938009045248","",""
"Gaia DR3 3566643651231641600","97214","54651"
"Gaia DR3 6026152137815012096","",""
"Gaia DR3 4805866957374888448","",""
"Gaia DR3 5727991694185495552","",""
"Gaia DR3 5570642264461522048","","31555"
"Gaia DR3 5930139823230549120","",""
"Gaia DR3 2832827391830929920","","112120"
"Gaia DR3 2869128764655109504","",""
"Gaia DR3 4805866957374888576","",""
"Gaia DR3 1062935140823485184","",""
"Gaia DR3 2867175035571212416","","117779"
"Gaia DR3 3793898479761174656","",""
"Gaia DR3 2611463952760479232","",""
"Gaia DR3 3361034083487398016","",""
"Gaia DR3 3602406744394215936","",""
"Gaia DR3 3566338949070993536","",""
"Gaia DR3 4232452642555465088","",""
"Gaia DR3 179416417636545920","",""
"Gaia DR3 6467586746181270528","","100490"
"Gaia DR3 5104338008732482176","",""
"Gaia DR3 1287752248996223488","","71311"
"Gaia DR3 1851868127125091968","",""
"Gaia DR3 18986817760556416","",""
"Gaia DR3 4866928335623297152","",""
"Gaia DR3 4232452638259239936","",""
"Gaia DR3 4448223656247483904","","82694"
"Gaia DR3 5677526343849451520","",""
"Gaia DR3 806000816970521728","89269","50505"
"Gaia DR3 5677526240770236544","",""
"Gaia DR3 6632099970897367680","",""
"Gaia DR3 3339136927164194176","",""
"Gaia DR3 4737059519708024960","",""
"Gaia DR3 3914019231742221568","","55625"
"Gaia DR3 1858219151114884352","198550","102851"
"Gaia DR3 1040054235130174080","79028","45333"
"Gaia DR3 91490916598591616","",""
"Gaia DR3 2143016302194287488","180161","94346"
"Gaia DR3 2949436372399442560","",""
"Gaia DR3 1651268660203160448","162003","86614"
"Gaia DR3 6091907056321709312","",""
"Gaia DR3 2428162410789155328","","1532"
"Gaia DR3 6550040463175784192","",""
"Gaia DR3 5396067550577971072","",""
"Gaia DR3 4542284161585626496","",""
"Gaia DR3 6190352001701947520","",""
"Gaia DR3 4972971284318252160","","1842"
"Gaia DR3 2947071425961581184","",""
"Gaia DR3 734010018261191552","",""
"Gaia DR3 5793182631952977920","128400","71855"
"Gaia DR3 6810820947424835712","",""
"Gaia DR3 590490696768123392","",""
"Gaia DR3 4893118771316702720","",""
"Gaia DR3 342743754636574208","",""
"Gaia DR3 4487343970727152128","",""
"Gaia DR3 6274553461150416000","",""
"Gaia DR3 3185759697950315008","",""
"Gaia DR3 5971414119713770240","",""
"Gaia DR3 5482312418025591808","",""
"Gaia DR3 978615483876384000","51866","33852"
"Gaia DR3 1337270885456433280","",""
"Gaia DR3 5482312349304478976","",""
"Gaia DR3 459661938487951360","","13716"
"Gaia DR3 4383374219923745024","149806","81375"
"Gaia DR3 2212272649844661504","","113944"
"Gaia DR3 5041018993810217984","","5410"
"Gaia DR3 1937923436193950080","220221","115341"
"Gaia DR3 4414858219987352320","",""
"Gaia DR3 6408551802222368384","212330","110649"
"Gaia DR3 6191885339386292736","",""
"Gaia DR3 3494677900774838144","104067","58451"
"Gaia DR3 1898230241798771584","208313","108156"
"Gaia DR3 5332656412938844288","",""
"Gaia DR3 4531940505956457984","",""
"Gaia DR3 4784805056230587392","30501","22122"
"Gaia DR3 6468968316900356736","",""
"Gaia DR3 2962193318618221056","34751","24783"
"Gaia DR3 5452743423618768000","",""
"Gaia DR3 4815660547961306112","29875","21770"
"Gaia DR3 1809360187275432832","191785","99452"
"Gaia DR3 976893923544104576","58855","36439"
"Gaia DR3 80910659801926528","",""
"Gaia DR3 1956328333130770048","",""
"Gaia DR3 2144816958643384064","",""
"Gaia DR3 6582903697500334464","",""
"Gaia DR3 3185759697949251456","",""
"Gaia DR3 4812321124989687296","",""
"Gaia DR3 6489909443564308224","219482","114948"
"Gaia DR3 5791509037821930496","",""
"Gaia DR3 6408551802221816576","",""
"Gaia DR3 4781833626056162688","27290","19893"
"Gaia DR3 4381502851133968128","154417","83601"
"Gaia DR3 585132295569511168","","44376"
"Gaia DR3 43499295632961152","24496","18267"
"Gaia DR3 2664156432614468864","",""
"Gaia DR3 6881661519529805952","",""
"Gaia DR3 6299557386358126976","",""
"Gaia DR3 3630092241022731136","118100","66252"
"Gaia DR3 3349805247975323392","",""
"Gaia DR3 577602496345490176","","43790"
"Gaia DR3 160221315437314560","",""
"Gaia DR3 13000080026782464","",""
"Gaia DR3 6684504722300935680","",""
"Gaia DR3 386864854157380480","",""
"Gaia DR3 2822328189657389824","",""
"Gaia DR3 2627941715050682752","",""
"Gaia DR3 2229106207224369024","",""
"Gaia DR3 1068982214258617216","",""
"Gaia DR3 3974240961063678976","",""
"Gaia DR3 968155348724797568","",""
"Gaia DR3 2791782794564103808","6660","5286"
"Gaia DR3 5403804848261260288","",""
"Gaia DR3 1068982214258617856","",""
"Gaia DR3 1959969434607205504","",""
"Gaia DR3 811697489791310592","",""
"Gaia DR3 5080543413172761088","23588A",""
"Gaia DR3 4918476567469050624","870","1031"
"Gaia DR3 1980487077505535744","",""
"Gaia DR3 1995681125599758592","219623","114924"
"Gaia DR3 3847128380281953664","85488","48411"
"Gaia DR3 4496250461589918080","",""
"Gaia DR3 2791782794564103680","6660B",""
"Gaia DR3 2220012421430629632","",""
"Gaia DR3 4871223131120838912","",""
"Gaia DR3 4185275209966301568","",""
"Gaia DR3 898639447612575104","59747","36704"
"Gaia DR3 4833654949103051008","",""
"Gaia DR3 6317854118838346752","137778","75722"
"Gaia DR3 62947354224986240","",""
"Gaia DR3 1506739643437879808","",""
"Gaia DR3 6120654200137332480","",""
"Gaia DR3 1413099460779606528","","81563"
"Gaia DR3 1181472011945052928","",""
"Gaia DR3 4363125648147587328","",""
"Gaia DR3 6536984484150014720","","116645"
"Gaia DR3 1162946718486550272","",""
"Gaia DR3 145333721838128896","",""
"Gaia DR3 2700417192226894976","","107317"
"Gaia DR3 5788368866963535104","",""
"Gaia DR3 3911410464311357568","",""
"Gaia DR3 3619515385839767936","",""
"Gaia DR3 6228695236338166528","","72509"
"Gaia DR3 2646280705713202816","","116384"
"Gaia DR3 4794632903476180096","","27323"
"Gaia DR3 3165287719154543232","59582","36551"
"Gaia DR3 325533923760046848","",""
"Gaia DR3 423075173680043904","123A",""
"Gaia DR3 3476835610197278208","",""
"Gaia DR3 4803556711646531840","",""
"Gaia DR3 6885822307751773568","",""
"Gaia DR3 5067008970494311936","","11439"
"Gaia DR3 4064593187342783488","",""
"Gaia DR3 553480551264062848","33564","25110"
"Gaia DR3 4788244328600836480","",""
"Gaia DR3 2893677457691363584","",""
"Gaia DR3 5044867731184769280","",""
"Gaia DR3 2518828169682982656","",""
"Gaia DR3 2229220075393971968","",""
"Gaia DR3 2018474482692959232","184385","96183"
"Gaia DR3 1875076004382831616","",""
"Gaia DR3 3300729031796977024","",""
"Gaia DR3 6609167869190786688","","112978"
"Gaia DR3 3456337827237371264","38230","27207"
"Gaia DR3 1665517334465010432","117043","65530"
"Gaia DR3 751145975699350656","",""
"Gaia DR3 4344429586787123072","","80612"
"Gaia DR3 2101469984033864320","",""
"Gaia DR3 6096524382383054720","124580","69671"
"Gaia DR3 4322492440039701120","",""
"Gaia DR3 6667318634003429504","189484","98679"
"Gaia DR3 1814241194252808704","197076","102040"
"Gaia DR3 1312891585932617344","",""
"Gaia DR3 2724890053318383232","","108380"
"Gaia DR3 4710180171260274816","5633","4473"
"Gaia DR3 1124490096714712960","80768","46343"
"Gaia DR3 2032017717217569152","332518","97223"
"Gaia DR3 2035035258143206016","225732",""
"Gaia DR3 6097323972147451648","",""
"Gaia DR3 6288413183175704960","",""
"Gaia DR3 4692276170589724288","7693A",""
"Gaia DR3 2035021028896869888","186858B",""
"Gaia DR3 474648763011926272","24238","18324"
"Gaia DR3 2439763461052925824","",""
"Gaia DR3 2035035223783462400","187013","97295"
"Gaia DR3 2035020964491479552","186858A",""
"Gaia DR3 676804558572501120","","39950"
"Gaia DR3 694917878769233408","",""
"Gaia DR3 4692263904164105856","7788B",""
"Gaia DR3 5162123155863791744","","16242"
"Gaia DR3 2307270076523103616","",""
"Gaia DR3 350664155368182656","10086","7734"
"Gaia DR3 4654969496256092032","270712A",""
"Gaia DR3 259731623173675904","","23140"
"Gaia DR3 5435991775558944512","",""
"Gaia DR3 206312915890859264","",""
"Gaia DR3 3194816237789820544","",""
"Gaia DR3 548172349642820352","","14633"
"Gaia DR3 612073663345730560","",""
"Gaia DR3 684865658135318144","","44072"
"Gaia DR3 1126456225366579840","",""
"Gaia DR3 6387649914378668160","218572","114416"
"Gaia DR3 5562135411718515328","",""
"Gaia DR3 532057254394731776","9407","7339"
"Gaia DR3 3684934540986187776","114783","64457"
"Gaia DR3 5562135416013050240","",""
"Gaia DR3 1147862174868109184","90343","51819"
"Gaia DR3 1126456229662509568","",""
"Gaia DR3 5634166037660253184","",""
"Gaia DR3 1382797843737951616","",""
"Gaia DR3 6155259541913716608","","63480"
"Gaia DR3 353394139660510464","",""
"Gaia DR3 2398975118715404672","",""
"Gaia DR3 6802426038708609536","199260","103389"
"Gaia DR3 2038543078169577472","",""
"Gaia DR3 6317928267153806976","",""
"Gaia DR3 3073562610873679872","72760","42074"
"Gaia DR3 5554890115423215616","",""
"Gaia DR3 6288409919000551424","",""
"Gaia DR3 2386898972054841088","","114719"
"Gaia DR3 918196941971384960","",""
"Gaia DR3 2884162387142135936","",""
"Gaia DR3 2135550755683407232","186427","96901"
"Gaia DR3 5946685759563224960","160032","86486"
"Gaia DR3 6741156023833749504","183783","96113"
"Gaia DR3 225709641034907264","25893A",""
"Gaia DR3 2135550755683405952","186408","96895"
"Gaia DR3 2067948245320365184","195987","101382"
"Gaia DR3 6345136988052055552","",""
"Gaia DR3 1552284438717188608","",""
"Gaia DR3 362082308742525824","","3418"
"Gaia DR3 4513165073646443008","178428","93966"
"Gaia DR3 1341903196663707904","",""
"Gaia DR3 3965148618378008832","",""
"Gaia DR3 6052153251338962688","",""
"Gaia DR3 115311458058061440","18803","14150"
"Gaia DR3 225668203191521280","25998","19335"
"Gaia DR3 1745568309317609088","","105533"
"Gaia DR3 6130529910504105216","",""
"Gaia DR3 6828140347214896000","",""
"Gaia DR3 1419999819661235840","155674B","83996"
"Gaia DR3 3472352592050451968","",""
"Gaia DR3 4523577620507728768","",""
"Gaia DR3 3235885299189856384","",""
"Gaia DR3 5125414998097353600","16270","12110"
"Gaia DR3 1420000579871414528","155674","83988"
"Gaia DR3 810434666326580224","",""
"Gaia DR3 5470514142863169280","93380","52708"
"Gaia DR3 4687870530577399296","",""
"Gaia DR3 2932111573845020672","",""
"Gaia DR3 6717813842950778880","",""
"Gaia DR3 3996306127914172928","95174B",""
"Gaia DR3 1662884038476196864","",""
"Gaia DR3 4223777873773440384","",""
"Gaia DR3 614339786873867264","",""
"Gaia DR3 5890960105080869632","",""
"Gaia DR3 6615656396543741952","",""
"Gaia DR3 3996306127913903232","95174A",""
"Gaia DR3 2888823075195849728","",""
"Gaia DR3 5470514211582645248","93380B",""
"Gaia DR3 4279492361332301056","","92417"
"Gaia DR3 3407572287520660992","",""
"Gaia DR3 4818243369494800256","",""
"Gaia DR3 624684408880100992","89449","50564"
"Gaia DR3 2619706544757416192","210277","109378"
"Gaia DR3 2423493369021649920","1835","1803"
"Gaia DR3 5672555864096835840","",""
"Gaia DR3 1717366591979606528","",""
"Gaia DR3 1843206728575513472","",""
"Gaia DR3 4329057039841257728","147776","80366"
"Gaia DR3 5843144887000900992","",""
"Gaia DR3 5358900174919209984","",""
"Gaia DR3 60186343087140096","",""
"Gaia DR3 1838036133406428288","",""
"Gaia DR3 3792473718850041216","",""
"Gaia DR3 2814501281775322240","",""
"Gaia DR3 5672554627146256000","",""
"Gaia DR3 1623289903206300928","144284","78527"
"Gaia DR3 2479453696216295296","",""
"Gaia DR3 3680612223339219328","",""
"Gaia DR3 5730371484020807808","76932","44075"
"Gaia DR3 3653827329811719680","",""
"Gaia DR3 1937003729077791616","220182","115331"
"Gaia DR3 5509770796785820416","55892","34834"
"Gaia DR3 5119953517683718400","14802","11072"
"Gaia DR3 3680612219043341824","",""
"Gaia DR3 6341793441911160064","",""
"Gaia DR3 5455707157211784832","92945","52462"
"Gaia DR3 5843144887000900736","",""
"Gaia DR3 5173999736868992512","","12749"
"Gaia DR3 2245095683274908672","","102300"
"Gaia DR3 3471143919533988224","",""
"Gaia DR3 3448722953300327680","",""
"Gaia DR3 793785826901083520","","47395"
"Gaia DR3 1555980240895554816","",""
"Gaia DR3 6484716209628726912","199288","103458"
"Gaia DR3 6413248744098317568","",""
"Gaia DR3 1932297578791925760","",""
"Gaia DR3 2405722027006062080","",""
"Gaia DR3 1932297578791924992","",""
"Gaia DR3 4881697181966448896","",""
"Gaia DR3 845832962146599040","",""
"Gaia DR3 3997075206232885888","97658","54906"
"Gaia DR3 3908605030329021440","107888","60475"
"Gaia DR3 4343596947252195200","",""
"Gaia DR3 1219254942328596736","144287","78709"
"Gaia DR3 3453537263745550848","",""
"Gaia DR3 536088338900732544","4635","3876"
"Gaia DR3 6766734242006157568","","96710"
"Gaia DR3 2604921308819786624","",""
"Gaia DR3 1555608537246019968","113827","63894"
"Gaia DR3 2242950845325769216","",""
"Gaia DR3 6534547176109685504","",""
"Gaia DR3 2623505219992303104","215152","112190"
"Gaia DR3 5347825378410235264","",""
"Gaia DR3 5728413490039479552","",""
"Gaia DR3 4211801099777745920","",""
"Gaia DR3 2991458504218554496","",""
"Gaia DR3 1565867461768654208","116956","65515"
"Gaia DR3 4422809716282811776","141272","77408"
"Gaia DR3 4426032591025363200","141795","77622"
"Gaia DR3 1362295082910131200","159062","85653"
"Gaia DR3 5375247610713364736","",""
"Gaia DR3 2106082126071775488","",""
"Gaia DR3 1255420869061901440","",""
"Gaia DR3 6548081373973468416","",""
"Gaia DR3 5661231955187115136","",""
"Gaia DR3 6451144236982039680","",""
"Gaia DR3 5728413494331031168","",""
"Gaia DR3 4116870812104603520","",""
"Gaia DR3 6158160019228728448","109524","61451"
"Gaia DR3 111379432679196672","","15332"
"Gaia DR3 4216680418835844864","","99764"
"Gaia DR3 4349759744283934336","",""
"Gaia DR3 405201306499066624","",""
"Gaia DR3 900887948891049856","",""
"Gaia DR3 659076617202569856","",""
"Gaia DR3 5859826196420495616","",""
"Gaia DR3 5235714289453482240","",""
"Gaia DR3 2309813109479463040","739","950"
"Gaia DR3 3546047977378251008","",""
"Gaia DR3 4269203303374311552","",""
"Gaia DR3 4643131608600380800","",""
"Gaia DR3 1720995598827436928","139813","75829"
"Gaia DR3 3894986960344055680","",""
"Gaia DR3 3646061719703116032","124292","69414"
"Gaia DR3 5586381090520538880","59967","36515"
"Gaia DR3 473347456640406016","24409","18413"
"Gaia DR3 4422809711989181824","141272B",""
"Gaia DR3 6569895822110445440","210918","109821"
"Gaia DR3 6847570886634835200","",""
"Gaia DR3 4875068123283035904","",""
"Gaia DR3 4674061076849768832","22001","16245"
"Gaia DR3 5924057019994083712","",""
"Gaia DR3 4213398965047338880","",""
"Gaia DR3 154660191781205120","29883","21988"
"Gaia DR3 1720995598827435648","139777","75809"
"Gaia DR3 4667304715334508672","",""
"Gaia DR3 4667304715335521536","",""
"Gaia DR3 873931909508892800","63991",""
"Gaia DR3 473347456640408448","24409C",""
"Gaia DR3 3374052988354372992","43042","29650"
"Gaia DR3 2194392804070784128","",""
"Gaia DR3 2105798761309653120","",""
"Gaia DR3 5120416854460344192","",""
"Gaia DR3 1961385914819977216","",""
"Gaia DR3 4662098871410185984","",""
"Gaia DR3 4218602403817112192","",""
"Gaia DR3 4912282881031353216","",""
"Gaia DR3 4038797789974368768","",""
"Gaia DR3 4101357699404676736","",""
"Gaia DR3 36590651757883392","","17496"
"Gaia DR3 2898239468873596800","45184","30503"
"Gaia DR3 5843101456298985984","",""
"Gaia DR3 532920302303570176","",""
"Gaia DR3 2307132568850133376","224228","118008"
"Gaia DR3 5965222838410499328","155203","84143"
"Gaia DR3 325242072141424384","",""
"Gaia DR3 4825113801043230720","",""
"Gaia DR3 5930862138021206656","",""
"Gaia DR3 2005804153064109056","",""
"Gaia DR3 529369670020867840","",""
"Gaia DR3 918107434852949888","71148","41484"
"Gaia DR3 2005798350576886144","211472","109926"
"Gaia DR3 5461620846141553024","90156","50921"
"Gaia DR3 1869302674999983104","",""
"Gaia DR3 4723578819956587776","19819","14587"
"Gaia DR3 80530400577483904","",""
"Gaia DR3 6736067076020049024","",""
"Gaia DR3 5004776376139340672","",""
"Gaia DR3 112157612034669440","",""
"Gaia DR3 4626056158662812032","",""
"Gaia DR3 2221509612668871552","",""
"Gaia DR3 3532823773073745536","97343","54704"
"Gaia DR3 4596549007488604288","",""
"Gaia DR3 4692263148249862016","7788A",""
"Gaia DR3 5761555587993177216","",""
"Gaia DR3 291512216497803264","",""
"Gaia DR3 5511171437162508544","",""
"Gaia DR3 3531371833610186368","",""
"Gaia DR3 5376651377824140288","",""
"Gaia DR3 5478163342178788480","",""
"Gaia DR3 4708607629114652032","4308","3497"
"Gaia DR3 6316161317608434944","136713","75253"
"Gaia DR3 3285218186904332288","26923","19859"
"Gaia DR3 3786697056556771584","98281","55210"
"Gaia DR3 3285218255623808640","26913","19855"
"Gaia DR3 4624829103685457024","",""
"Gaia DR3 4728487967576289024","",""
"Gaia DR3 2384348242516852864","",""
"Gaia DR3 583257314711142144","",""
"Gaia DR3 1801210568415251072","","107310"
"Gaia DR3 301785537751949824","","8043"
"Gaia DR3 3836586468953204608","","49544"
"Gaia DR3 1545970149597276160","",""
"Gaia DR3 2788907296779604864","4913","3998"
"Gaia DR3 4791496409119237888","29220","21284"
"Gaia DR3 2384342302577019264","218294","114156"
"Gaia DR3 1834788970646666112","190470","98828"
"Gaia DR3 5357075947709011456","91324","51523"
"Gaia DR3 3086118793148247296","",""
"Gaia DR3 3149589510609268352","",""
"Gaia DR3 3094572113419797248","",""
"Gaia DR3 75339743621732608","",""
"Gaia DR3 5196680222210415104","",""
"Gaia DR3 2629732510254843136","",""
"Gaia DR3 6698960688866464768","189245","98470"
"Gaia DR3 3339705378973587328","",""
"Gaia DR3 2315390347851431680","1910","1837"
"Gaia DR3 338554924573259392","",""
"Gaia DR3 3963458767789502336","",""
"Gaia DR3 3210380713937584768","",""
"Gaia DR3 725398127796012288","89125B",""
"Gaia DR3 5143185923500965504","",""
"Gaia DR3 4274925505435880704","",""
"Gaia DR3 5479782647926975360","","31878"
"Gaia DR3 6213789290343029760","137303","75542"
"Gaia DR3 240259375324767744","19071",""
"Gaia DR3 4800721723993736576","",""
"Gaia DR3 4764556617980377856","",""
"Gaia DR3 3180270454868010368","",""
"Gaia DR3 6098895724014519936","",""
"Gaia DR3 5995278018798610816","",""
"Gaia DR3 553639739931666048","",""
"Gaia DR3 5166527284047995136","",""
"Gaia DR3 6876824767881427328","",""
"Gaia DR3 4917782741272766592","","7554"
"Gaia DR3 345680648977744896","",""
"Gaia DR3 6710598435331928192","",""
"Gaia DR3 733392535107534464","",""
"Gaia DR3 6370513647703084544","205536","107022"
"Gaia DR3 4777244844341374208","",""
"Gaia DR3 1437609842705737088","",""
"Gaia DR3 2409534686654407936","",""
"Gaia DR3 5524815861065005696","74385","42697"
"Gaia DR3 4175058204312299904","162283","87322"
"Gaia DR3 2738145555048846080","","110951"
"Gaia DR3 6269287689510453504","",""
"Gaia DR3 2886405528302243712","",""
"Gaia DR3 4651329704762754176","",""
"Gaia DR3 5254819339127880448","","50808"
"Gaia DR3 4711216151731060608","",""
"Gaia DR3 2498460442625153536","16765A",""
"Gaia DR3 6387062603370442624","",""
"Gaia DR3 2525514785221197696","4915","3979"
"Gaia DR3 1569335115284976000","108954","61053"
"Gaia DR3 5168398373665537536","",""
"Gaia DR3 2884107098026680064","",""
"Gaia DR3 5225957639881367552","",""
"Gaia DR3 6575581564623343872","","105679"
"Gaia DR3 5346007675222666752","",""
"Gaia DR3 5524815276946797440","",""
"Gaia DR3 506105206568973184","",""
"Gaia DR3 3025404791851801728","",""
"Gaia DR3 4764556724971292544","32778","23437"
"Gaia DR3 5784922310327353984","",""
"Gaia DR3 4047622985664694656","",""
"Gaia DR3 2501452449987251840","",""
"Gaia DR3 4572753136321939968","",""
"Gaia DR3 5912492318012378752","",""
"Gaia DR3 2513664248895784192","14214","10723"
"Gaia DR3 875071278432954240","63433","38228"
"Gaia DR3 3093380483331664896","",""
"Gaia DR3 2549518150551364864","4256","3535"
"Gaia DR3 2634902826245745664","",""
"Gaia DR3 3252841310381645696","",""
"Gaia DR3 3357701803041885696","",""
"Gaia DR3 2885863400349980288","",""
"Gaia DR3 252216873515630080","",""
"Gaia DR3 4711216048652695680","",""
"Gaia DR3 5542217865970083712","",""
"Gaia DR3 599224358145182080","",""
"Gaia DR3 4968258979345754624","13513B",""
"Gaia DR3 116037204451525376","18143","13642"
"Gaia DR3 5565570359057262720","",""
"Gaia DR3 3636256549884389248","",""
"Gaia DR3 2949559723859043456","",""
"Gaia DR3 2720132500864789760","216259","112870"
"Gaia DR3 5459060117921483008","88742","50075"
"Gaia DR3 2411855072801159040","219834B","115125"
"Gaia DR3 1389522392427772288","139323","76375"
"Gaia DR3 1103927786165647232","",""
"Gaia DR3 5342789374661206784","304391","56153"
"Gaia DR3 4495301445619547904","",""
"Gaia DR3 6528276867455634176","",""
"Gaia DR3 3089675232224086784","","40774"
"Gaia DR3 748118401712712320","",""
"Gaia DR3 1906647037667895424","210667","109527"
"Gaia DR3 5005435876957437696","",""
"Gaia DR3 4852624170381960320","",""
"Gaia DR3 5493588665684618752","59468","36210"
"Gaia DR3 518458597663391744","11373","8867"
"Gaia DR3 4781196115469953024","",""
"Gaia DR3 6017724140678769024","148704","80925"
"Gaia DR3 2093971520889176320","",""
"Gaia DR3 116037376250217984","18143C",""
"Gaia DR3 4503423641091793152","","87768"
"Gaia DR3 2761162254724651776","","115680"
"Gaia DR3 2697080449314615168","",""
"Gaia DR3 6685171129426977408","",""
"Gaia DR3 5225268520968623744","",""
"Gaia DR3 5783786274295781760","",""
"Gaia DR3 1389522117550542464","139341B",""
"Gaia DR3 4733538780397070848","",""
"Gaia DR3 5725122999630404096","68146","40035"
"Gaia DR3 2093971520889175552","",""
"Gaia DR3 1146337324038513536","90089B",""
"Gaia DR3 460421735382461696","",""
"Gaia DR3 3686261307923490688","","65083"
"Gaia DR3 2789002576334151808","",""
"Gaia DR3 2704912403783213696","214683","111888"
"Gaia DR3 1736707482548494848","",""
"Gaia DR3 3182910554085960320","",""
"Gaia DR3 6805803738429787904","",""
"Gaia DR3 3686259727375524864","",""
"Gaia DR3 2700084315081609344","207491",""
"Gaia DR3 5975349615358601856","",""
"Gaia DR3 1129078083858403584","",""
"Gaia DR3 526058696910777984","",""
"Gaia DR3 2214830079531710336","",""
"Gaia DR3 5935907693782592000","",""
"Gaia DR3 1351764475935262720","",""
"Gaia DR3 252151693092703872","","18465"
"Gaia DR3 4556066746008264192","161198B",""
"Gaia DR3 102535064223209216","",""
"Gaia DR3 6598319159758429696","",""
"Gaia DR3 545367014444503296","",""
"Gaia DR3 360654214936676224","",""
"Gaia DR3 1328866562170960384","146362",""
"Gaia DR3 1328866562170960512","146361",""
"Gaia DR3 2961704070302754304","",""
"Gaia DR3 3400111547084348928","",""
"Gaia DR3 761919883981626752","97334","54745"
"Gaia DR3 3488261563231724032","","59616"
"Gaia DR3 6403170375701631616","",""
"Gaia DR3 4610267648427698816","",""
"Gaia DR3 3953011178238339584","",""
"Gaia DR3 1571411233756646656","110463","61946"
"Gaia DR3 5251686138951379584","",""
"Gaia DR3 1651268763282397312","162004","86620"
"Gaia DR3 6293916376311538944","","67761"
"Gaia DR3 1715209040928674560","","67842"
"Gaia DR3 2493069773336748928","13789","10416"
"Gaia DR3 652005932802958976","","40910"
"Gaia DR3 6035927380304634240","145825","79578"
"Gaia DR3 471082286587088640","",""
"Gaia DR3 3778027269931886592","",""
"Gaia DR3 3673771439947412864","",""
"Gaia DR3 4962688582857278208","",""
"Gaia DR3 4989657094825384064","",""
"Gaia DR3 6011142532786032000","",""
"Gaia DR3 5773317961528696832","",""
"Gaia DR3 120495788525627776","",""
"Gaia DR3 1723645112612063616","",""
"Gaia DR3 6476864837612387584","",""
"Gaia DR3 2231736788793936384","",""
"Gaia DR3 2334879397612667648","224607","118261"
"Gaia DR3 5957041127551353088","",""
"Gaia DR3 6470597999291000448","",""
"Gaia DR3 4045112624470837888","",""
"Gaia DR3 1194206418179409280","",""
"Gaia DR3 4208730438673343488","",""
"Gaia DR3 884039857341503616","","34222"
"Gaia DR3 4557198933740208128","",""
"Gaia DR3 6228198531960352768","",""
"Gaia DR3 4996252755842227072","",""
"Gaia DR3 2814379579582643328","",""
"Gaia DR3 1939093660163197312","222143","116613"
"Gaia DR3 5217401618349014400","",""
"Gaia DR3 2182197777015312512","","102870"
"Gaia DR3 1417872268957468288","",""
"Gaia DR3 708608825759209088","","40671"
"Gaia DR3 762920503987026816","",""
"Gaia DR3 5930568598406530048","149192","81262"
"Gaia DR3 6370294123335198464","",""
"Gaia DR3 1973094614149871872","","107376"
"Gaia DR3 4789443208593313280","",""
"Gaia DR3 2229668951018122112","",""
"Gaia DR3 114832620743735808","17382","13081"
"Gaia DR3 1371474768050872192","",""
"Gaia DR3 3518918112077486720","",""
"Gaia DR3 5369584885317537408","",""
"Gaia DR3 5845972349875278720","",""
"Gaia DR3 1724394666013924736","",""
"Gaia DR3 5192408069781824896","",""
"Gaia DR3 2027434780913030656","",""
"Gaia DR3 3949199167129128832","",""
"Gaia DR3 2501776500974951168","",""
"Gaia DR3 764805169996366720","96612","54426"
"Gaia DR3 4924503128140880512","",""
"Gaia DR3 2948306177526059520","",""
"Gaia DR3 6303961686341504512","124106","69357"
"Gaia DR3 3558266708748472960","",""
"Gaia DR3 4177224620176470912","164259","88175"
"Gaia DR3 167455659568303488","",""
"Gaia DR3 1991767757560462976","",""
"Gaia DR3 1913835129292662528","",""
"Gaia DR3 6846064551407418112","",""
"Gaia DR3 1128210122507896832","","53327"
"Gaia DR3 596878550087942528","75767","43557"
"Gaia DR3 5930568602785283072","",""
"Gaia DR3 5163644433279729408","",""
"Gaia DR3 4319899070070496128","",""
"Gaia DR3 834571523536798848","90508A",""
"Gaia DR3 851346566283231616","233719","50125"
"Gaia DR3 2807687883095124992","",""
"Gaia DR3 5143341362661301632","14001A",""
"Gaia DR3 884951489919636352","53927","34414"
"Gaia DR3 114832620743735040","",""
"Gaia DR3 3499614570544095232","",""
"Gaia DR3 6161174910174799360","",""
"Gaia DR3 5965924361166271104","154590B",""
"Gaia DR3 3460347849221303296","","58170"
