designation,HD,HIP,ra,declination,parallax,parallax_error,pm,pmra,pmdec,ruwe,phot_g_mean_mag,phot_bp_mean_mag,phot_rp_mean_mag,teff_gspphot,teff_gspphot_lower,teff_gspphot_upper,logg_gspphot,logg_gspphot_lower,logg_gspphot_upper,mh_gspphot,mh_gspphot_lower,mh_gspphot_upper,distance_gspphot,distance_gspphot_lower,distance_gspphot_upper,Mg,Mg_error,MRp,MRp_error,Bp_minus_Rp
Gaia DR3 1828661426704706048,\N,\N,304.537,20.79553481365697,49.02927207853821,2.9220374,28.125174,-12.42083968276108,-25.233868191560205,2.6472507,20.144213,20.233294,18.636213,\N,\N,\N,\N,\N,\N,\N,\N,\N,\N,\N,\N,18.59649022733421,0.129568557486829,17.088490227334212,0.129568557486829,1.597081
Gaia DR3 4110629262522399872,\N,\N,263.066,-23.78783927248571,44.93227836965273,2.6469233,27.352625,-24.70683015235385,11.736209813936652,1.5033593,20.365057,20.885363,19.310448,\N,\N,\N,\N,\N,\N,\N,\N,\N,\N,\N,\N,18.627849204058023,0.12806792259153,17.573240204058024,0.12806792259153,1.574915
Gaia DR3 5224999346778496128,\N,\N,176.875,-74.96043554292945,50.081745488051965,0.061554786,1724.8866,-1067.841439844291,1354.602749264821,0.9119256,17.154837,17.908756,16.337513,\N,\N,\N,\N,\N,\N,\N,\N,\N,\N,\N,\N,15.653234284180684,0.0026689282786982,14.835910284180684,0.0026689282786982,1.571243
Gaia DR3 5601266725623628416,\N,\N,119.809,-26.624981999901944,45.94101310548104,2.2736187,11.208534,-10.310220398855996,4.39665715297006,2.2290556,20.405987,20.602186,19.031914,\N,\N,\N,\N,\N,\N,\N,\N,\N,\N,\N,\N,18.71698984080664,0.1075539396482305,17.34291684080664,0.1075539396482305,1.570272
Gaia DR3 4119728649019876224,\N,\N,265.913,-20.007030363242173,49.59027305921688,2.2668273,30.648838,-27.260427110229216,14.00786760997164,1.2034947,20.238098,20.646933,19.079865,\N,\N,\N,\N,\N,\N,\N,\N,\N,\N,\N,\N,18.71508049827997,0.0993296743594243,17.556847498279975,0.099329674359426,1.567068
Gaia DR3 6085402414245451520,\N,\N,198.221,-47.46913587775489,59.58271274566934,0.07882713,2166.4707,-2165.616646052235,-60.82260931520646,1.0545412,16.69044,17.417852,15.870146,\N,\N,\N,\N,\N,\N,\N,\N,\N,\N,\N,\N,15.56604136177134,0.0028728305559626,14.74574736177134,0.0028728305559626,1.547706
Gaia DR3 2891185070986964608,\N,\N,90.0782,-31.028921246422936,54.027330187326434,0.09924708,577.07983,-440.2066413462033,373.1477478865252,3.8794665,8.51837,8.818865,7.281816,\N,\N,\N,\N,\N,\N,\N,\N,\N,\N,\N,\N,7.181437534941964,0.0039889540647886,5.944883534941962,0.0039889540647886,1.537049
Gaia DR3 5828778324488166400,\N,\N,246.564,-62.169620549683216,46.30601443139908,2.7727454,16.944023,16.046030441520298,-5.442869726144247,1.7168595,20.612871,20.419905,18.88776,\N,\N,\N,\N,\N,\N,\N,\N,\N,\N,\N,\N,18.94105801391587,0.1301807482378976,17.215947013915873,0.1301807482378976,1.532145
Gaia DR3 6357629089412187648,\N,\N,337.647,-75.26487529214928,66.50946818877851,0.037933405,1873.1884,409.51345499223896,-1827.8767274186848,0.95733833,16.443058,17.160511,15.63285,\N,\N,\N,\N,\N,\N,\N,\N,\N,\N,\N,\N,15.55747537609736,0.0012384906018851,14.74726737609736,0.0012384906018851,1.527661
Gaia DR3 1237090738916392832,131156B,\N,222.847,19.10110410794757,148.17931678941665,0.054625016,225.68721,133.37604517724114,-182.0591844077652,1.5099552,6.4300914,7.133002,5.615121,4244.478,4242.5444,4246.52,4.6362,4.6315,4.6402,0.1444,0.1346,0.1581,6.7397,6.7345,6.7454,7.284029340244161,0.0008004944485957,6.469058940244161,0.0008004944485957,1.517881
Gaia DR3 3714914271705535360,\N,\N,205.339,5.012820020550077,68.15547717234477,0.05366574,429.96115,-429.5336335716031,19.168722822458516,1.0404313,16.314335,17.013523,15.52289,\N,\N,\N,\N,\N,\N,\N,\N,\N,\N,\N,\N,15.481838813703304,0.0017098214650506,14.690393813703306,0.0017098214650506,1.490633
Gaia DR3 3103811515783541504,\N,\N,100.303,-4.534505318016889,49.01907859588942,0.080842994,907.2958,753.3681645650273,505.59076613408126,0.9938232,17.019897,17.716751,16.227835,\N,\N,\N,\N,\N,\N,\N,\N,\N,\N,\N,\N,15.471722718129698,0.0035812278639442,14.679660718129696,0.0035812278639442,1.488916
Gaia DR3 4468557611977674496,165341B,\N,271.366,2.4941987580927343,195.85633153170517,0.25345382,1119.1353,333.2920983081072,-1068.353909555673,3.7063498,5.5392184,6.2211246,4.73547,\N,\N,\N,\N,\N,\N,\N,\N,\N,\N,\N,\N,6.998906478674845,0.0028100612328234,6.1951580786748455,0.0028100612328234,1.4856546
Gaia DR3 5849837820492182272,\N,\N,220.618,-64.97922859131442,60.822498073788886,0.02243778,303.0937,-170.81505171564396,-250.3757373443764,0.9470163,8.011327,8.693024,7.2144055,\N,\N,\N,\N,\N,\N,\N,\N,\N,\N,\N,\N,6.931648266592551,0.0008010690772999,6.134726766592551,0.0008010690772999,1.4786185
Gaia DR3 2498460442625344256,16765B,\N,40.3084,-0.695636933048153,45.2337105837271,0.061564095,256.47208,216.0151869580038,-138.25832376981035,1.1901686,9.052654,9.600728,8.127692,\N,\N,\N,\N,\N,\N,\N,\N,\N,\N,\N,\N,7.329965074915677,0.0029554244949032,6.405003074915676,0.0029554244949032,1.473036
Gaia DR3 4064744580679707520,\N,\N,273.197,-25.64876505750985,49.07533086498256,1.9353656,24.086662,10.28436892334696,21.78070369259789,1.9270723,19.553776,19.560377,18.094625,\N,\N,\N,\N,\N,\N,\N,\N,\N,\N,\N,\N,18.008092181436815,0.0856799873770697,16.548941181436817,0.0856799873770697,1.465752
Gaia DR3 4986970575602213504,4378A,\N,11.453,-41.90951981324176,63.59380175904286,0.022689907,315.58124,306.67688415240804,-74.43654460702132,0.9744849,7.9172573,8.58954,7.124753,\N,\N,\N,\N,\N,\N,\N,\N,\N,\N,\N,\N,6.934331243570403,0.0007747690459267,6.141826943570404,0.0007747690459267,1.464787
Gaia DR3 5970189332424492160,152705,\N,254.178,-39.13735925768554,63.726103624238334,0.020357424,120.17362,51.24670137529056,-108.69900923285306,0.92365205,8.07022,8.737367,7.2849135,4334.8286,4331.1562,4341.3306,4.6294,4.6236,4.6365,0.1964,0.1735,0.2399,15.6681,15.654,15.6943,7.0918068271221,0.0006936809805484,6.306500327122099,0.0006936809805484,1.4524535
Gaia DR3 4115142276679903360,\N,\N,260.253,-21.11282006290401,57.16821165174778,0.03449822,306.1609,237.82211411197397,-192.80852404261876,1.1527783,9.391741,9.649998,8.202324,\N,\N,\N,\N,\N,\N,\N,\N,\N,\N,\N,\N,8.177514033668396,0.0013103775653657,6.988097033668398,0.0013103775653657,1.447674
Gaia DR3 5873029338212382848,\N,\N,223.916,-65.06453342640428,46.935962654205,2.555967,29.980299,9.275394091977748,28.50939100202625,1.2077,20.659111,20.23968,18.794964,\N,\N,\N,\N,\N,\N,\N,\N,\N,\N,\N,\N,19.01663964825469,0.1183678289930263,17.152492648254693,0.1183678289930263,1.444716
Gaia DR3 2807687883095124992,\N,\N,9.24163,26.18203284850885,43.61362628522221,0.022524148,86.97385,76.16282140241587,41.99612241810282,1.0758655,8.603375,9.262847,7.8259115,4367.2637,4363.13,4368.211,4.5653,4.5607,4.5666,0.2452,0.2228,0.2498,22.9538,22.9237,23.0078,6.801485989453802,0.0011214515839252,6.024022489453802,0.0011214515839252,1.4369355
Gaia DR3 4610267648427698816,\N,\N,271.936,39.07288752305053,44.10871283656803,0.014426127,288.25684,54.53577618013374,-283.0509637229036,1.0238867,8.514702,9.172328,7.7388325,4354.2,4345.458,4359.07,4.5392,4.5295,4.543,0.1463,0.09,0.1743,22.6802,22.6576,22.749,6.737323922746933,0.0007101984133992,5.961454422746932,0.0007101984133992,1.4334955
Gaia DR3 1451450048399313792,120476B,\N,207.264,26.978629894922317,74.12018143378143,0.044402186,468.2111,-462.792987313583,-71.02308466618398,1.6211591,7.5811377,8.209148,6.7799735,\N,\N,\N,\N,\N,\N,\N,\N,\N,\N,\N,\N,6.930820068641321,0.001300835096325,6.129655868641322,0.001300835096325,1.4291745
Gaia DR3 3996306127914172928,95174B,\N,164.91,25.43678984327321,46.98985869140512,0.019973835,204.85986,-188.8336354485916,-79.43185825807444,0.9593516,8.592157,9.245403,7.817886,4380.0493,4379.0156,4382.147,4.5984,4.5967,4.6016,0.2504,0.249,0.2566,21.264,21.2486,21.2767,6.9521776950407785,0.0009230211674355,6.177906695040778,0.0009230211674355,1.427517
Gaia DR3 6357630601240673792,\N,\N,337.674,-75.24012453291444,66.47070776146106,0.033906218,1871.5155,410.9685366421155,-1825.8354631837465,0.93442327,16.185328,16.840204,15.414818,\N,\N,\N,\N,\N,\N,\N,\N,\N,\N,\N,\N,15.29847951522324,0.0011076521638369,14.52796951522324,0.0011076521638369,1.425386
Gaia DR3 1875076004382831616,\N,\N,336.189,22.550795982080917,47.92257888430325,0.023322742,198.85948,-183.490487614844,-76.65725467095271,1.1335062,8.493871,9.138937,7.7157483,4395.6416,4394.3535,4398.71,4.5916,4.5899,4.5969,0.307,0.3006,0.3242,20.8388,20.8133,20.8576,6.896571904699093,0.001056802366333,6.118449204699092,0.001056802366333,1.4231887
Gaia DR3 2611561706216413696,\N,\N,343.484,-6.784830206077555,117.13884218186048,0.03412185,2577.4604,2485.798830001822,-681.2536063218889,0.9293217,15.421229,16.081415,14.661167,\N,\N,\N,\N,\N,\N,\N,\N,\N,\N,\N,\N,15.76473363540208,0.0006325370522048,15.00467163540208,0.0006325370522048,1.420248
Gaia DR3 5516345223493485952,\N,\N,124.128,-46.68607902556887,43.48066310471772,0.05911103,440.00296,386.6694567114624,209.9746118852422,0.98956734,17.138054,17.793264,16.376411,\N,\N,\N,\N,\N,\N,\N,\N,\N,\N,\N,\N,15.329534793506872,0.0029520720397098,14.567891793506874,0.0029520720397098,1.416853
Gaia DR3 4118195139455558016,\N,\N,264.721,-20.898946236105807,53.156015255287016,2.4075897,53.19844,34.715568743857666,-40.31009105595661,1.9094744,20.264091,20.168839,18.75797,\N,\N,\N,\N,\N,\N,\N,\N,\N,\N,\N,\N,18.89185308694575,0.098419604732534,17.38573208694575,0.098419604732534,1.410869
Gaia DR3 4178558705739687168,\N,\N,268.201,-2.34053816646723,50.207732877666544,1.8901911,12.166403,-9.459856731677124,7.650651798605233,3.2746046,19.765749,19.326591,17.916817,\N,\N,\N,\N,\N,\N,\N,\N,\N,\N,\N,\N,18.269602056588067,0.081788967095008,16.42067005658807,0.081788967095008,1.409774
Gaia DR3 3144837318276010624,\N,\N,117.562,7.188998643353773,54.967470992623305,0.061062165,1795.1237,211.51971732167803,-1782.6183804709904,1.062479,16.592018,17.233765,15.833418,\N,\N,\N,\N,\N,\N,\N,\N,\N,\N,\N,\N,15.292546779497131,0.0024122423446328,14.533946779497136,0.0024122423446328,1.400347
Gaia DR3 5588614164276695424,63077B,\N,116.409,-33.92345927956092,64.81789959144726,0.035157986,1703.0342,-276.11313273930995,1680.5020254886226,1.0019366,16.255976,16.888254,15.5034275,\N,\N,\N,\N,\N,\N,\N,\N,\N,\N,\N,\N,15.314450768576314,0.0011778321195459,14.561902268576317,0.0011778321195459,1.3848265
Gaia DR3 2891185070988913536,40887C,\N,90.0783,-31.028114891649626,54.038056242911566,0.22668831,644.57385,-479.8943987585388,430.3217952881387,11.832213,8.256326,8.853185,7.4771466,\N,\N,\N,\N,\N,\N,\N,\N,\N,\N,\N,\N,6.919824594962417,0.009109326509376,6.140645194962417,0.009109326509376,1.3760384
Gaia DR3 5970137861534914176,153026A,\N,254.727,-39.55755123182622,52.902650811712704,0.020730194,351.85477,271.0554648580949,224.34505416365468,0.86938083,8.068568,8.686857,7.315724,\N,\N,\N,\N,\N,\N,\N,\N,\N,\N,\N,\N,6.685955169633047,0.0008509034221964,5.933111169633046,0.0008509034221964,1.371133
Gaia DR3 5920900901901635968,\N,\N,266.9,-54.61001942073009,73.98991155650216,0.045405053,491.59586,-384.20991570106696,-306.67446704793633,1.0690026,15.933369,16.548653,15.187109,\N,\N,\N,\N,\N,\N,\N,\N,\N,\N,\N,\N,15.279231540950486,0.0013325577790883,14.532971540950486,0.0013325577790883,1.361544
Gaia DR3 2936126887218756736,\N,\N,106.328,-15.58472151885273,51.84314399133052,2.8812196,27.287642,-14.179189220410162,-23.314501752665727,1.9209186,20.344067,20.444248,19.088545,\N,\N,\N,\N,\N,\N,\N,\N,\N,\N,\N,\N,18.91752365573656,0.120805601991595,17.66200165573656,0.120805601991595,1.355703
Gaia DR3 6013647666939138688,\N,\N,232.345,-35.872260853397606,56.71718467287508,0.94537735,3.3344686,2.6574792379892505,2.014071924923619,3.2944965,17.302704,17.433655,16.079596,\N,\N,\N,\N,\N,\N,\N,\N,\N,\N,\N,\N,16.071277326021352,0.0361980410686264,14.848169326021354,0.0361980410686273,1.354059
Gaia DR3 6913810483611035776,\N,\N,314.203,-4.845307594918022,61.76040049605228,0.051647812,807.71967,776.2923655964187,-223.1171180131297,0.93996775,16.346903,16.947626,15.606276,\N,\N,\N,\N,\N,\N,\N,\N,\N,\N,\N,\N,15.300453517974343,0.001815918031828,14.559826517974344,0.001815918031828,1.34135
Gaia DR3 2031272798024664960,\N,\N,295.993,28.256388833421056,58.41009848958869,3.3930926,21.085415,19.452907416506555,-8.13505298111503,3.610468,20.35861,20.485641,19.144768,\N,\N,\N,\N,\N,\N,\N,\N,\N,\N,\N,\N,19.191049692681847,0.1262848697809051,17.977207692681848,0.1262848697809051,1.340873
Gaia DR3 60186343087140096,\N,\N,45.9546,20.11057925630227,46.760142685293424,0.023340123,72.07023,31.27611664693113,-64.93013638783809,0.9655377,8.245732,8.843672,7.5092006,4579.2236,4575.952,4581.467,4.5706,4.563,4.5853,0.0941,0.045,0.1934,21.3556,21.2318,21.3877,6.5951111385547705,0.0010838811523621,5.85857973855477,0.0010838811523621,1.3344714
Gaia DR3 1907041590544054656,\N,\N,334.451,37.131214644059646,49.22495919851993,0.06031002,467.6051,458.7421762439536,90.60989961576428,1.0149492,16.801516,17.403532,16.072182,\N,\N,\N,\N,\N,\N,\N,\N,\N,\N,\N,\N,15.262442824166069,0.0026604716816089,14.533108824166067,0.0026604716816089,1.33135
Gaia DR3 4476682831121597184,\N,\N,275.203,5.60184133967165,49.55582494763514,2.0023139,11.240524,-6.681447614807309,-9.039228348286665,1.5506274,19.960577,19.981173,18.661407,\N,\N,\N,\N,\N,\N,\N,\N,\N,\N,\N,\N,18.43605055081006,0.0877866093925927,17.13688055081006,0.0877866093925909,1.319766
Gaia DR3 1068982214258617856,\N,\N,137.598,67.13483839139721,48.63356320236432,0.025120966,62.74969,-18.86886836361252,-59.845545867929175,1.2245616,8.302411,8.820843,7.503895,4408.2466,4404.2095,4413.077,4.5407,4.5324,4.5484,-0.0603,-0.1108,-0.0203,20.5761,20.5501,20.6113,6.737091449468924,0.0011216428702507,5.9385754494689245,0.0011216428702507,1.316948
Gaia DR3 6063368716645888384,\N,\N,197.964,-57.054497268403566,48.46897590640712,3.547861,4.593787,4.481627709803927,-1.008906176597198,1.4139876,20.5894,21.284092,19.970758,\N,\N,\N,\N,\N,\N,\N,\N,\N,\N,\N,\N,19.01671921838944,0.1592335326688339,18.39807721838944,0.1592335326688339,1.313334
Gaia DR3 2188860027203347968,\N,\N,314.939,55.29353080273955,43.95969839109637,0.05097908,498.55466,271.6482781239225,418.04780697613296,1.0010628,17.061504,17.64795,16.336828,\N,\N,\N,\N,\N,\N,\N,\N,\N,\N,\N,\N,15.276777520266377,0.0025182091633704,14.552101520266378,0.0025182091633704,1.311122
Gaia DR3 1451450048399808384,120476A,\N,207.265,26.979435072906163,74.09367050330306,0.037023433,431.85132,-417.1397125302232,-111.75877642639064,1.4109154,7.203598,7.772411,6.4687204,4524.2183,4520.924,4525.838,4.5388,4.5355,4.5404,-0.1348,-0.1829,-0.1248,13.4464,13.3266,13.4841,6.552503548473084,0.0010850504423669,5.817625948473085,0.0010850504423669,1.3036906
Gaia DR3 2287506148856660992,\N,\N,355.24,82.8719406046139,50.51330123157782,0.23641741,40.155056,-34.67192320184189,-20.255525445174783,12.1528635,8.021398,8.589094,7.294085,\N,\N,\N,\N,\N,\N,\N,\N,\N,\N,\N,\N,6.538426760974704,0.0101632167963194,5.811113760974705,0.0101632167963194,1.295009
Gaia DR3 4190813690536580608,\N,\N,301.4,-10.948816263532889,57.81496694057579,0.06256401,1066.5413,1063.4156581060315,-81.592890987097,1.0223683,16.66915,17.245325,15.965405,\N,\N,\N,\N,\N,\N,\N,\N,\N,\N,\N,\N,15.479351408216298,0.0023498426404691,14.7756064082163,0.0023498426404691,1.27992
Gaia DR3 4077001760212546432,\N,\N,277.291,-24.941734028858672,57.64677334887154,1.2058351,42.31159,-39.00024411381743,16.4088857174727,2.0089145,18.980278,18.774366,17.500376,\N,\N,\N,\N,\N,\N,\N,\N,\N,\N,\N,\N,17.784153018171178,0.0454287290638113,16.30425101817118,0.0454287290638113,1.27399
Gaia DR3 4634528720387797120,1237B,\N,4.0629,-79.8503334744852,56.852923204389946,0.0992227,419.87537,416.7510585484322,-51.12612458576052,1.1062428,14.527589,12.895129,11.623284,\N,\N,\N,\N,\N,\N,\N,\N,\N,\N,\N,\N,13.30135299849588,0.0037897712564367,10.397047998495882,0.0037897712564367,1.271845
Gaia DR3 2035035258143206016,225732,\N,296.615,33.72829679392363,47.737949047382585,0.018502941,439.25845,21.54722397088895,-438.7296429265068,0.9404777,8.223257,8.783411,7.5134387,4565.4785,4564.18,4566.368,4.5652,4.5642,4.5663,-0.1315,-0.1403,-0.1267,20.922,20.8965,20.936,6.617575782974758,0.0008416496454124,5.907757482974758,0.0008416496454124,1.2699723
Gaia DR3 1251824057289839744,\N,\N,207.005,23.58012342188568,84.31052432709014,0.028874354,1490.9059,-1485.655682748447,125.00998018173836,1.0136331,15.338058,15.894626,14.625719,\N,\N,\N,\N,\N,\N,\N,\N,\N,\N,\N,\N,14.96746695093485,0.0007436778030438,14.25512795093485,0.0007436778030438,1.268907
Gaia DR3 873931909508892800,63991,\N,118.198,25.92583939561821,45.81994800091776,0.019196292,149.94913,39.76917286611252,-144.57922857614736,1.007186,8.247789,8.806549,7.5397444,4591.5986,4590.112,4593.563,4.5671,4.5654,4.5692,-0.0523,-0.0632,-0.0283,21.8226,21.8053,21.896,6.553061959957935,0.0009097395937893,5.845017359957936,0.0009097395937893,1.2668046
Gaia DR3 4287391355960491520,\N,\N,280.918,9.263891885956587,54.41926724405184,1.5273448,25.633818,-25.535814741819436,2.2393646689119957,1.8543912,19.674623,19.970554,18.710936,\N,\N,\N,\N,\N,\N,\N,\N,\N,\N,\N,\N,18.35338644851901,0.0609610991476312,17.38969944851901,0.0609610991476312,1.259618
Gaia DR3 2700084315081609344,207491,\N,327.303,5.722746149927763,44.3083441343281,0.02264631,542.6285,541.9546293471167,-27.03448574094271,1.0363628,8.325427,8.876139,7.6224546,4602.438,4601.233,4603.5425,4.563,4.5617,4.5642,-0.153,-0.1602,-0.1462,22.5629,22.5449,22.6068,6.557854600670199,0.0011098550980683,5.854882200670199,0.0011098550980683,1.2536844
Gaia DR3 6492406743706909568,\N,\N,349.36,-58.23582530580988,44.02026786152259,0.074852385,69.88764,-36.332838388580086,59.70098258172938,2.6622415,12.405355,11.764497,10.5134735,\N,\N,\N,\N,\N,\N,\N,\N,\N,\N,\N,\N,10.623618404447305,0.0036923911044954,8.731736904447304,0.0036923911044954,1.2510235
Gaia DR3 2035021028896869888,186858B,\N,296.39,33.599255652596426,47.61000095060265,0.01645905,452.97562,36.26412964531748,-451.5216598406904,0.96063393,8.15548,8.689554,7.440344,4658.0493,4646.39,4661.275,4.6194,4.6016,4.6264,0.1884,0.1345,0.2144,20.9426,20.9149,20.9756,6.543970950729148,0.0007506904783038,5.828834950729147,0.0007506904783038,1.24921
Gaia DR3 3996306127913903232,95174A,\N,164.909,25.437408024763705,46.96549996833152,0.022189219,183.86227,-176.7193850348285,-50.75032605221855,0.9651222,8.1241865,8.670705,7.4251046,4681.7505,4679.71,4684.0386,4.5607,4.5598,4.5617,-0.1296,-0.1351,-0.1234,21.2796,21.2681,21.2961,6.483081249761552,0.001025929255833,5.783999349761551,0.001025929255833,1.2456004
Gaia DR3 426122397136335872,\N,\N,13.9969,59.80045165275366,43.77453946976722,0.050771616,455.93738,452.3818717984082,-56.8289451174428,1.0060052,16.805937,17.361704,16.116907,\N,\N,\N,\N,\N,\N,\N,\N,\N,\N,\N,\N,15.012044928912664,0.0025185693351215,14.323014928912666,0.0025185693351215,1.244797
Gaia DR3 6030025305077131520,\N,\N,256.369,-28.349174145279672,49.21751893479121,3.1160438,8.742724,1.203440212657818,-8.659501100285706,1.3134385,20.504902,20.618538,19.374971,\N,\N,\N,\N,\N,\N,\N,\N,\N,\N,\N,\N,18.965500585224028,0.1376636985616439,17.835569585224025,0.1376636985616439,1.243567
Gaia DR3 4692276170589724288,7693A,\N,18.7587,-68.81856519233126,47.43583184213541,0.060973432,373.00598,360.3741027874996,96.24954415239075,3.220369,7.494878,7.600165,6.357864,4966.4697,4936.8506,5042.493,4.5314,4.5069,4.546,0.3981,0.1869,0.547,20.9401,20.7287,21.2434,5.8754106041957765,0.0027911853356217,4.738396604195776,0.0027911853356217,1.242301
Gaia DR3 3144837112115126400,\N,\N,117.565,7.185680554708171,55.10484642598936,0.05568983,1802.7583,209.9102876531619,-1790.495846403751,1.1383278,16.345392,16.889107,15.655408,\N,\N,\N,\N,\N,\N,\N,\N,\N,\N,\N,\N,15.051340981872787,0.0021945251343389,14.361356981872788,0.0021945251343389,1.233699
Gaia DR3 1076941716370493696,\N,\N,159.235,71.18091532625374,56.72524358802379,0.04633206,1914.3052,-1857.3434408510748,-463.5079992502577,1.0175227,16.611965,17.15443,15.927201,\N,\N,\N,\N,\N,\N,\N,\N,\N,\N,\N,\N,15.380846847483632,0.0017736162240185,14.69608284748363,0.0017736162240185,1.227229
Gaia DR3 5080543413172761088,23588A,\N,56.3521,-27.86197223296857,48.49309218354984,0.02853637,323.19806,303.2358095124807,111.82591789185426,1.7434316,7.948594,8.416718,7.1902423,4609.627,4604.8413,4611.915,4.4559,4.4462,4.4581,-1.1157,-1.218,-1.0852,20.5872,20.5473,20.6187,6.376993389894587,0.0012778303977993,5.618641689894587,0.0012778303977993,1.2264757
Gaia DR3 5775307733975564160,\N,\N,254.603,-80.98114435115843,44.623962255613,0.053946346,341.4767,134.43218277581917,313.901804450687,0.9499018,16.730433,17.274895,16.051975,\N,\N,\N,\N,\N,\N,\N,\N,\N,\N,\N,\N,14.978273647909228,0.0026251155898924,14.299815647909226,0.0026251155898924,1.22292
Gaia DR3 4096465765991472384,\N,\N,275.455,-17.91285390851484,57.38098607821672,2.7658734,9.757207,-8.88283611594411,4.037116416197495,1.3874298,20.035812,20.0395,18.829296,\N,\N,\N,\N,\N,\N,\N,\N,\N,\N,\N,\N,18.829652036092995,0.1047503047987401,17.623136036092994,0.1047503047987401,1.210204
Gaia DR3 4692276170590701952,7693B,\N,18.7584,-68.81829508263809,47.64959080542232,0.084932804,443.95062,427.2654859580882,120.56680919147068,2.9666035,7.971428,7.631056,6.424005,\N,\N,\N,\N,\N,\N,\N,\N,\N,\N,\N,\N,6.361723877263104,0.0038705355649284,4.814300877263103,0.0038705355649284,1.207051
Gaia DR3 2035020964491479552,186858A,\N,296.39,33.60003558627211,47.67111290338257,0.016216096,443.10342,8.756960305052942,-443.0168929625007,0.9387173,8.02304,8.53719,7.3316402,4665.525,4663.0947,4666.716,4.5419,4.5396,4.5431,-0.2626,-0.2724,-0.2547,20.976,20.9641,21.0238,6.414316454218403,0.00073866130383,5.722916654218404,0.00073866130383,1.2055498
Gaia DR3 6270906415441315840,125276B,\N,214.751,-25.814436322669373,55.75066903224743,0.04665465,499.14093,-364.09748382883697,341.43038110633813,1.1538495,10.699417,10.194982,8.998936,\N,\N,\N,\N,\N,\N,\N,\N,\N,\N,\N,\N,9.43066741736959,0.0018171855272495,7.730186417369589,0.0018171855272495,1.196046
Gaia DR3 5143341362661301632,14001A,\N,33.9421,-18.23869646522409,43.48141717601519,0.026377968,128.93085,-33.20349383065669,-124.58205923114278,1.0941306,8.106536,8.589049,7.3971095,4740.9375,4739.605,4742.39,4.5479,4.5464,4.55,-0.1883,-0.1955,-0.1812,22.9682,22.8785,22.9908,6.2980544523349975,0.0013173222143589,5.588627952334996,0.0013173222143589,1.1919395
Gaia DR3 5593584059906793088,64379B,\N,118.063,-34.70447719464107,54.55285373203484,0.020285776,308.47852,-207.3741516902645,228.3745996400201,1.0143106,7.9423513,8.351626,7.1619263,\N,\N,\N,\N,\N,\N,\N,\N,\N,\N,\N,\N,6.626438670190889,0.0008074738882837,5.846013670190888,0.0008074738882837,1.1896997
Gaia DR3 5272690766709543680,\N,\N,125.357,-67.05262825043658,93.67197325627788,0.019502597,770.54144,-397.3430136846721,660.1913388266182,0.94042635,15.077436,15.588746,14.41087,\N,\N,\N,\N,\N,\N,\N,\N,\N,\N,\N,\N,14.935484345000324,0.0004521026988024,14.268918345000325,0.0004521026988024,1.177876
Gaia DR3 2158285185808357504,\N,\N,275.334,61.01561311057306,72.95158681123607,0.023179354,714.00586,147.93950622499955,-698.5114418437977,1.016403,15.399544,15.904476,14.735014,\N,\N,\N,\N,\N,\N,\N,\N,\N,\N,\N,\N,14.714717714585912,0.0006899552370995,14.050187714585912,0.0006899552370995,1.169462
Gaia DR3 890661253803216896,\N,\N,105.217,31.959528067370343,50.970300987420025,0.053303834,692.8565,353.8431438984107,-595.6888529525935,0.9910404,16.333796,16.840723,15.682008,\N,\N,\N,\N,\N,\N,\N,\N,\N,\N,\N,\N,14.87038199085797,0.0022708880427702,14.21859399085797,0.0022708880427702,1.158715
Gaia DR3 3283853143218651264,\N,\N,66.5891,4.5393049493786926,47.06626164222542,0.0682972,852.20386,633.0991169905975,-570.4708279136389,1.0043218,16.870626,17.365,16.207048,\N,\N,\N,\N,\N,\N,\N,\N,\N,\N,\N,\N,15.234174523652351,0.0031509957316755,14.570596523652352,0.0031509957316755,1.157952
Gaia DR3 2964001014514075520,38392,\N,86.1091,-22.42340450564174,112.46606502613808,0.02246881,466.15222,-304.9050366049925,-352.605730230766,1.0054624,5.868166,6.3657584,5.208363,4794.6724,4793.796,4795.489,4.5283,4.5275,4.529,-0.1581,-0.1633,-0.1532,8.8919,8.8894,8.8965,6.1232735013426565,0.0004338233193044,5.463470501342656,0.0004338233193044,1.1573954
Gaia DR3 1855837849445750912,\N,\N,308.453,25.77907845011407,44.5041486571307,0.6921091,16.856928,-14.067770391966736,9.287295442134806,2.1172943,18.227695,18.018194,16.86482,\N,\N,\N,\N,\N,\N,\N,\N,\N,\N,\N,\N,16.469697488041504,0.0337725141808036,15.106822488041503,0.0337725141808027,1.153374
Gaia DR3 4497414466452138496,\N,\N,274.275,13.468650786638404,66.11036115185362,0.043105718,1197.8063,-436.211602734623,-1115.5534172245984,1.0202123,15.615121,16.108557,14.958063,\N,\N,\N,\N,\N,\N,\N,\N,\N,\N,\N,\N,14.71646864829376,0.0014158581039831,14.05941064829376,0.0014158581039831,1.150494
Gaia DR3 6679105566157898880,\N,\N,306.958,-43.024437304484366,47.0178776025946,0.07208387,824.4258,208.1670281974368,-797.711960898559,0.9641233,17.180204,17.686012,16.536839,\N,\N,\N,\N,\N,\N,\N,\N,\N,\N,\N,\N,15.541519105411515,0.0033291221444802,14.898154105411516,0.0033291221444802,1.149173
Gaia DR3 3713594960831605760,\N,\N,204.116,3.674479286708736,119.75661648253032,0.030381203,3898.2764,-3735.8392446179887,-1113.5811368534298,1.0317168,14.376431,14.870136,13.721761,\N,\N,\N,\N,\N,\N,\N,\N,\N,\N,\N,\N,14.767928586319076,0.0005508835122052,14.113258586319075,0.0005508835122052,1.148375
Gaia DR3 5280944182024023552,\N,\N,107.215,-67.10914625950578,58.9612796311996,0.030661715,243.31152,-224.4880020519923,-93.8383375982046,0.9834601,15.959545,16.452976,15.305003,\N,\N,\N,\N,\N,\N,\N,\N,\N,\N,\N,\N,14.812379502031286,0.0011292338729642,14.157837502031288,0.0011292338729642,1.147973
Gaia DR3 866177431955017600,\N,\N,110.029,21.98122098191772,53.95071404890075,0.04522994,31.17767,-28.195745833740947,13.305901895708908,1.0998721,7.971241,8.313267,7.1659784,\N,\N,\N,\N,\N,\N,\N,\N,\N,\N,\N,\N,6.631226985172981,0.0018204687655303,5.825964385172982,0.0018204687655303,1.1472886
Gaia DR3 4484184592790777728,\N,\N,276.35,11.599460820966335,50.9211557107518,0.047670227,329.85416,-326.7767633988116,44.95226076341813,0.9934709,16.300005,16.788107,15.642944,\N,\N,\N,\N,\N,\N,\N,\N,\N,\N,\N,\N,14.83449625938436,0.0020328409966507,14.17743525938436,0.0020328409966507,1.145163
Gaia DR3 4040232373435059200,\N,\N,266.999,-36.44086767373461,43.73172456312769,2.1842484,36.199436,-26.605398092227524,24.54693382186714,1.6075728,19.924667,17.75093,16.608524,\N,\N,\N,\N,\N,\N,\N,\N,\N,\N,\N,\N,18.128650020554844,0.1085478603812841,14.812507020554843,0.1085478603812832,1.142406
Gaia DR3 5125186299678747008,\N,\N,38.8403,-24.015788049468863,54.147239355716685,0.035721224,616.57733,-107.57269117236224,-607.1208158913734,0.9521411,15.674986,16.161413,15.019969,\N,\N,\N,\N,\N,\N,\N,\N,\N,\N,\N,\N,14.342867597222078,0.0014325321941779,13.687850597222075,0.0014325321941779,1.141444
Gaia DR3 908962109449446656,\N,\N,121.487,38.559958353958265,48.47364548163313,0.06448311,831.1804,-622.4054565058245,-550.8832768659036,1.021065,16.611654,17.104828,15.966371,\N,\N,\N,\N,\N,\N,\N,\N,\N,\N,\N,\N,15.039182411283754,0.0028886496043316,14.393899411283751,0.0028886496043316,1.138457
Gaia DR3 3022956969731332096,\N,\N,88.7921,-4.1789270915525885,155.23734721807887,0.01745606,2378.0312,535.2485529794916,-2317.0113402190777,1.0328441,14.236672,14.726641,13.592983,\N,\N,\N,\N,\N,\N,\N,\N,\N,\N,\N,\N,15.191653063331584,0.0002441767622798,14.547964063331586,0.0002441767622798,1.133658
Gaia DR3 6805792571514600960,\N,\N,313.056,-25.07154908469751,55.61070406267471,0.042975903,175.87437,86.80205758216027,-152.96142498840092,0.9223411,16.030754,16.515133,15.386088,\N,\N,\N,\N,\N,\N,\N,\N,\N,\N,\N,\N,14.75654596761602,0.0016781122949112,14.11187996761602,0.0016781122949112,1.129045
Gaia DR3 1844125748497557632,\N,\N,312.584,26.509985872877103,52.2405887964418,0.0313769,512.614,-414.8342388216961,-301.1406532183388,1.0619137,15.392575,15.875806,14.750393,\N,\N,\N,\N,\N,\N,\N,\N,\N,\N,\N,\N,13.982615315837826,0.0013042364645752,13.340433315837824,0.0013042364645752,1.125413
Gaia DR3 240259375324767744,19071,\N,46.3928,42.19701315436128,45.08447157538908,0.027017191,90.05368,67.16960273306452,-59.982575921189216,1.0488924,7.845316,8.325102,7.201596,4844.5757,4843.669,4845.4565,4.5405,4.5396,4.5412,-0.1758,-0.1798,-0.172,22.1679,22.152,22.1889,6.1154509188810815,0.001301270477656,5.471730918881081,0.001301270477656,1.123506
Gaia DR3 4124309523644614656,\N,\N,262.923,-17.07621686756212,45.81832265776983,3.7375464,64.01791,41.70470130957497,-48.56964257463516,1.6426245,20.698595,20.425896,19.308992,\N,\N,\N,\N,\N,\N,\N,\N,\N,\N,\N,\N,19.00379093127163,0.1775283853673297,17.61418793127163,0.1775283853673297,1.116904
Gaia DR3 453562088496088320,\N,\N,42.1486,54.387861136028064,92.0361989364657,0.03017235,572.5739,-423.5459309004648,-385.2917593227337,1.010324,15.117151,15.592888,14.4765625,\N,\N,\N,\N,\N,\N,\N,\N,\N,\N,\N,\N,14.936944370767137,0.0007118767252398,14.296355870767137,0.0007118767252398,1.1163255
Gaia DR3 5602379190880667904,\N,\N,118.484,-25.399493235020927,56.12260459646188,0.036141597,362.56827,-297.998386064266,206.52534491674064,0.99560744,16.033516,16.512772,15.397154,\N,\N,\N,\N,\N,\N,\N,\N,\N,\N,\N,\N,14.779205090080122,0.0013983757905462,14.142843090080124,0.0013983757905462,1.115618
Gaia DR3 3270079526697712768,\N,\N,56.7795,1.644754072472015,49.58365936145319,0.055739272,470.0825,233.97668778113947,-407.7161408691499,1.0796174,16.27168,16.744709,15.630603,\N,\N,\N,\N,\N,\N,\N,\N,\N,\N,\N,\N,14.748372876564076,0.0024410530367866,14.107295876564075,0.0024410530367866,1.114106
Gaia DR3 5059349158319689344,20010B,\N,48.0192,-28.984121178116503,71.00889596182354,0.08736323,722.8355,343.69952014135924,635.8944923055649,2.8498602,6.634122,7.1056385,5.993546,\N,\N,\N,\N,\N,\N,\N,\N,\N,\N,\N,\N,5.890685801702023,0.0026715939841022,5.250109801702024,0.0026715939841022,1.1120925
Gaia DR3 6282457918962299776,\N,\N,221.85,-17.70590074914838,75.19475017006016,0.05011494,1150.8053,-1098.5181889818268,-342.9442109685788,1.029077,16.157278,16.636406,15.525452,\N,\N,\N,\N,\N,\N,\N,\N,\N,\N,\N,\N,15.538215603771928,0.0014472183946452,14.906389603771927,0.0014472183946452,1.110954
Gaia DR3 5334619419176460928,\N,\N,178.718,-62.65467748941713,44.53709614777026,0.05155249,748.6715,-731.0203617342361,161.6113877680095,1.1720961,16.455534,16.728447,15.629182,\N,\N,\N,\N,\N,\N,\N,\N,\N,\N,\N,\N,14.6991434864681,0.0025135195007273,13.8727914864681,0.0025135195007273,1.099265
Gaia DR3 5764485618978306176,\N,\N,134.805,-0.9791039965243932,54.77962132794597,0.047101453,197.06886,156.63551081546456,-119.58868422711556,1.0059143,16.103315,16.570662,15.471751,\N,\N,\N,\N,\N,\N,\N,\N,\N,\N,\N,\N,14.796410129024547,0.0018671091249613,14.164846129024552,0.0018671091249613,1.098911
Gaia DR3 4911306239828325760,10361,\N,24.9507,-56.19640006625107,122.00347235303984,0.03193793,309.41888,309.2298258573708,10.815266219876031,1.2156,5.6254873,6.089998,4.9957995,4902.265,4899.9053,4903.837,4.5288,4.527,4.5298,-0.3803,-0.3995,-0.3656,8.198,8.194,8.2063,6.057348256746864,0.0005684455864956,5.427660456746865,0.0005684455864956,1.0941985
Gaia DR3 4467355158571184256,148653B,\N,247.218,18.41543716752164,51.79085053099461,0.018888528,501.99078,-324.16730818276,383.2887962121308,1.0688821,7.5834684,8.008382,6.9297514,4965.8535,4909.316,4968.973,4.6229,4.5526,4.6304,-0.0391,-0.3902,-0.0165,19.2572,19.2299,19.2894,6.1547336162098185,0.000791952995681,5.50101661620982,0.000791952995681,1.0786306
Gaia DR3 6017724140666000896,\N,\N,247.873,-39.015645055130406,44.42749080941704,0.11222179,519.0884,-417.61158419813694,-308.30715764577394,1.1783742,16.680103,16.355547,15.283094,\N,\N,\N,\N,\N,\N,\N,\N,\N,\N,\N,\N,14.918361928527489,0.0054850506875308,13.521352928527486,0.0054850506875308,1.072453
Gaia DR3 4911306239828325632,10360,\N,24.9513,-56.19325138476668,122.108812649359,0.036529314,263.04077,262.61493034694894,14.96130071250266,1.2739952,5.5083017,5.9569917,4.886207,5044.24,5041.956,5048.7476,4.5958,4.5893,4.6045,0.05,0.0348,0.0623,8.1748,8.1636,8.1843,5.9420367415456985,0.0006496042188501,5.319942041545699,0.0006496042188501,1.0707847
Gaia DR3 4467355154275146112,148653A,\N,247.218,18.41575935482316,51.80796167805189,0.017478893,518.1376,-348.5864808594865,383.3457990102912,0.9444088,7.414201,7.81933,6.7489576,5004.562,4988.7515,5011.438,4.5229,4.5052,4.5292,-0.6786,-0.9539,-0.5776,19.2707,19.151,19.3232,5.9861835291456655,0.0007326081572998,5.320940129145666,0.0007326081572998,1.0703724
Gaia DR3 4109030160308317312,155885,\N,258.835,-26.60789783205067,168.13027793748972,0.10807573,1232.5948,-465.86077428732233,-1141.1676949906755,0.66811454,4.828591,5.282556,4.2228065,4997.0127,4995.8306,4998.8647,4.5379,4.537,4.5389,-0.3685,-0.3767,-0.3539,5.9498,5.9447,5.9592,5.956820654558416,0.0013958431582716,5.351036154558417,0.0013958431582716,1.0597495
Gaia DR3 4109030160308320128,155886,\N,258.834,-26.606806615399403,168.003078856296,0.13433942,1252.6638,-498.6001998992269,-1149.1581425021811,0.6913257,4.831335,5.2874,4.2290955,4991.236,4988.844,4993.6504,4.5376,4.5361,4.5396,-0.3459,-0.3668,-0.3216,5.9538,5.9449,5.9735,5.957921203809303,0.0017363634535767,5.355681703809303,0.0017363634535767,1.0583045
Gaia DR3 2411855072801159040,219834B,\N,349.779,-13.455716149118205,44.5697976084601,0.029276362,324.07355,306.66111752360024,-104.79803807051674,1.1987034,7.356538,7.8014865,6.74601,5094.8164,5091.1396,5098.4033,4.4764,4.4744,4.4778,-0.1478,-0.1568,-0.1386,22.4207,22.3992,22.5057,5.601741309792726,0.0014263654961106,4.991213309792726,0.0014263654961106,1.0554765
Gaia DR3 4692263904164105856,7788B,\N,18.9447,-68.87450095945337,47.650011055007226,0.020337448,394.87927,386.25684249782313,82.06888936140167,1.1753818,7.3319693,7.768304,6.713414,4992.5405,4990.874,4994.1934,4.4926,4.4915,4.4938,-0.1055,-0.1144,-0.0973,20.9856,20.9762,20.9991,5.722284328662711,0.0009268037701524,5.103729028662711,0.0009268037701524,1.05489
Gaia DR3 2202703050401536000,\N,\N,327.916,59.2929297833234,118.15513655131949,0.015516662,88.84971,-86.74227008780505,-19.236664849105665,1.0251036,14.373105,14.813503,13.762923,\N,\N,\N,\N,\N,\N,\N,\N,\N,\N,\N,\N,14.735368032186592,0.0002851674890989,14.125186032186594,0.0002851674890989,1.05058
Gaia DR3 1389522117550542464,139341B,\N,234.007,39.80296380917398,44.33282045204357,0.060517557,444.64764,-441.4511527972061,53.220352548031975,2.2711954,7.2032456,7.2971764,6.2476664,5170.584,5118.123,5202.271,4.4711,4.4288,4.4969,0.6688,0.5152,0.7359,22.5227,22.388,22.6007,5.436872409868421,0.0029642212158531,4.48129320986842,0.0029642212158531,1.04951
Gaia DR3 6478328218869704192,\N,\N,315.27,-49.10774847786424,74.94562437295559,0.030896338,365.54672,-287.01602223020484,-226.37627541287156,0.95621395,15.262044,15.702256,14.657553,\N,\N,\N,\N,\N,\N,\N,\N,\N,\N,\N,\N,14.635775410327556,0.000895189677637,14.031284410327558,0.000895189677637,1.044703
Gaia DR3 5427528254746168192,\N,\N,139.004,-42.25664880142436,44.3526476116632,0.043621037,205.0473,24.67367223295178,-203.55737909832035,1.0006982,16.566486,17.003422,15.961203,\N,\N,\N,\N,\N,\N,\N,\N,\N,\N,\N,\N,14.80108374979196,0.0021356539904955,14.19580074979196,0.0021356539904955,1.042219
Gaia DR3 1089400763661597440,\N,\N,113.379,64.15647613415042,50.06421573579301,0.03907864,260.98422,42.26607735581379,-257.53900424412467,1.0117233,16.000692,16.438784,15.398046,\N,\N,\N,\N,\N,\N,\N,\N,\N,\N,\N,\N,14.49832908629952,0.0016949872188876,13.89568308629952,0.0016949872188876,1.040738
Gaia DR3 3837746380705638656,81997B,\N,142.289,-2.7508697899163823,55.26762521593975,0.024892151,139.65509,138.57932201308492,-17.3007167519049,1.104567,6.9486914,7.383951,6.344556,5021.763,5020.7925,5022.673,4.4818,4.4809,4.4825,-0.1696,-0.1745,-0.1648,18.0901,18.0793,18.1121,5.661045419329101,0.0009780160184869,5.056910019329102,0.0009780160184869,1.039395
Gaia DR3 4483969878781058944,\N,\N,276.793,11.270370033520146,43.55668767903728,3.6769521,4.2733,-4.272389500949758,-0.0882111957078435,1.2850616,20.678068,20.617502,19.579117,\N,\N,\N,\N,\N,\N,\N,\N,\N,\N,\N,\N,18.873342229453108,0.1837478577642333,17.77439122945311,0.1837478577642333,1.038385
Gaia DR3 6165095738576250624,\N,\N,205.5,-34.25030350013807,48.11495272535425,0.061757725,2571.2402,-2301.288006713221,1146.8872037903784,0.9918731,16.238365,16.672112,15.635695,\N,\N,\N,\N,\N,\N,\N,\N,\N,\N,\N,\N,14.649765317103146,0.0027871848970351,14.047095317103144,0.0027871848970351,1.036417
Gaia DR3 3261591090771914240,\N,\N,51.2971,-1.8247081785895436,59.06632710976977,0.057836663,900.3431,235.8629627914204,-868.8995028255055,1.037916,15.907634,16.332634,15.304877,\N,\N,\N,\N,\N,\N,\N,\N,\N,\N,\N,\N,14.764333830964652,0.0021262665929482,14.161576830964652,0.0021262665929482,1.027757
Gaia DR3 2766234439302571904,\N,\N,1.83724,12.5048454839222,57.277001750668994,0.058457207,424.27258,355.0270110930993,-232.29945183493905,1.0469538,16.257181,16.67076,15.655428,\N,\N,\N,\N,\N,\N,\N,\N,\N,\N,\N,\N,15.047082380540544,0.0022162168467705,14.445329380540546,0.0022162168467705,1.015332
Gaia DR3 4048944014492875648,\N,\N,273.756,-31.227986992718733,44.02786775812197,1.3357004,41.460922,-37.01026289568527,18.68819455790014,1.9467999,19.137518,18.781523,17.77498,\N,\N,\N,\N,\N,\N,\N,\N,\N,\N,\N,\N,17.356156266804255,0.0658975106238983,15.993618266804257,0.0658975106238983,1.006543
Gaia DR3 4468557611984384512,165341A,\N,271.364,2.495224095912567,195.5673545594233,0.19638827,1126.5837,206.5250031061404,-1107.4919291637984,3.2666097,3.987364,4.409446,3.4057531,5204.636,5202.6562,5207.388,4.481,4.4764,4.4826,-0.1421,-0.1542,-0.1284,5.1193,5.1095,5.1699,5.4438458054798415,0.0021805881363223,4.862234905479842,0.0021805881363223,1.0036929
Gaia DR3 1638979384378696704,\N,\N,267.016,70.88157381434476,160.99524492008814,0.011894624,1683.204,-1266.3871707976418,1108.8007104699252,1.0637181,13.778201,14.179064,13.176234,\N,\N,\N,\N,\N,\N,\N,\N,\N,\N,\N,\N,14.812266245517527,0.0001604323649271,14.210299245517527,0.0001604323649271,1.00283
Gaia DR3 1726678630833373824,\N,\N,197.183,85.04004183374516,60.71101974439407,0.028362986,329.9044,214.43028632847663,-250.7121184984613,1.0073686,15.808544,16.229452,15.227294,\N,\N,\N,\N,\N,\N,\N,\N,\N,\N,\N,\N,14.724881638227693,0.0010144689759883,14.143631638227692,0.0010144689759883,1.002158
Gaia DR3 225709641034907264,25893A,\N,61.8941,38.073549604931806,47.32501011279658,0.022569712,284.41766,176.89752816022292,-222.7120904239128,0.9347098,7.0351396,7.438931,6.4489446,5182.301,5181.1426,5183.3364,4.4642,4.4634,4.4648,-0.1654,-0.1695,-0.1603,21.1153,21.1039,21.1297,5.410593177197271,0.0010355942977615,4.824398177197271,0.0010355942977615,0.9899864
Gaia DR3 4499839473701254400,\N,\N,269.592,14.29132364058708,46.9345748997573,0.040697172,1002.6889,-823.6094619902998,-571.8850587519153,1.0087708,16.080153,16.480944,15.517415,\N,\N,\N,\N,\N,\N,\N,\N,\N,\N,\N,\N,14.437617443434458,0.00188289354874,13.87487944343446,0.00188289354874,0.963529
Gaia DR3 2982808337003815040,\N,\N,76.4694,-17.375795389957727,51.68353212880498,0.032835796,684.9848,169.40560840294268,663.7062265669894,1.03157,15.784489,16.174978,15.215876,\N,\N,\N,\N,\N,\N,\N,\N,\N,\N,\N,\N,14.351249931633166,0.0013795890434531,13.782636931633167,0.0013795890434531,0.959102
Gaia DR3 5146358426863612160,\N,\N,38.1581,-14.200743518887526,59.98534927004329,0.037285626,682.7852,35.94764344462052,-681.838243931136,1.0054368,15.578784,15.962535,15.020095,\N,\N,\N,\N,\N,\N,\N,\N,\N,\N,\N,\N,14.469009959574494,0.0013497415542786,13.910320959574497,0.0013497415542786,0.94244
Gaia DR3 351429930856782464,\N,\N,34.2469,42.96552846951161,48.69947562229983,0.06485469,1033.4061,852.7359501667565,-583.7546979209678,1.1097729,16.044624,16.43083,15.488839,\N,\N,\N,\N,\N,\N,\N,\N,\N,\N,\N,\N,14.482245424598048,0.002891822784905,13.926460424598048,0.002891822784905,0.941991
Gaia DR3 3478127467639543296,100623B,\N,173.623,-32.83031725241797,104.6570356923785,0.026720122,1086.1163,-701.8023325342459,828.9282876991438,0.9809088,14.548313,14.917825,13.980828,\N,\N,\N,\N,\N,\N,\N,\N,\N,\N,\N,\N,14.647155148068569,0.0005544014177241,14.079670148068566,0.0005544014177241,0.936997
Gaia DR3 423075173674854528,123B,\N,1.56788,58.437291315614864,47.01680071365626,0.19357541,287.24396,284.7609725338516,37.68664491597016,7.086127,7.075807,6.969859,6.038823,\N,\N,\N,\N,\N,\N,\N,\N,\N,\N,\N,\N,5.43707236983184,0.0089403368731053,4.400088369831842,0.0089403368731053,0.931036
Gaia DR3 1237090738916392704,131156A,\N,222.848,19.10026964007245,148.06949945238355,0.13173045,133.76799,127.4678757766822,-40.56864549694421,1.0991775,4.4804826,4.8695474,3.9444358,5386.0786,5377.5137,5394.945,4.4925,4.4816,4.5076,-0.0427,-0.1059,0.1338,6.7505,6.7046,7.0924,5.332810641299066,0.0019318570954429,4.796763841299066,0.0019318570954429,0.9251116
Gaia DR3 3301319572621418368,\N,\N,60.1096,8.233505755215763,53.76923437527852,0.043360464,535.73596,-362.6514810409707,-394.3309898145957,1.0853775,15.695673,16.06824,15.144802,\N,\N,\N,\N,\N,\N,\N,\N,\N,\N,\N,\N,14.348342262824591,0.0017511142337056,13.797471262824592,0.0017511142337056,0.923438
Gaia DR3 6443365570172526848,\N,\N,303.135,-59.953872302331305,60.79511771963463,0.033516385,1433.4697,343.2629779428405,-1391.7636022433649,0.9770002,15.632781,16.00416,15.09017,\N,\N,\N,\N,\N,\N,\N,\N,\N,\N,\N,\N,14.552124518686128,0.0011971341679641,14.009513518686129,0.0011971341679641,0.91399
Gaia DR3 2349916559152267008,\N,\N,10.3562,-22.35233354272889,109.92764165734953,0.02020457,600.26556,-463.2060421074756,-381.7838948908595,0.98814744,14.297183,14.665041,13.753858,\N,\N,\N,\N,\N,\N,\N,\N,\N,\N,\N,\N,14.502717554466455,0.0003991140547885,13.959392554466458,0.0003991140547885,0.911183
Gaia DR3 6862687522250677376,\N,\N,307.789,-16.978023791025713,43.8252568096078,0.06373722,198.58856,-187.6842710630213,64.9001455399871,1.0433898,16.092503,16.481487,15.5769825,\N,\N,\N,\N,\N,\N,\N,\N,\N,\N,\N,\N,14.301125348377798,0.0031580810323887,13.785604848377798,0.0031580810323887,0.9045045
Gaia DR3 1996725077535283200,\N,\N,347.497,55.11394371458394,60.89459838316985,0.030127829,410.18457,407.3658425470492,48.00481691092904,1.0342177,15.6044655,15.966105,15.065339,\N,\N,\N,\N,\N,\N,\N,\N,\N,\N,\N,\N,14.527359352620447,0.0010743441373639,13.988232852620447,0.0010743441373639,0.900766
Gaia DR3 151650935831913216,283750B,\N,69.1882,27.16365247435903,57.47181228815324,0.041458268,271.60498,227.47933818329824,-148.39952640218354,0.93887466,15.610918,15.97125,15.072892,\N,\N,\N,\N,\N,\N,\N,\N,\N,\N,\N,\N,14.408192460902086,0.0015664287785543,13.870166460902084,0.0015664287785543,0.898358
Gaia DR3 5734737438536674432,\N,\N,130.701,-13.787113108571324,67.52160151805477,0.032935813,267.16452,-266.0067293740712,-24.84566982587193,1.0089585,15.592953,15.969452,15.072603,\N,\N,\N,\N,\N,\N,\N,\N,\N,\N,\N,\N,14.740166672990638,0.0010592049548412,14.219816672990635,0.0010592049548412,0.896849
Gaia DR3 5314177402013456256,\N,\N,141.199,-49.25571623145183,44.3077163968993,0.03649356,917.6782,-723.9067959636502,563.9967162173305,1.0361688,16.358255,16.721212,15.826742,\N,\N,\N,\N,\N,\N,\N,\N,\N,\N,\N,\N,14.590651836167716,0.0017885096102574,14.059138836167715,0.0017885096102574,0.89447
Gaia DR3 5787859896160384384,\N,\N,199.863,-78.39274225993373,51.86204910091279,0.03469525,465.96442,299.93276645823056,-356.5994513454231,0.93002135,15.964824,16.32645,15.433426,\N,\N,\N,\N,\N,\N,\N,\N,\N,\N,\N,\N,14.539072360049284,0.0014526959628824,14.007674360049286,0.0014526959628824,0.893024
Gaia DR3 126342377182577408,\N,\N,39.8336,26.16519087279638,47.92885506170294,0.050964903,360.69586,316.4174083529749,-173.15177782920185,1.1854196,15.952863,16.315334,15.423141,\N,\N,\N,\N,\N,\N,\N,\N,\N,\N,\N,\N,14.35584827282003,0.0023090249555703,13.82612627282003,0.0023090249555703,0.892193
Gaia DR3 1389522117550541056,139341A,\N,234.007,39.80263192845487,44.396813112940514,0.048006438,465.68976,-463.2479209403672,47.62671497570164,1.0255458,7.3758645,7.1030097,6.2156906,\N,\N,\N,\N,\N,\N,\N,\N,\N,\N,\N,\N,5.612623483778283,0.0023480220519256,4.452449583778283,0.0023480220519256,0.8873191
Gaia DR3 2555215995900584448,\N,\N,6.90383,5.699694118371584,46.118299277557526,0.047717348,378.42368,270.6739331525782,-264.4619032662961,0.99970275,15.965945,16.32456,15.437857,\N,\N,\N,\N,\N,\N,\N,\N,\N,\N,\N,\N,14.285311416358004,0.0022467641529733,13.757223416358004,0.0022467641529733,0.886703
Gaia DR3 6018693257096471424,\N,\N,248.402,-37.22102381457419,47.404525154122666,0.072568975,489.35812,-481.39493109148464,-87.92210885598395,0.9448909,16.435608,16.792913,15.906347,\N,\N,\N,\N,\N,\N,\N,\N,\N,\N,\N,\N,14.814707003271542,0.0033241900342622,14.285446003271543,0.0033241900342622,0.886566
Gaia DR3 4440264291578812928,\N,\N,248.139,8.855146770762529,77.35287594638186,0.026699724,380.01337,278.0612399418216,-259.0214397748555,1.0193738,14.896561,15.243631,14.370606,\N,\N,\N,\N,\N,\N,\N,\N,\N,\N,\N,\N,14.33894332608028,0.0007495224398681,13.81298832608028,0.0007495224398681,0.873025
Gaia DR3 3704392873141718912,\N,\N,195.036,3.4742244403240017,60.59234751875788,0.039394487,970.75885,-438.7442905972067,-865.9539033330701,0.99590003,15.638064,15.981932,15.119137,\N,\N,\N,\N,\N,\N,\N,\N,\N,\N,\N,\N,14.550152893089436,0.0014117963268276,14.031225893089434,0.0014117963268276,0.862795
Gaia DR3 1884744525522874880,\N,\N,342.852,29.662959272690284,50.051821712590645,0.19301312,1253.6871,1246.045074516113,138.2143119231665,7.660043,15.341885,15.680044,14.820234,\N,\N,\N,\N,\N,\N,\N,\N,\N,\N,\N,\N,13.838984444573974,0.008373815937027,13.317333444573972,0.008373815937027,0.85981
Gaia DR3 5273943488410008832,\N,\N,118.301,-67.79867244988867,122.41301924617866,0.011389391,2090.8657,1467.1233866646044,-1489.7210290827738,1.0526336,13.777515,14.1209345,13.261633,\N,\N,\N,\N,\N,\N,\N,\N,\N,\N,\N,\N,14.216653048446714,0.0002020352781206,13.700771048446711,0.0002020352781206,0.8593015
Gaia DR3 3320184202856435840,\N,\N,89.1041,5.359344709329013,123.19885316518209,0.017005328,1026.4637,-444.6846044467807,-925.1396520378544,0.9165941,13.9694195,14.296304,13.465378,\N,\N,\N,\N,\N,\N,\N,\N,\N,\N,\N,\N,14.422452825410248,0.0002997316927277,13.918411325410249,0.0002997316927277,0.830926
Gaia DR3 4970215770740383616,\N,\N,33.4544,-33.75673655482725,53.33253408289888,0.06488945,400.9866,173.2316391825422,361.6366180157496,1.8171712,15.987268,15.917001,15.087338,\N,\N,\N,\N,\N,\N,\N,\N,\N,\N,\N,\N,14.622229097869976,0.002642021840824,13.722299097869977,0.002642021840824,0.829663
Gaia DR3 5784295623056963200,\N,\N,191.209,-80.15617625382406,46.79163833482646,0.03215487,537.7436,-404.17077250445584,354.7029388514153,1.0036969,16.010427,16.336573,15.512099,\N,\N,\N,\N,\N,\N,\N,\N,\N,\N,\N,\N,14.361268257946168,0.0014922201169351,13.862940257946168,0.0014922201169351,0.824474
Gaia DR3 4934162784467241472,\N,\N,21.3284,-45.76112190816952,46.221211927289175,0.038750824,758.45245,509.17772907001415,-562.1282793808016,1.0381427,16.138287,16.456944,15.648316,\N,\N,\N,\N,\N,\N,\N,\N,\N,\N,\N,\N,14.462493642802624,0.0018205140317224,13.972522642802629,0.0018205140317224,0.808628
Gaia DR3 2867032958053059200,\N,\N,357.479,29.56555497241167,47.7389030880973,0.03311171,504.6843,-54.91263625775952,-501.68797706333226,0.987169,15.578869,15.893461,15.088036,\N,\N,\N,\N,\N,\N,\N,\N,\N,\N,\N,\N,13.973231179317292,0.0015061338148942,13.48239817931729,0.0015061338148942,0.805425
Gaia DR3 1328866562170960512,146361,\N,243.669,33.85822643128281,44.05746961395318,0.045887534,282.06052,-268.2164084531518,-87.28170012108714,1.2206292,5.4312882,5.7519083,4.946602,5625.2656,5623.7344,5626.6865,4.0933,4.0926,4.0946,-0.7597,-0.7662,-0.7521,22.6491,22.5897,22.6787,3.6513859518342375,0.0022616721052304,3.166699751834239,0.0022616721052304,0.8053063
Gaia DR3 1575357587146077056,\N,\N,182.875,57.40314952754088,50.07790021323608,0.027994908,554.4598,413.8312371270634,-369.0113159729841,1.0735279,15.622568,15.935187,15.132704,\N,\N,\N,\N,\N,\N,\N,\N,\N,\N,\N,\N,14.120798552197652,0.0012139122527621,13.630934552197653,0.0012139122527621,0.802483
Gaia DR3 3554395813252626048,\N,\N,161.404,-19.115192243295464,53.1904439406096,0.033818677,1962.5582,-1867.2807612606252,-604.0672241542925,1.0258031,15.440838,15.718997,14.918241,\N,\N,\N,\N,\N,\N,\N,\N,\N,\N,\N,\N,14.070006075324695,0.0013806302126244,13.547409075324694,0.0013806302126244,0.800756
Gaia DR3 423075173680043904,123A,\N,1.56791,58.43686169804288,48.10266404554371,0.039829273,240.46834,237.577540601277,37.1743219800333,1.7541829,6.221867,6.380405,5.585264,5617.5693,5612.656,5623.7314,4.3236,4.3213,4.3275,-0.8889,-0.919,-0.845,20.7815,20.7618,20.8019,4.632712646759009,0.0017979916266996,3.9961096467590096,0.0017979916266996,0.795141
Gaia DR3 1193520666521113344,\N,\N,233.773,12.79509004208615,51.94608187314988,0.034417957,244.36333,-165.59663308711674,-179.69749172280143,1.0669562,15.590476,15.924131,15.130042,\N,\N,\N,\N,\N,\N,\N,\N,\N,\N,\N,\N,14.16823997842241,0.0014387544211036,13.70780597842241,0.0014387544211036,0.794089
Gaia DR3 2418116963320446720,\N,\N,3.5508,-13.1868128174365,53.88086614752925,0.038864173,900.01074,-546.6949616842454,-714.9433483430773,0.9558688,15.758745,16.068424,15.274777,\N,\N,\N,\N,\N,\N,\N,\N,\N,\N,\N,\N,14.415917842462331,0.0015662794616693,13.931949842462332,0.0015662794616693,0.793647
Gaia DR3 3506061587037686144,\N,\N,199.853,-21.80062258527888,50.61067851141652,0.07329723,459.8475,-4.825087722687805,-459.822183508678,0.93500817,16.53674,16.853714,16.06184,\N,\N,\N,\N,\N,\N,\N,\N,\N,\N,\N,\N,15.057950798556272,0.0031448506243947,14.583050798556272,0.0031448506243947,0.791874
Gaia DR3 834571523536798848,90508A,\N,157.017,48.7809869680957,43.49441787080643,0.038626797,884.44904,81.79831470043351,-880.658357833779,0.93805134,6.277527,6.5874543,5.7958035,5701.18,5699.7905,5702.4385,4.3133,4.3123,4.3144,-0.7814,-0.7989,-0.7686,22.9529,22.908,22.9794,4.469694613110256,0.0019284554228042,3.987971113110257,0.0019284554228042,0.7916508
Gaia DR3 2064689567732385792,\N,\N,308.341,39.9022620110814,48.20099105867645,0.036887772,107.34789,36.576563022233415,-100.9243569647661,0.98170406,16.224464,16.53693,15.753734,\N,\N,\N,\N,\N,\N,\N,\N,\N,\N,\N,\N,14.63974383921184,0.0016618080463643,14.16901383921184,0.0016618080463643,0.783196
Gaia DR3 1328866562170960384,146362,\N,243.667,33.857177734562256,44.13402082423081,0.0178749,301.27304,-290.85992490732986,-78.52360571530251,1.0779307,6.4382195,6.743037,5.96131,5750.398,5748.4663,5751.838,4.3923,4.3911,4.3933,-0.4592,-0.4705,-0.4481,22.6469,22.6367,22.6567,4.662086977959856,0.000879476956106,4.185177477959854,0.000879476956106,0.781727
Gaia DR3 4293873732939569920,\N,\N,290.362,6.222660165279087,55.10270735394486,0.03377345,152.65576,135.26804297274697,-70.75549325452295,0.98728013,15.58571,15.892617,15.111263,\N,\N,\N,\N,\N,\N,\N,\N,\N,\N,\N,\N,14.291574687543262,0.0013309350402996,13.817127687543264,0.0013309350402996,0.781354
Gaia DR3 2043885295914531072,176051A,\N,284.258,32.90072064481614,67.14120107780762,0.11846329,212.31667,164.15888580530518,-134.64853836580505,2.727981,5.1740646,5.388042,4.6085796,5844.264,5841.326,5847.075,4.2475,4.2462,4.2489,-2.0133,-2.0259,-2.0055,14.8872,14.8623,14.9127,4.309010130017114,0.0038313290287033,3.7435251300171153,0.0038313290287033,0.7794624
Gaia DR3 5410698683096655360,\N,\N,145.668,-46.6217555605318,48.83429362474367,0.025127925,78.85963,68.19144565944674,-39.607675704254525,0.968235,15.597418,15.891129,15.136825,\N,\N,\N,\N,\N,\N,\N,\N,\N,\N,\N,\N,14.041042550721956,0.0011173418639129,13.580449550721957,0.0011173418639129,0.754304
Gaia DR3 3553682127126319360,\N,\N,159.73,-20.680003391633377,70.83755933851121,0.045167703,622.07434,-288.0413413399446,551.3698173896573,1.0365106,15.838033,16.092281,15.345789,\N,\N,\N,\N,\N,\N,\N,\N,\N,\N,\N,\N,15.089350947226212,0.0013845823469011,14.597106947226212,0.0013845823469011,0.746492
Gaia DR3 5698808589703862272,\N,\N,121.22,-23.83112491500264,46.27219323032894,1.8635912,8.305864,6.931997379094277,4.575456158113124,1.7123156,20.010672,19.700075,18.95845,\N,\N,\N,\N,\N,\N,\N,\N,\N,\N,\N,\N,18.337272424369523,0.0875023790783302,17.285050424369523,0.0875023790783302,0.741625
Gaia DR3 5374565879145559424,\N,\N,169.611,-47.365669836684354,58.69943047458538,0.025764056,333.14172,-331.3609156127773,34.40000606948579,1.0218755,15.365386,15.648704,14.910942,\N,\N,\N,\N,\N,\N,\N,\N,\N,\N,\N,\N,14.20855543784414,0.000953091706366,13.754111437844138,0.000953091706366,0.737762
Gaia DR3 6573778541262656256,\N,\N,333.651,-38.98698989017069,55.07638243122623,0.045776866,1076.7576,1011.7329336610676,-368.5151815456178,1.0229942,15.78322,16.065773,15.332144,\N,\N,\N,\N,\N,\N,\N,\N,\N,\N,\N,\N,14.4880470343086,0.0018048248634876,14.0369710343086,0.0018048248634876,0.733629
Gaia DR3 4152557420406043264,\N,\N,276.018,-13.147921434304353,52.46918029121872,0.03869167,671.16864,-205.5029260559404,-638.9334112295472,1.0030725,15.399646,15.678224,14.948207,\N,\N,\N,\N,\N,\N,\N,\N,\N,\N,\N,\N,13.999167397055997,0.0016012811453496,13.547728397055996,0.0016012811453496,0.730017
Gaia DR3 4651329704762754944,\N,\N,79.0024,-72.23388187317005,44.772049258994976,0.089929,814.554,-61.53632148749725,812.226284854337,2.1677287,14.605188,14.591591,13.867626,\N,\N,\N,\N,\N,\N,\N,\N,\N,\N,\N,\N,12.860222864535668,0.0043616186474002,12.122660864535671,0.0043616186474002,0.723965
Gaia DR3 4983839647522981504,\N,\N,21.0184,-42.67967119442082,54.19819233573951,0.021207413,603.2228,298.2274954140081,-524.3453696395236,1.0621926,14.692235,14.967341,14.247625,\N,\N,\N,\N,\N,\N,\N,\N,\N,\N,\N,\N,13.362159009102886,0.0008496835885551,12.917549009102885,0.0008496835885551,0.719716
Gaia DR3 4108828945319007744,\N,\N,256.672,-26.726733030271305,76.65460424054565,0.032999184,98.89781,-25.94778468222581,-95.43316589845584,0.89508826,15.0062065,15.277116,14.561751,\N,\N,\N,\N,\N,\N,\N,\N,\N,\N,\N,\N,14.428897728842283,0.0009348012781371,13.984442228842283,0.0009348012781371,0.715365
Gaia DR3 3218697767783768320,\N,\N,87.8317,-0.1715217523819702,89.11206739900385,0.021058416,253.23341,112.63953933104447,226.80277586254425,1.0092648,14.425181,14.690135,13.992338,\N,\N,\N,\N,\N,\N,\N,\N,\N,\N,\N,\N,14.174863597060469,0.0005131490214296,13.742020597060469,0.0005131490214296,0.697797
Gaia DR3 1431176943768691328,\N,\N,248.581,57.17446098178006,67.35385415177373,0.021381365,1634.8473,-1110.9456077093246,1199.3854047540412,1.0143375,14.848741,15.107671,14.422666,\N,\N,\N,\N,\N,\N,\N,\N,\N,\N,\N,\N,13.990553260796606,0.0006893301997283,13.564478260796603,0.0006893301997283,0.685005
Gaia DR3 5544743925212648320,\N,\N,123.112,-35.49549759663225,89.50642598239092,0.015485769,71.69701,-65.47944990434657,-29.204493755420287,1.0388529,14.346308,14.605364,13.92187,\N,\N,\N,\N,\N,\N,\N,\N,\N,\N,\N,\N,14.105579079848344,0.0003756928074176,13.68114107984834,0.0003756928074176,0.683494
Gaia DR3 3307009304776119936,\N,\N,66.4734,12.195718425525737,62.38745759498418,0.035116166,251.6155,-91.3886384847017,-234.4322294116079,1.0157794,15.268687,15.520822,14.848667,\N,\N,\N,\N,\N,\N,\N,\N,\N,\N,\N,\N,14.24417343841252,0.0012222615985582,13.824153438412518,0.0012222615985582,0.672155
Gaia DR3 4689789625044431616,\N,\N,3.4612,-71.83283882571797,53.20518497550886,0.0193993,340.0941,233.00799444120008,-247.73224655056336,0.95242137,15.033262,15.289119,14.61724,\N,\N,\N,\N,\N,\N,\N,\N,\N,\N,\N,\N,13.663031787088656,0.0007917470186429,13.247009787088654,0.0007917470186429,0.671879
Gaia DR3 2498460442625153536,16765A,\N,40.3093,-0.6962055847301062,44.86942385484068,0.041015185,252.88327,220.02154488466715,-124.6614106405939,0.97861886,5.639261,5.8888855,5.2238035,6208.489,6204.5845,6217.978,4.2607,4.2411,4.2843,-0.2559,-0.3547,-0.1517,22.2889,22.248,22.3493,3.899013465085706,0.0019849456434606,3.4835559650857078,0.0019849456434606,0.665082
Gaia DR3 1068982214258617216,\N,\N,137.598,67.13362657576307,48.740394987611786,0.07627328,88.85526,13.118896132255593,-87.8814638931786,0.859881,4.679625,4.9398856,4.282234,6235.699,6234.4463,6237.6167,4.077,4.0682,4.0787,-0.3019,-0.3137,-0.2877,20.5509,20.4992,20.9013,3.119070221724564,0.003398114815118,2.721679221724565,0.003398114815118,0.6576516
Gaia DR3 4698424845771339520,\N,\N,25.7503,-67.31295815760012,102.90778143705752,0.01108138,1070.4092,-329.264342191648,-1018.50905419815,1.049109,13.696558,13.942925,13.289191,\N,\N,\N,\N,\N,\N,\N,\N,\N,\N,\N,\N,13.7587990772817,0.0002338298492716,13.3514320772817,0.0002338298492716,0.653734
Gaia DR3 3455921181049073280,\N,\N,85.7798,36.616751811814616,44.97581993044304,0.035161644,169.08154,-159.39601414679683,-56.40462130945568,1.0084004,15.551895,15.792079,15.140347,\N,\N,\N,\N,\N,\N,\N,\N,\N,\N,\N,\N,13.81679044741658,0.0016976356516185,13.40524244741658,0.0016976356516185,0.651732
Gaia DR3 5564171814627287296,\N,\N,104.273,-39.16057903497493,60.55813991669191,0.018015416,334.57068,-298.99905486032003,-150.12360459886406,0.97780627,14.975847,15.21484,14.564063,\N,\N,\N,\N,\N,\N,\N,\N,\N,\N,\N,\N,13.886709635273585,0.0006459904481506,13.474925635273584,0.0006459904481506,0.650777
Gaia DR3 2052891361294411520,\N,\N,289.744,38.72151454983126,84.24434883357806,0.016932584,252.93523,25.20043736859222,-251.6767045698044,0.99149454,14.468728,14.70764,14.069847,\N,\N,\N,\N,\N,\N,\N,\N,\N,\N,\N,\N,14.096431888802424,0.000436452295994,13.697550888802423,0.000436452295994,0.637793
Gaia DR3 3052844272764398208,\N,\N,105.478,-6.466787117089009,48.31878474123209,0.030580536,890.235,-67.46421252768434,-887.67497310125,0.9608625,15.300834,15.540027,14.903203,\N,\N,\N,\N,\N,\N,\N,\N,\N,\N,\N,\N,13.721414014363598,0.0013743060677953,13.3237830143636,0.0013743060677953,0.636824
Gaia DR3 5921433963191695872,\N,\N,264.252,-54.43440976973922,49.41402788576175,0.03826525,466.32648,-92.4162982651004,-457.0772599070432,1.0048691,15.594002,15.781888,15.149061,\N,\N,\N,\N,\N,\N,\N,\N,\N,\N,\N,\N,14.063253279896712,0.0016815458035415,13.618312279896712,0.0016815458035415,0.632827
Gaia DR3 395234439752169344,\N,\N,3.05822,50.41997493299496,91.96457630276808,0.018302355,719.1412,-461.332056786813,-551.6672959352079,1.0567747,14.236328,14.46869,13.839458,\N,\N,\N,\N,\N,\N,\N,\N,\N,\N,\N,\N,14.054430871576312,0.0004321561739768,13.657560871576312,0.0004321561739768,0.629232
Gaia DR3 2312821266302222720,\N,\N,0.66788,-34.23105221038914,67.52906109014079,0.028565476,777.27,152.21202068711423,-762.2205527349851,0.9682949,14.880702,15.114378,14.485158,\N,\N,\N,\N,\N,\N,\N,\N,\N,\N,\N,\N,14.028155557115234,0.0009185548517507,13.632611557115233,0.0009185548517507,0.62922
Gaia DR3 3242153305741855744,\N,\N,78.5136,8.002844237563085,46.58883911407414,0.046113044,377.29416,-221.45884548380403,-305.4617134205661,1.030782,15.768331,16.005846,15.384538,\N,\N,\N,\N,\N,\N,\N,\N,\N,\N,\N,\N,14.109740444854005,0.0021492966420364,13.725947444854004,0.0021492966420364,0.621308
Gaia DR3 1405343643196929536,\N,\N,248.757,43.29208824427913,68.9911960837904,0.016140647,377.14383,226.1120750365478,-301.84563644337607,0.9618807,14.716221,14.947363,14.326541,\N,\N,\N,\N,\N,\N,\N,\N,\N,\N,\N,\N,13.910189371354749,0.000508020910801,13.520509371354745,0.000508020910801,0.620822
Gaia DR3 5669427512997660800,\N,\N,153.005,-18.72596658051428,55.289779758512445,0.035718627,522.5134,-522.3524845656138,-12.967992268421652,0.9347316,15.330509,15.568557,14.953291,\N,\N,\N,\N,\N,\N,\N,\N,\N,\N,\N,\N,14.043733299860689,0.0014028275056476,13.66651529986069,0.0014028275056476,0.615266
Gaia DR3 3117320802840630400,\N,\N,97.6603,-2.098121696921362,46.72301326202107,0.028012648,205.90935,-113.1358216865242,-172.04343663628762,1.0475922,15.213439,15.422677,14.816267,\N,\N,\N,\N,\N,\N,\N,\N,\N,\N,\N,\N,13.561093217703744,0.0013019001834662,13.16392121770374,0.0013019001834662,0.60641
Gaia DR3 5593584059914156800,64379A,\N,118.064,-34.70437853685907,54.563099523190026,0.06649618,310.2791,-198.09607031167096,238.81180023957108,0.95217216,4.940166,5.172527,4.573806,6421.102,6419.9917,6422.3496,4.1547,4.1525,4.1573,-0.8309,-0.8441,-0.8187,18.3141,18.2774,18.3401,3.624661164875512,0.0026463799336324,3.258301164875512,0.0026463799336324,0.598721
Gaia DR3 5867776696271127424,\N,\N,212.997,-59.346097245987806,69.44139909126426,0.027122809,99.18564,79.2837388222029,-59.59764837818484,0.9649993,14.551776,14.763685,14.177938,\N,\N,\N,\N,\N,\N,\N,\N,\N,\N,\N,\N,13.759868311669845,0.0008481458492752,13.386030311669844,0.0008481458492752,0.585747
Gaia DR3 1058284412796260480,\N,\N,177.718,68.52092072445353,58.51304045965208,0.021830898,47.24521,23.395906689235,-41.04559835046552,0.98832947,15.127092,15.340309,14.7589855,\N,\N,\N,\N,\N,\N,\N,\N,\N,\N,\N,\N,13.963355327721766,0.0008101646147444,13.595248827721766,0.0008101646147444,0.5813235
Gaia DR3 6558209044297239424,\N,\N,329.409,-51.01052234722859,67.3023587798894,0.019673504,400.1393,-46.204223202653566,-397.46274084033706,1.0203202,14.51622,14.718405,14.137174,\N,\N,\N,\N,\N,\N,\N,\N,\N,\N,\N,\N,13.656371427147995,0.0006347544592166,13.277325427147996,0.0006347544592166,0.581231
Gaia DR3 2150504594853811456,\N,\N,277.582,54.79216972194683,58.70115957870829,0.025382891,392.52292,-267.03648999508414,287.69036427173023,1.0477571,15.451032,15.67017,15.090512,\N,\N,\N,\N,\N,\N,\N,\N,\N,\N,\N,\N,14.294265401779835,0.0009389635794434,13.933745401779836,0.0009389635794434,0.579658
Gaia DR3 3011223668834627328,\N,\N,88.679,-10.589940613821533,65.40972622036443,0.023127515,165.76367,-64.17766791295958,-152.83592445437642,1.0526699,14.851106,15.063052,14.489493,\N,\N,\N,\N,\N,\N,\N,\N,\N,\N,\N,\N,13.929317656741176,0.0007677873875646,13.567704656741174,0.0007677873875646,0.573559
Gaia DR3 2495751967528809216,\N,\N,41.6293,-2.458695833517717,46.574159696518166,0.04863914,538.3508,222.4430494014183,-490.24553177000143,1.0265948,15.412689,15.623271,15.051178,\N,\N,\N,\N,\N,\N,\N,\N,\N,\N,\N,\N,13.753414139907164,0.0022677508218755,13.391903139907164,0.0022677508218755,0.572093
Gaia DR3 3186021141200137472,\N,\N,69.4486,-8.826516218606763,106.33898970249588,0.015222114,1570.6038,238.38098733631008,-1552.4079864575117,0.9962089,13.600672,13.80703,13.237787,\N,\N,\N,\N,\N,\N,\N,\N,\N,\N,\N,\N,13.734134649426466,0.0003108398987397,13.371249649426469,0.0003108398987397,0.569243
Gaia DR3 4249667902270614272,\N,\N,303.481,6.709863753429052,43.57360725110433,0.037871387,635.7046,-254.83923163700743,-582.3892988936018,0.99518675,15.664284,15.869202,15.303911,\N,\N,\N,\N,\N,\N,\N,\N,\N,\N,\N,\N,13.860401572963324,0.0018873051343639,13.500028572963323,0.0018873051343639,0.565291
Gaia DR3 1052520154368111872,\N,\N,155.791,63.46251155739832,62.73242175911836,0.017548377,373.1768,299.94113225819325,222.02754419393895,0.9853211,14.59287,14.795179,14.235705,\N,\N,\N,\N,\N,\N,\N,\N,\N,\N,\N,\N,13.580330268096368,0.0006074341849506,13.223165268096366,0.0006074341849506,0.559474
Gaia DR3 931573222477949696,\N,\N,123.547,48.75715308514721,58.4643723253748,0.028168336,262.3082,66.74307021389788,-253.6749107994353,1.0131066,14.9441805,15.145054,14.593148,\N,\N,\N,\N,\N,\N,\N,\N,\N,\N,\N,\N,13.778636957243314,0.0010462229687258,13.427604457243312,0.0010462229687258,0.551906
Gaia DR3 4425632987265111680,\N,\N,239.74,4.284440514729848,44.42666298530873,0.04850509,81.726685,-36.81675394898704,-72.9642204182952,1.0171912,15.995419,16.202784,15.653457,\N,\N,\N,\N,\N,\N,\N,\N,\N,\N,\N,\N,14.233637466779005,0.0023708174197585,13.891675466779006,0.0023708174197585,0.549327
Gaia DR3 615733593956317568,\N,\N,150.454,14.689990879643132,51.53569858284947,0.036321424,338.89264,-338.703141161246,11.331797181997135,0.95595276,15.307651,15.505647,14.96523,\N,\N,\N,\N,\N,\N,\N,\N,\N,\N,\N,\N,13.868191837111468,0.0015304145537564,13.525770837111466,0.0015304145537564,0.540417
Gaia DR3 5548080118369905408,\N,\N,124.669,-31.17580660212044,51.65081040631305,0.02400505,821.1987,237.73584237000517,-786.033704498978,1.0341539,15.386825,15.602346,15.061998,\N,\N,\N,\N,\N,\N,\N,\N,\N,\N,\N,\N,13.952210700161912,0.0010092059951638,13.627383700161907,0.0010092059951638,0.540348
Gaia DR3 3725570772761744384,\N,\N,206.847,10.35993412978256,48.05968617454268,0.03251016,909.5954,-898.6551637204748,-140.65085991773077,0.98678917,15.023336,15.218966,14.685208,\N,\N,\N,\N,\N,\N,\N,\N,\N,\N,\N,\N,13.432240652864856,0.0014689011072688,13.094112652864856,0.0014689011072688,0.533758
Gaia DR3 2472557872820632320,\N,\N,13.9594,-11.45680630519491,44.55728647476506,0.032979853,444.48547,-78.97566876998144,437.4130595101332,1.119717,15.137896,15.330082,14.800025,\N,\N,\N,\N,\N,\N,\N,\N,\N,\N,\N,\N,13.38248967284368,0.0016072534842983,13.04461867284368,0.0016072534842983,0.530057
Gaia DR3 44901791432527232,\N,\N,56.1471,18.43104008150184,52.9577347158701,0.036208056,1202.732,412.51764655794017,-1129.7758796278197,0.983954,15.057756,15.246795,14.71874,\N,\N,\N,\N,\N,\N,\N,\N,\N,\N,\N,\N,13.677402998714255,0.0014846708848024,13.338386998714256,0.0014846708848024,0.528055
Gaia DR3 4388138816124225792,\N,\N,257.033,2.9585324413333693,56.0375054933106,0.025768792,397.95978,-11.929890570714146,-397.780923921977,0.9298004,15.095572,15.28722,14.777,\N,\N,\N,\N,\N,\N,\N,\N,\N,\N,\N,\N,13.837965972236908,0.0009985495304647,13.519393972236909,0.0009985495304647,0.51022
Gaia DR3 1014058103758571520,\N,\N,134.799,48.040871471105525,68.00099930164292,0.42232543,489.16425,-439.8355245306663,-214.0709500414631,4.8404894,3.120973,3.4182682,2.91068,7498.3286,7493.946,7502.5083,3.9261,3.9199,3.9317,-1.7544,-1.7828,-1.7181,14.7754,14.6842,14.8803,2.283549474413565,0.013486269607764,2.073256474413566,0.013486269607764,0.5075882
Gaia DR3 3126453655659835136,\N,\N,101.84,2.5192534243905493,55.26764708306417,0.03672693,412.78082,-412.03298421102033,24.83599381801749,1.06482,15.585516,15.764377,15.263055,\N,\N,\N,\N,\N,\N,\N,\N,\N,\N,\N,\N,14.297870878491183,0.0014430056485084,13.975409878491186,0.0014430056485084,0.501322
Gaia DR3 63126196662620416,\N,\N,55.8467,19.971163897615,48.17731638628854,0.041852254,178.5733,75.52925494088046,161.81394929017478,0.96272284,15.617215,15.796421,15.295829,\N,\N,\N,\N,\N,\N,\N,\N,\N,\N,\N,\N,14.03142802448368,0.00188638646806,13.71004202448368,0.00188638646806,0.500592
Gaia DR3 2480523216087975040,\N,\N,24.5001,-4.997298038960505,79.24319645098669,0.018644404,678.35754,580.9278879495695,-350.2737870319087,1.0536125,12.744349,12.92261,12.429728,\N,\N,\N,\N,\N,\N,\N,\N,\N,\N,\N,\N,12.239158927279716,0.000510905811959,11.924537927279715,0.000510905811959,0.492882
Gaia DR3 1711005951573009792,\N,\N,267.408,82.78863973768209,61.17533188584654,0.01278488,3612.5059,-1436.9077614373489,3314.43723593768,0.94133276,14.21691,14.392744,13.904995,\N,\N,\N,\N,\N,\N,\N,\N,\N,\N,\N,\N,13.149791670732194,0.0004538106084153,12.837876670732197,0.0004538106084153,0.487749
Gaia DR3 333010327952701696,\N,\N,32.8428,39.92041953166222,58.23059072433413,0.02650553,1143.938,1028.6780317553662,-500.415391620317,1.0849315,14.405324,14.583219,14.09747,\N,\N,\N,\N,\N,\N,\N,\N,\N,\N,\N,\N,13.231079979306855,0.0009884157167858,12.923225979306858,0.0009884157167858,0.485749
Gaia DR3 923023248261420672,\N,\N,119.996,43.58991194574878,45.5404743108346,0.050161853,338.20724,-297.2652046392402,161.2995184908566,1.0555096,16.143442,16.29825,15.818569,\N,\N,\N,\N,\N,\N,\N,\N,\N,\N,\N,\N,14.435429747722528,0.0023918311238384,14.110556747722526,0.0023918311238384,0.479681
Gaia DR3 710766750855439360,\N,\N,127.664,32.69411028218998,44.665353802349244,0.0398835,547.399,-147.7341425695646,-527.0866093236602,1.0775336,15.637096,15.80243,15.332115,\N,\N,\N,\N,\N,\N,\N,\N,\N,\N,\N,\N,13.886949892318109,0.0019389960112352,13.58196889231811,0.0019389960112352,0.470315
Gaia DR3 5037084872486444928,\N,\N,21.3531,-26.01467836756078,60.35779337436104,0.025622379,575.0384,235.87006780372127,-524.4372546001046,0.9749228,14.960075,15.120025,14.662146,\N,\N,\N,\N,\N,\N,\N,\N,\N,\N,\N,\N,13.863741769926628,0.0009218079273001,13.565812769926628,0.0009218079273001,0.457879
Gaia DR3 3978879594463300992,\N,\N,171.049,21.359804540978555,68.04195101183048,0.028807813,1038.0396,-1037.89859423324,-17.107494410049725,0.9811443,14.124896,14.28668,13.829387,\N,\N,\N,\N,\N,\N,\N,\N,\N,\N,\N,\N,13.288779789658877,0.0009193648023826,12.993270789658876,0.0009193648023826,0.457293
Gaia DR3 470826482637310848,\N,\N,67.8139,58.969481205135885,181.2730074917688,0.02025858,2361.1292,1334.7796929514584,-1947.638150541708,0.92638206,12.33619,12.493927,12.051627,\N,\N,\N,\N,\N,\N,\N,\N,\N,\N,\N,\N,13.627855700838271,0.0002426778719994,13.343292700838273,0.0002426778719994,0.4423
Gaia DR3 3763445409285757824,\N,\N,164.393,-7.522698907313,81.50828167584473,0.024058733,822.07,-816.9845553873879,91.29802255443,0.95016116,14.239208,14.391698,13.9645605,\N,\N,\N,\N,\N,\N,\N,\N,\N,\N,\N,\N,13.795216688079815,0.0006409517580365,13.520569188079817,0.0006409517580365,0.4271375
Gaia DR3 6592315723192176896,\N,\N,325.489,-33.0087818186527,62.07043110668332,0.022531694,213.94585,-181.46830874927264,-113.3229063906546,0.96712524,14.447915,14.613073,14.189368,\N,\N,\N,\N,\N,\N,\N,\N,\N,\N,\N,\N,13.412338808818678,0.0007882489800268,13.15379180881868,0.0007882489800268,0.423705
Gaia DR3 2274076301516712704,\N,\N,321.742,73.64383349123008,44.90913894407425,0.06964944,328.04684,59.52580007130075,-322.6010150478182,1.5308757,16.51303,15.270747,14.84991,\N,\N,\N,\N,\N,\N,\N,\N,\N,\N,\N,\N,14.77470364144338,0.0033677323171676,13.111583641443382,0.0033677323171676,0.420837
Gaia DR3 5860131207828395648,\N,\N,186.675,-66.2059426146946,64.9877852204088,0.014953448,185.9735,-33.76604767318161,-182.88245979928865,0.9431779,13.9216,14.069917,13.649583,\N,\N,\N,\N,\N,\N,\N,\N,\N,\N,\N,\N,12.985758682454602,0.0004996477449124,12.7137416824546,0.0004996477449124,0.420334
Gaia DR3 1022780838739029120,\N,\N,138.976,53.41831058432857,97.34496900005604,0.021751553,1561.2532,-1086.3884251564093,-1121.2811854569422,0.9205537,13.782189,13.928776,13.513198,\N,\N,\N,\N,\N,\N,\N,\N,\N,\N,\N,\N,13.723756555758204,0.0004852114955182,13.454765555758204,0.0004852114955182,0.415578
Gaia DR3 984190381489031424,\N,\N,118.363,52.49093986155923,45.82872628282615,0.037203718,270.14374,-88.33564266624988,-255.29287901792463,1.0747614,15.53299,15.676817,15.270317,\N,\N,\N,\N,\N,\N,\N,\N,\N,\N,\N,\N,13.838678935359097,0.0017627996993976,13.576005935359092,0.0017627996993976,0.4065
Gaia DR3 1425909733315616000,\N,\N,250.237,53.685075007864384,49.650091057029,0.020746969,224.78667,-119.42455624364048,-190.43848888474972,1.0130764,14.962391,15.1047,14.698735,\N,\N,\N,\N,\N,\N,\N,\N,\N,\N,\N,\N,13.441991246586907,0.0009073794715703,13.178335246586906,0.0009073794715703,0.405965
Gaia DR3 4235280071072332672,\N,\N,299.12,-1.045547362957428,86.46580129657241,0.016304245,830.8864,-437.7592092098966,-706.2146390855088,1.041223,13.591183,13.732834,13.337776,\N,\N,\N,\N,\N,\N,\N,\N,\N,\N,\N,\N,13.275404852643687,0.0004094592088925,13.021997852643688,0.0004094592088925,0.395058
Gaia DR3 2589304876450784128,\N,\N,24.7368,15.461345494757044,44.08941717250549,0.028865863,102.80471,-34.91989775088651,-96.69233997338328,0.987162,14.8484955,14.984885,14.600167,\N,\N,\N,\N,\N,\N,\N,\N,\N,\N,\N,\N,13.070167289160215,0.0014216888781311,12.821838789160216,0.0014216888781311,0.384718
Gaia DR3 5903884280152869632,\N,\N,228.629,-46.4321073254563,44.27070083208887,0.030293226,544.6178,-544.2886268648215,-18.9330279384412,1.0128559,15.042947,15.1659,14.807512,\N,\N,\N,\N,\N,\N,\N,\N,\N,\N,\N,\N,13.273528985893762,0.0014858792267737,13.03809398589376,0.0014858792267737,0.358388
Gaia DR3 2552121179905893888,\N,\N,15.9595,5.0761873722871,45.41923058886876,0.08600779,399.8436,325.9296578353961,231.6133932938444,4.502827,13.937676,14.062895,13.705843,\N,\N,\N,\N,\N,\N,\N,\N,\N,\N,\N,\N,12.223874864539797,0.0041119975791064,11.992041864539798,0.0041119975791064,0.357052
Gaia DR3 5717278911884258176,\N,\N,115.092,-17.41606611553706,109.34396565048812,0.018100515,1261.3412,1138.6898923486433,-542.5559019694444,1.022184,12.970207,13.089419,12.747707,\N,\N,\N,\N,\N,\N,\N,\N,\N,\N,\N,\N,13.164181103443166,0.0003594598846463,12.941681103443166,0.0003594598846463,0.341712
Gaia DR3 6808651507904773888,\N,\N,313.07,-22.10863862165755,49.20839088380336,0.032270093,145.20839,4.18804509923444,145.14797881280373,0.9237362,14.935269,15.044355,14.719013,\N,\N,\N,\N,\N,\N,\N,\N,\N,\N,\N,\N,13.395464819103475,0.0014240178430666,13.179208819103476,0.0014240178430666,0.325342
Gaia DR3 2486388560866377856,\N,\N,33.118,-8.071714161484985,59.75689361890807,0.020285225,756.2255,-609.2418829042277,-447.9970174224224,0.97504884,13.719021,13.798068,13.483285,\N,\N,\N,\N,\N,\N,\N,\N,\N,\N,\N,\N,12.60096106592163,0.0007371334992942,12.365225065921628,0.0007371334992942,0.314783
Gaia DR3 1921351390779081600,\N,\N,358.736,40.45584923580282,45.28594096552742,0.02269904,570.2341,209.7410169774265,-530.2599455111763,1.0380458,14.852538,14.959427,14.647421,\N,\N,\N,\N,\N,\N,\N,\N,\N,\N,\N,\N,13.13235498039948,0.0010884248435498,12.927237980399482,0.0010884248435498,0.312006
Gaia DR3 4994877094997259264,\N,\N,0.548424,-43.16843961826971,120.01426997667464,0.021522488,921.2419,613.7852695338222,-686.9892403643487,1.1379193,12.895188,13.002297,12.692817,\N,\N,\N,\N,\N,\N,\N,\N,\N,\N,\N,\N,13.29135243872442,0.0003894161034869,13.08898143872442,0.0003894161034869,0.30948
Gaia DR3 5929529014509678720,\N,\N,251.854,-54.71165849827242,45.19750017005106,0.024311498,297.04062,-114.41995992919634,-274.118958392335,0.9614975,14.940923,15.04202,14.744895,\N,\N,\N,\N,\N,\N,\N,\N,\N,\N,\N,\N,13.216495075342817,0.0011680237188738,13.020467075342816,0.0011680237188738,0.297125
Gaia DR3 3489719481290397696,\N,\N,181.361,-23.552365030827776,95.90170123713744,0.018155761,230.38557,41.81855208513012,226.55843526184685,0.99725527,12.738089,12.842916,12.548251,\N,\N,\N,\N,\N,\N,\N,\N,\N,\N,\N,\N,12.64722055677865,0.0004110952574114,12.457382556778652,0.0004110952574114,0.294665
Gaia DR3 5060587895604134400,\N,\N,52.2069,-27.31502225447108,43.52575640063314,0.027590504,813.47327,721.3377783957164,376.0459508402679,1.7151587,13.587359,13.685072,13.403924,\N,\N,\N,\N,\N,\N,\N,\N,\N,\N,\N,\N,11.781090635623087,0.0013764729479657,11.597655635623088,0.0013764729479657,0.281148
Gaia DR3 518201792978858880,\N,\N,27.9654,64.43036727635183,57.79924585467076,0.015964454,301.94437,224.8062116354704,-201.57519884228523,1.0220431,13.947424,14.041717,13.770598,\N,\N,\N,\N,\N,\N,\N,\N,\N,\N,\N,\N,12.757034859637963,0.0005997720517445,12.580208859637963,0.0005997720517445,0.271119
Gaia DR3 3618657732410663808,\N,\N,208.316,-9.277531063390487,50.7380729734288,0.023519935,502.60593,352.186175943227,-358.57720650848137,1.0008271,14.549411,14.643055,14.3780985,\N,\N,\N,\N,\N,\N,\N,\N,\N,\N,\N,\N,13.076080843705384,0.0010065990013288,12.904768343705385,0.0010065990013288,0.2649565
Gaia DR3 2667464656943675392,\N,\N,325.85,-6.997071914855176,55.09641571877749,0.026583664,92.36532,-11.411789490163704,-91.6576399012298,1.0177844,14.52392,14.614146,14.353296,\N,\N,\N,\N,\N,\N,\N,\N,\N,\N,\N,\N,13.229536734350706,0.0010477214651132,13.058912734350706,0.0010477214651132,0.26085
Gaia DR3 6358158435541361792,\N,\N,331.078,-75.22357716864207,52.55356615073231,0.020893855,532.8957,-527.7139395639168,74.13358707274458,1.029275,14.988537,15.080794,14.820726,\N,\N,\N,\N,\N,\N,\N,\N,\N,\N,\N,\N,13.591547957390864,0.0008633178559431,13.423736957390863,0.0008633178559431,0.260068
Gaia DR3 1792830060723673472,\N,\N,325.67,20.99659168768397,90.54537622087194,0.016760439,687.36774,-224.66717097233516,-649.6145288326695,1.064876,13.174672,13.252464,13.018805,\N,\N,\N,\N,\N,\N,\N,\N,\N,\N,\N,\N,12.959003387936626,0.0004019512955215,12.803136387936624,0.0004019512955215,0.233659
Gaia DR3 332820971434386432,\N,\N,34.0672,39.85662887644623,49.19713714376149,0.02462479,185.81158,-158.65049231775384,-96.72623686373964,1.0232881,14.535849,14.616515,14.385696,\N,\N,\N,\N,\N,\N,\N,\N,\N,\N,\N,\N,12.99554815623095,0.0010868936618084,12.84539515623095,0.0010868936618084,0.230819
Gaia DR3 5639391810273308416,\N,\N,130.38,-32.93649496565008,117.3961254185898,0.020453347,1713.9143,-1061.1577359974767,1345.8999285681691,1.3352805,11.822395,11.900727,11.670317,\N,\N,\N,\N,\N,\N,\N,\N,\N,\N,\N,\N,12.17066381773114,0.0003783249147604,12.01858581773114,0.0003783249147604,0.23041
Gaia DR3 4458207634145130368,\N,\N,242.857,13.369230871170126,44.91266293097439,0.030715879,544.33044,13.548796833909272,-544.1617794422438,1.0662022,15.072098,15.152491,14.923706,\N,\N,\N,\N,\N,\N,\N,\N,\N,\N,\N,\N,13.333942028591474,0.0014850754737896,13.185550028591472,0.0014850754737896,0.228785
Gaia DR3 4565048312887877888,\N,\N,254.291,21.444299762560085,47.63472232582776,0.015451988,574.3365,24.790804663642994,-573.8012251775307,0.9938239,14.079671,14.1596365,13.933527,\N,\N,\N,\N,\N,\N,\N,\N,\N,\N,\N,\N,12.469289189773695,0.0007043930383714,12.323145189773696,0.0007043930383714,0.2261095
Gaia DR3 6158704208764041472,\N,\N,191.187,-35.129912717575166,44.98155365927719,0.024600137,260.7285,-141.32825501947616,-219.10197187243796,0.97256994,14.534018,14.600425,14.395452,\N,\N,\N,\N,\N,\N,\N,\N,\N,\N,\N,\N,12.799190259277289,0.0011875651182737,12.660624259277288,0.0011875651182737,0.204973
Gaia DR3 1331106782752978688,\N,\N,247.101,36.77438726537573,62.9108969334804,0.014343127,895.4447,-494.2303311112189,746.6977920401503,1.0465025,13.783075,13.848143,13.660725,\N,\N,\N,\N,\N,\N,\N,\N,\N,\N,\N,\N,12.776704385270474,0.0004950764748956,12.654354385270471,0.0004950764748956,0.187418
Gaia DR3 2591754107321120896,\N,\N,19.5002,16.16948658683004,59.66056792053775,0.019499337,650.8523,-17.203312745153305,-650.62488307205,1.0103896,13.782736,13.830946,13.673626,\N,\N,\N,\N,\N,\N,\N,\N,\N,\N,\N,\N,12.661172915896376,0.0007097195900556,12.552062915896377,0.0007097195900556,0.15732
Gaia DR3 6348672845649310464,\N,\N,318.328,-81.8219328385306,61.808662503533576,0.015287907,462.76532,264.138915158166,-379.97679350220767,1.0396963,13.605912,13.664463,13.510103,\N,\N,\N,\N,\N,\N,\N,\N,\N,\N,\N,\N,12.561158729314922,0.0005370973514402,12.465349729314925,0.0005370973514402,0.15436
Gaia DR3 2836609093355562496,\N,\N,342.276,22.60915122984419,56.08437039953461,0.03177679,526.0297,522.6479776081811,59.55113114219469,1.2336329,14.370399,14.416492,14.301015,\N,\N,\N,\N,\N,\N,\N,\N,\N,\N,\N,\N,13.114608244340696,0.0012303326156688,13.045224244340698,0.0012303326156688,0.115477
Gaia DR3 4139531467491239680,\N,\N,257.863,-14.799464554119217,44.0851697476335,0.02478484,390.11124,278.0833214692413,-273.5990449449616,0.9862964,14.253446,14.283638,14.179009,\N,\N,\N,\N,\N,\N,\N,\N,\N,\N,\N,\N,12.474908586798168,0.0012208096784629,12.400471586798169,0.0012208096784629,0.104629
Gaia DR3 6009537829925128064,140901B,\N,236.873,-37.919946060994015,65.68911952047122,0.025664976,472.48404,-423.69230665691146,-209.1076325914111,1.0162301,13.000808,13.035923,12.931354,\N,\N,\N,\N,\N,\N,\N,\N,\N,\N,\N,\N,12.088275203693833,0.0008484021481409,12.01882120369383,0.0008484021481409,0.104569
Gaia DR3 6797171060323993728,\N,\N,305.106,-30.454499720553063,57.27289689365631,0.02108817,120.60204,-71.99896976151112,-96.75226994086086,1.0225455,13.596937,13.626402,13.528521,\N,\N,\N,\N,\N,\N,\N,\N,\N,\N,\N,\N,12.386682752576537,0.0007995471483948,12.318266752576536,0.0007995471483948,0.097881
Gaia DR3 2439184705619919488,\N,\N,354.712,-7.688979888107045,53.58088711025224,0.01703276,38.63585,31.54860991860616,-22.30278306036313,0.9924319,13.2930565,13.325801,13.257438,\N,\N,\N,\N,\N,\N,\N,\N,\N,\N,\N,\N,11.938105998572414,0.0006902866234304,11.902487498572416,0.0006902866234304,0.068363
Gaia DR3 5274517467840296832,\N,\N,121.728,-66.30592364850563,51.997041070084805,0.014122055,442.82077,335.51877150655275,-288.9937734961025,1.0345501,13.664935,13.681557,13.616167,\N,\N,\N,\N,\N,\N,\N,\N,\N,\N,\N,\N,12.244828152453124,0.0005897576654563,12.196060152453123,0.0005897576654563,0.06539
Gaia DR3 418491412783587200,\N,\N,10.3443,55.83534173027835,43.65935569250702,0.021755258,324.16254,316.4948482298401,-70.08824803567146,1.1266102,13.998035,14.009648,13.946325,\N,\N,\N,\N,\N,\N,\N,\N,\N,\N,\N,\N,12.198421611371607,0.0010820348965197,12.146711611371607,0.0010820348965197,0.063323
Gaia DR3 6127333286605955072,\N,\N,189.704,-49.80039008826743,67.40577870662803,0.01861464,562.0085,-557.1105894645979,-74.0359021238133,0.94868284,13.792915,13.8186245,13.771094,\N,\N,\N,\N,\N,\N,\N,\N,\N,\N,\N,\N,12.93640065128352,0.0005996693306755,12.91457965128352,0.0005996693306755,0.0475305
Gaia DR3 6387649708219253248,218572B,\N,347.596,-68.83856316661112,47.4605098981335,0.015364289,327.237,65.12469662340439,320.69117339319365,0.9737568,13.571223,13.576301,13.537979,\N,\N,\N,\N,\N,\N,\N,\N,\N,\N,\N,\N,11.952884999026928,0.0007029661268376,11.919640999026928,0.0007029661268376,0.038322
Gaia DR3 2660358032257156736,\N,\N,352.197,5.247213099043008,57.06200120818389,0.025052086,479.32452,-398.2458353978592,-266.7438097305465,1.0876044,13.062395,13.083748,13.053472,\N,\N,\N,\N,\N,\N,\N,\N,\N,\N,\N,\N,11.844129993144982,0.0009533475148639,11.835206993144984,0.0009533475148639,0.030276
Gaia DR3 5961193055261256320,\N,\N,265.955,-39.14032929528653,46.82772837534591,0.024407944,124.96047,-115.3637350221057,48.02424796402295,0.9562717,13.534804,13.557636,13.533496,\N,\N,\N,\N,\N,\N,\N,\N,\N,\N,\N,\N,11.887319452803116,0.0011318332878316,11.886011452803114,0.0011318332878316,0.02414
Gaia DR3 2025389380082340992,\N,\N,294.31,27.721965844082483,54.77671608585927,0.015628505,440.1192,439.5953593827437,21.466883145675453,0.9001035,13.061289,13.067916,13.080344,\N,\N,\N,\N,\N,\N,\N,\N,\N,\N,\N,\N,11.754268961738298,0.0006195491580252,11.7733239617383,0.0006195491580252,-0.012428
Gaia DR3 5772718006135360128,\N,\N,218.277,-81.33899067922196,47.87776291302787,0.014489068,419.47406,-154.79779823832786,-389.8668082557927,1.0153617,13.424203,13.428743,13.450681,\N,\N,\N,\N,\N,\N,\N,\N,\N,\N,\N,\N,11.82487224906189,0.0006571445791907,11.851350249061891,0.0006571445791907,-0.021938
Gaia DR3 2262849634963004416,\N,\N,285.044,70.66652753906988,77.66955060572354,0.01612259,512.38605,85.81000044681244,505.1496152246337,1.015927,13.245591,13.231423,13.254209,\N,\N,\N,\N,\N,\N,\N,\N,\N,\N,\N,\N,12.6968449617184,0.0004507527027621,12.705462961718398,0.0004507527027621,-0.022786
Gaia DR3 4906743988126708992,\N,\N,9.0952,-59.923768761905706,43.618785396007375,0.018871129,279.6759,250.8417341380384,123.68117521338566,1.1047739,14.149183,14.124718,14.228513,\N,\N,\N,\N,\N,\N,\N,\N,\N,\N,\N,\N,12.347550840468806,0.0009394607883868,12.426880840468804,0.0009394607883868,-0.103795
Gaia DR3 1871118140493076224,\N,\N,312.279,37.47122796548486,56.86464999528999,0.019170428,219.61206,162.1213259095209,148.14226344816902,0.9995329,13.035794,13.005794,13.128798,\N,\N,\N,\N,\N,\N,\N,\N,\N,\N,\N,\N,11.810005851932518,0.0007320551003324,11.903009851932518,0.0007320551003324,-0.123004
Gaia DR3 4678664766393827328,27442B,\N,64.1248,-59.2999969870809,54.57521166121942,0.03179975,181.06075,-44.73425879062593,-175.44754438243234,1.2119178,12.480649,12.423552,12.552513,\N,\N,\N,\N,\N,\N,\N,\N,\N,\N,\N,\N,11.165626143630242,0.0012652683419336,11.237490143630245,0.0012652683419336,-0.128961
Gaia DR3 2176116580055936512,\N,\N,319.734,54.21231528668666,57.764273032111554,0.021591842,211.24655,-85.45007863177405,193.1926180398488,0.90151924,12.393204,12.355269,12.495866,\N,\N,\N,\N,\N,\N,\N,\N,\N,\N,\N,\N,11.201500560414123,0.0008116797614885,11.304162560414122,0.0008116797614885,-0.140597
Gaia DR3 4319908862597055232,\N,\N,290.418,14.677830427187898,50.30760376561511,0.029690132,82.80047,-33.01635009844056,-75.9331184898327,1.0677162,13.018942,12.980378,13.125701,\N,\N,\N,\N,\N,\N,\N,\N,\N,\N,\N,\N,11.527110158269094,0.001281542055918,11.633869158269096,0.001281542055918,-0.145323
Gaia DR3 2274076297221555968,\N,\N,321.741,73.64434474169988,44.99172121775193,0.026173517,319.03564,55.33844769558839,-314.19960289222485,1.0355238,12.887327,12.836005,12.988976,\N,\N,\N,\N,\N,\N,\N,\N,\N,\N,\N,\N,11.152990039963536,0.0012632340994889,11.254639039963536,0.0012632340994889,-0.152971
Gaia DR3 6424566979354709248,\N,\N,311.092,-68.09028006272777,51.09919524779962,0.025467075,291.92215,182.09460204546784,-228.1668060329054,1.1358293,13.339475,13.287881,13.468885,\N,\N,\N,\N,\N,\N,\N,\N,\N,\N,\N,\N,11.881545302807416,0.0010822294759069,12.010955302807416,0.0010822294759069,-0.181004
Gaia DR3 3195919254111315712,26976,\N,63.8308,-7.672952135407352,199.6910732720413,0.05120331,4018.5908,-2236.168749069785,-3338.9552892508973,1.1953526,9.54224,9.481124,9.672128,\N,\N,\N,\N,\N,\N,\N,\N,\N,\N,\N,\N,11.04403325586716,0.0005567929279752,11.17392125586716,0.0005567929279752,-0.191004
Gaia DR3 2140481412496465152,\N,\N,288.203,53.72100623711164,45.10856274327606,0.017943675,198.43974,144.45007011610124,136.06068989862445,1.0437802,13.247144,13.188957,13.390577,\N,\N,\N,\N,\N,\N,\N,\N,\N,\N,\N,\N,11.51843894876629,0.0008637871586554,11.661871948766292,0.0008637871586554,-0.20162
Gaia DR3 2947050466531873024,48915B,\N,101.287,-16.720932526023173,374.489588528761,0.2313347,1024.399,-461.570505530133,-914.5196209016666,2.4190555,8.524133,8.120362,8.398789,\N,\N,\N,\N,\N,\N,\N,\N,\N,\N,\N,\N,11.391331740252705,0.0013413910498387,11.265987740252704,0.0013413910498378,-0.278427
