HIP, e_Plx, Plx
169,1.98,63.03
171,3.03,80.63
400,0.93,39.06
428,1.41,86.98
436,0.82,62.48
439,1.08,229.33
473,2.74,85.1
518,1.05,49.3
522,0.64,39
523,2.73,56.92
544,0.75,72.98
687,1.92,45.64
738,2.61,42.82
746,0.56,59.89
897,2.29,39.19
910,0.77,52.94
950,0.66,45.85
1031,0.78,49.18
1092,3.31,51.12
1242,17.24,191.86
1276,3.89,41.32
1292,0.53,56.76
1295,21.56,49.91
1322,3.44,44.82
1349,1.19,43.45
1368,1.12,66.71
1386,2.77,42.65
1463,2.2,61.67
1475,1.05,280.27
1499,0.85,42.67
1532,1.73,48.17
1598,0.81,40.25
1599,0.64,116.38
1608,3.03,39.31
1663,20.16,46.72
1692,33.05,43.42
1696,2.02,55.68
1720,3.98,50.1
1734,2.19,54.91
1768,7.12,44.57
1803,0.91,49.05
1837,1.15,44.97
1842,2.63,47.4
1860,2.72,50.71
1936,1.08,55.53
2021,0.51,133.78
2072,0.69,42.51
2081,0.78,42.14
2120,1.51,61.39
2552,3.37,98.74
2711,0.62,39.03
2762,1.15,47.51
2941,1.4,64.38
3008,1.94,43.4
3093,0.72,90.03
3143,2.59,43.64
3170,0.56,39.26
3206,0.98,57.9
3261,1.93,50.29
3362,1.98,42.03
3418,1.04,48.16
3497,0.56,45.76
3535,0.95,45.43
3583,0.73,66.92
3588,1.6,62.41
3765,0.86,134.04
3810,0.75,41.8
3813,2.06,46.32
3821,0.62,167.99
3829,5.35,226.95
3850,1.02,53.09
3876,0.7,46.47
3909,1.03,64.69
3937,9.08,83.2
3979,0.97,45.27
3998,1.66,45.71
4012,2.12,54.23
4022,1.44,65.81
4148,0.78,71.01
4151,0.6,53.85
4189,15.51,42.61
4328,3.38,39.56
4443,2.29,41.73
4454,1.01,41.45
4473,1.07,51.66
4569,2.88,76.32
4845,4.48,46.22
4849,1.61,46.61
4856,1.23,122.77
4872,1.39,99.44
4927,5.26,61.23
5215,2.56,45.24
5247,1.27,66.46
5286,1.06,48.2
5336,0.6,132.4
5410,3.65,46.11
5496,7.53,122.86
5643,7.57,269.05
5663,1.55,45.4
5799,0.89,41.01
5812,1.94,60.76
5842,1.25,47.36
5862,0.64,66.43
5896,0.53,48.94
5944,0.75,42.3
5957,1.59,44.03
6005,2.38,60.61
6008,2.69,41.14
6069,14.87,65.3
6097,3.65,45.22
6290,5.18,52.71
6344,1.05,41.44
6351,1.59,59.29
6365,3.53,42.73
6379,0.59,59.46
6405,0.8,39.07
6917,0.93,43.16
7170,2.12,56.42
7235,0.88,51.27
7339,0.6,47.65
7372,1.47,42.29
7513,0.72,74.25
7554,1.63,45.79
7576,0.96,42.35
7646,2.92,52.95
7734,0.8,46.73
7751,1.41,122.75
7765,36.67,61.3
7918,0.83,79.09
7978,0.64,57.63
7981,0.91,133.91
8043,2.01,48.11
8051,1.99,88.86
8070,1.11,74.45
8102,0.8,274.17
8190,2.67,40.43
8275,1.38,43.37
8362,0.68,100.24
8382,4.35,48.23
8486,4.48,43.47
8497,0.87,42.35
8691,3.05,56.35
8709,3.79,63.08
8768,1.37,90.17
8796,0.82,50.87
8867,1.09,45.16
8903,0.75,54.74
9007,0.62,57.19
9044,0.78,50.76
9236,0.55,45.74
9269,0.9,40.74
9291,3.68,83.2
9716,1.11,39.16
9724,2.04,105.94
9749,1.97,44.37
9786,3,105.64
9829,0.94,43.14
9884,0.99,49.48
10072,3.34,50.34
10138,0.61,91.63
10191,3.5,48.22
10279,1.8,96.28
10312,2.63,39.26
10337,1.67,43
10339,0.91,39.1
10395,2.81,80.79
10416,1.18,43.73
10529,2.51,42.46
10531,2.51,42.46
10542,1.69,44.96
10617,2.88,70.16
10644,0.84,92.2
10688,2.95,40.4
10723,0.92,40.04
10798,0.72,78.88
10812,2.99,71.56
10925,1.07,39.3
11048,1.3,83.93
11072,0.82,45.6
11439,1.94,48.01
11452,1.75,60.22
11565,1.95,52.9
11650,4.96,41.15
11852,0.8,44.31
11964,0.86,86.87
12097,1.89,71.6
12110,1.04,47.04
12114,1.04,138.72
12158,1.25,41.09
12186,0.64,39.16
12261,3.03,67.2
12351,1.3,60.51
12444,0.82,46.42
12493,1.46,44.84
12530,1.31,46.24
12623,1.25,40.52
12653,0.55,58
12706,0.95,39.78
12709,1.27,53.89
12749,3.45,42.19
12777,0.79,89.03
12781,2.48,132.42
12843,0.76,71.56
12886,2.21,42.59
12929,1.53,62.83
12961,1.58,42.01
13081,1.15,44.71
13218,1.46,76.45
13258,1.33,44.61
13375,1.68,70.19
13389,1.9,86.91
13402,0.77,96.33
13642,1.26,43.71
13772,2.55,44.49
13976,1.22,42.66
14101,38.04,92.97
14150,0.89,47.25
14165,3.85,47.81
14286,0.84,43.74
14445,1.78,67.69
14555,5.03,52.38
14559,33.98,114.73
14587,1.03,46.54
14589,11.06,45.83
14632,0.67,94.93
14633,1.35,46.91
14669,4.26,64.83
14731,4.24,57.53
14754,1.46,98.5
14879,0.67,70.86
14954,0.75,44.69
15095,1.39,54.48
15099,1.09,44.96
15131,0.59,41.05
15220,6.3,74.29
15330,0.54,82.51
15332,3.44,47.29
15360,2.53,42.72
15366,2.19,57.75
15371,0.53,82.79
15439,2.61,48.81
15442,0.98,40.52
15457,0.78,109.18
15510,0.55,165.02
15638,1.63,72.8
15673,1.24,44.03
15689,61.79,227.45
15771,5.62,50.16
15774,1.73,50.64
15797,1.24,39.1
15799,1.04,58.53
15844,4.66,50.54
15919,0.95,66.15
15973,1.9,40.18
16069,1.42,61.07
16134,2.25,79.26
16209,2.52,39.19
16242,1.88,46.16
16245,0.48,46.65
16445,9.1,41.67
16536,2.05,92.05
16537,0.85,310.75
16711,0.83,74.86
16852,0.78,72.89
17147,0.86,41.07
17157,1.11,39.84
17207,2.01,39.87
17378,0.88,110.58
17405,2.37,61.4
17414,1.98,58.09
17420,0.91,71.17
17439,0.67,61.63
17496,1.44,45.87
17544,1.41,45.95
17609,1.78,68.62
17651,0.69,55.79
17666,2.24,40.83
17695,3.02,61.45
17743,2.56,57.59
17749,2.68,57.53
17750,2.68,57.53
18115,6.17,42.09
18180,2.69,39.48
18267,1.02,48.36
18280,1.18,64.9
18324,0.95,46.95
18413,0.96,46.74
18450,0.9,56.69
18512,2,63.41
18774,0.87,62.57
18859,0.75,52
18915,1.08,54.14
19076,0.84,59.79
19165,1.64,42.54
19233,0.5,43.12
19255,1.17,48.59
19333,0.93,39.03
19335,0.77,46.87
19337,2.19,73.01
19394,2.01,66.82
19422,0.79,54.17
19832,4.49,48.95
19849,0.84,198.24
19855,1.15,47.86
19859,1.08,47.2
19884,0.63,76.46
19893,0.5,49.26
19921,0.5,54.84
19930,1.16,39.08
19948,6.24,47.05
20222,7.18,43.27
20917,1.05,87.17
20968,56.47,120.7
21000,4.74,84.76
21086,3.24,49.73
21088,3.67,181.36
21223,0.93,39.93
21284,0.8,44.52
21421,0.95,50.09
21482,1.21,56.02
21492,5.06,39.88
21553,1.2,98.12
21556,1.81,90.23
21765,4.13,49.58
21770,0.53,49.67
21818,1.24,74.13
21932,2.51,106.16
21988,0.99,44.74
22122,0.64,48.9
22263,0.8,75.1
22449,0.95,124.6
22451,0.71,55.59
22498,17.78,42.59
22627,3.99,82.52
22738,3.55,89.47
22762,1.97,80.89
22907,0.9,55.67
23140,2.45,51.51
23147,1.56,60.48
23311,0.82,113.46
23437,0.58,44.94
23452,1.81,117.38
23512,2.95,107.86
23518,1.76,71.35
23693,0.46,85.83
23708,0.89,86.76
23786,1.14,41.7
23835,0.93,63.02
23932,2,107.3
23941,0.7,39.99
24186,0.86,255.26
24284,8.94,78.5
24472,3.43,41.94
24502,22.4,39.77
24608,0.89,77.29
24783,2.13,49.34
24786,0.76,40.11
24813,0.9,79.08
24819,1.68,59.29
24874,1.26,41.09
25110,0.52,47.66
25119,1.52,50.24
25220,1.5,69.76
25278,0.94,68.19
25283,0.97,56.36
25421,0.76,55.76
25544,0.52,51.1
25578,5.22,115.04
25623,0.91,77.03
25647,0.54,66.92
25716,2.16,57.5
25775,3.73,51.56
25878,1.2,175.72
25953,3.37,78.3
26081,3.88,59.45
26335,1.29,87.9
26369,15.54,41.23
26373,1.74,41.9
26394,0.45,54.92
26501,0.94,39.59
26505,1,48.72
26779,0.83,81.69
26801,1.67,80.13
26844,2.35,46.51
26857,3.88,172.78
27072,0.6,111.49
27075,0.74,39.15
27080,0.75,39.08
27111,14.98,44.67
27188,1.11,73.04
27207,1.03,48.6
27288,0.68,46.47
27321,0.51,51.87
27323,1.06,48.2
27359,1.49,66.71
27435,1.19,64.25
27803,1.66,49.74
27887,0.53,77.95
27913,1.08,115.43
27922,1.19,43.86
28035,1.94,68.58
28103,0.74,66.47
28153,1.77,42.17
28267,0.93,43.1
28360,0.78,39.72
28368,21.52,73.58
28442,24.41,66.82
28954,0.91,64.71
29052,2.61,87.64
29067,1.78,40.12
29271,0.45,98.54
29277,1.44,106.43
29295,1.12,173.19
29316,4.56,92.77
29432,0.87,43.26
29525,0.96,55.2
29548,1.41,40.38
29568,0.75,59.9
29650,0.86,47.33
29800,0.9,51
29860,0.78,51.76
30256,9.15,40.52
30314,0.49,42.56
30362,13.63,48.08
30365,13.63,48.08
30422,10.14,41.09
30503,0.63,45.38
30630,1.1,68.2
30756,33.89,55.52
30920,2.64,242.89
31126,2.16,41.35
31292,13.42,119.54
31293,3.18,114.18
31300,1.89,61.28
31555,1.52,51.51
31592,0.7,50.41
31634,1.61,66.11
31635,2.35,101.59
31711,0.64,46.15
31862,1.05,76.47
31878,0.91,45.56
32010,1.37,57.07
32313,4.88,44.43
32349,1.58,379.21
32362,0.83,57.02
32366,0.56,41.2
32423,1.22,40.02
32439,0.53,56.02
32480,0.73,60.56
32560,3.37,64.91
32765,0.53,39.66
32769,1.3,60.96
32919,1.23,53.12
32939,1.01,39.19
32984,0.86,114.94
33142,2.18,94.02
33226,1.87,181.32
33277,0.9,57.89
33373,1.41,41.53
33428,1.86,53.67
33499,2.64,124.62
33537,0.88,41.25
33560,2.28,44.83
33690,0.54,54.33
33805,2.21,43.88
33817,0.72,68.42
33852,0.97,48.96
33955,1.13,53.47
34017,0.84,52.37
34052,0.94,58.89
34065,1.05,61.54
34069,6.81,66.29
34104,2.74,64.96
34115,2.88,65.44
34222,2.16,41.63
34361,2.46,58.04
34392,2.19,56.51
34414,1.43,44.92
34567,1.02,40.68
34603,3.32,157.24
34673,1.44,39.4
34834,0.53,47.22
34890,0.95,50.02
34950,1.29,39.72
35136,0.69,59.31
35191,2.42,81.05
35296,0.86,67.69
35353,2.16,69.21
35389,28.98,52.47
35495,2.45,50.59
35550,0.85,55.45
35628,1.15,39.1
35821,1.91,61.68
35872,1.14,39.91
35943,1.7,41.56
36208,1.43,263.26
36210,0.53,44.43
36215,2.71,50.93
36338,2.61,79.65
36349,2.68,64.24
36357,1.24,56.98
36366,0.95,54.06
36439,0.81,50.25
36515,0.58,45.93
36551,1.28,47.09
36626,3.87,87.61
36627,4.85,87.15
36635,2.14,40.48
36704,1.29,50.8
36827,1.26,40.32
36834,2.17,87.01
36850,1.23,63.27
36853,3.31,39.31
36915,2.56,76.31
36927,0.8,39.66
36985,1.53,69.85
37217,2.99,92.15
37279,0.88,285.93
37288,1.51,67.27
37349,0.94,70.44
37606,0.81,41.43
37766,2.67,168.59
37798,2.18,40.58
37826,0.87,96.74
37853,0.56,65.79
38082,2.66,70.74
38228,0.89,45.84
38382,0.95,59.98
38423,0.54,55.48
38594,1.57,51.16
38625,1.85,52.01
38657,1.05,50.05
38784,0.57,58.67
38908,0.51,61.76
38910,4.31,54.62
38931,1.45,57.26
38939,1.15,54.91
38956,11.52,122.53
39064,0.96,43.21
39157,0.77,59.52
39342,0.58,57.88
39494,1.58,39.46
39710,0.77,39.08
39757,0.66,51.99
39780,0.97,42.86
39826,2.51,58.42
39896,3.16,48.26
39903,3.38,46.75
39950,3.3,46.27
39987,2.33,60.23
40035,0.77,44.47
40118,0.92,46.05
40167,1.38,39.11
40170,1.87,40.94
40239,4.14,46.21
40375,1.26,54.53
40501,1.79,109.23
40671,1.31,44.34
40693,0.77,79.48
40702,0.49,51.4
40774,1.32,42.89
40843,0.93,55.17
40910,1.66,42.66
41484,0.84,45.89
41554,6.64,51.13
41689,1.73,52.33
41802,6.28,46.02
41824,5.69,78.05
41926,0.66,82.15
42074,1.01,45.95
42173,4.61,42.71
42220,1.26,71.96
42267,15.21,52.66
42333,1.04,42.32
42418,1.21,39.28
42430,0.98,50.2
42438,0.71,70.07
42499,1.04,53.98
42525,27.44,44.31
42697,0.79,44.73
42748,13.82,74.95
42762,3.92,64.56
42808,0.56,89.78
42881,3.89,54.68
42913,0.38,40.9
43510,3.5,55.46
43534,1.41,60.63
43557,1.19,41.42
43587,0.84,79.8
43726,0.88,58.5
43790,2.2,49.92
43797,0.44,41.41
43948,3.45,60.99
44072,1.28,48.53
44075,0.97,46.9
44127,0.79,68.32
44248,1.3,60.86
44263,6.57,40.77
44295,3.21,54.57
44376,4.06,48.92
44722,1.8,68.86
44897,0.87,52.25
44899,1.58,44.75
44955,2.9,47.24
45038,0.62,48.87
45116,2.32,39.89
45170,0.92,48.83
45333,0.72,51.12
45343,5.23,161.59
45383,1.14,54.25
45617,1.08,57.05
45637,1.09,42.59
45839,1.38,41.4
45908,0.98,95.37
45963,1.08,41.19
46343,1.04,49.84
46417,1.05,43.54
46488,4.02,58.17
46509,3.8,58.48
46549,1.53,42.47
46580,1.02,78.87
46626,0.91,51.71
46651,0.7,53.89
46655,3.91,103.56
46706,4.31,94.95
46733,0.64,43.2
46769,2.02,73.88
46816,0.99,54.52
46843,0.89,56.35
46853,0.74,74.15
47080,0.78,89.45
47103,1.99,111.41
47201,1.49,45.51
47395,3.97,41.66
47425,1.67,105.34
47513,1.98,88.06
47592,0.73,67.19
47619,3.22,61.35
47620,3.18,85.14
47645,53.37,39.19
47650,2.24,86.69
47690,1.12,56.23
47741,3.97,70.59
47780,13.4,101.87
47981,1.53,62.85
48113,0.74,54.26
48190,2.78,47.47
48331,0.82,89.67
48336,22.31,73.1
48411,1.53,47.69
48447,3.77,45.21
48477,1.84,63.81
48502,2.52,39.02
48509,3.27,39.75
48659,3.1,87.26
48714,1.2,95.4
48904,1.85,62.88
49081,0.83,67.14
49091,2.35,62.33
49189,1.66,67.14
49366,1.11,43.14
49376,3.13,41.59
49526,2.56,45.04
49544,1.96,44.77
49669,0.79,42.09
49699,0.94,55.37
49868,2.72,47.06
49908,0.81,205.22
49969,2.37,81.23
49973,1.66,58.59
49986,1.53,127.99
50075,0.72,43.98
50125,1.42,43.8
50156,1.71,48.95
50341,2.37,72.79
50384,0.75,44.01
50505,0.85,48.45
50564,0.82,47.24
50798,79.48,98.17
50808,2.71,49.88
50921,0.75,45.26
50954,0.49,61.67
51007,1.8,80.07
51248,0.77,42.45
51254,1.54,39.75
51271,0.96,41.16
51317,2.13,138.29
51459,0.65,77.82
51468,1.22,44.83
51473,2.17,39.16
51502,0.55,46.54
51523,0.51,45.72
51525,1.17,63.81
51547,1.31,57.18
51819,0.6,47.55
51928,3.14,39.56
51933,0.68,40.67
52186,2.94,59.46
52190,3.76,68.38
52296,2.42,61.3
52341,3.85,61.18
52369,0.82,42.73
52462,0.84,46.36
52470,0.99,39.56
52596,2.45,72.19
52600,2.36,70.87
52708,1.27,49.51
53020,23,177.46
53327,1.04,44.92
53486,1.03,56.98
53580,1.45,43.43
53721,0.66,71.04
53767,1.59,150.96
53910,0.6,41.07
53947,25.52,57.46
53953,12.56,59.31
53985,1.36,85.76
54035,0.91,392.4
54155,1.4,40.57
54211,1.19,206.94
54227,4.62,54.9
54288,2.6,39.11
54298,78.3,155.28
54373,1.94,53.75
54426,1.03,43.91
54513,2.45,39.87
54532,1.67,93.56
54646,1.07,83.85
54651,1.26,47.85
54658,3.92,59.01
54677,1.93,44
54704,0.84,46.22
54745,0.9,46.04
54803,2.03,41.49
54810,1.29,55.72
54872,0.83,56.52
54906,0.97,46.95
54922,1.66,44.12
54952,1.18,68.13
54966,15.62,48.47
55031,35.81,43.57
55042,2.8,79.71
55052,2.2,39.68
55066,1.68,56.87
55119,1.4,56.96
55210,1,45.48
55360,1.11,109.95
55454,1.7,76
55507,1.48,40.36
55605,26.14,62.03
55625,2.37,47.1
55642,1.16,41.26
55691,1.82,77.58
55718,1.49,43.89
55846,1.4,56.59
55848,3.31,55.59
56153,0.99,44.97
56157,4.02,71.64
56199,1.3,42.74
56238,1.56,61.76
56242,1.1,43.42
56244,2.59,95.46
56284,2.55,43.66
56452,0.81,104.84
56466,2.06,56.35
56528,1.81,110.65
56630,1.55,40.99
56662,3.61,65.28
56809,0.95,42.94
56829,1.15,50.61
56936,2.83,44.28
56997,0.72,104.81
56998,0.92,79.91
57050,3.03,90.66
57087,2.27,97.73
57361,3.55,49.63
57367,2.11,216.4
57443,0.7,108.23
57459,3,48.95
57493,1.52,40.61
57494,2.66,40.57
57507,0.77,56.26
57544,1.43,185.48
57548,2.2,299.58
57632,0.89,90.16
57757,0.77,91.74
57802,1.38,116.92
57866,1.58,39.48
57939,0.78,109.21
57959,3.34,48.63
58170,2.81,42.82
58345,0.88,98.16
58451,1.03,48.04
58576,0.8,77.48
58688,2.81,42
58803,0.76,41.32
59000,1.51,44.41
59072,0.51,50.79
59199,0.75,67.71
59280,0.98,41.07
59296,1,49.72
59378,1.88,47.05
59406,2.8,78.14
59514,1.47,65.29
59616,2.48,42.1
59748,2,43.25
59750,1.01,44.34
59774,0.6,40.05
59780,3.08,49.62
60093,1.94,40.58
60303,1.26,62.54
60310,1.23,41.49
60370,0.8,39.02
60398,2.27,55.5
60444,5.72,77.01
60475,1.95,47.11
60553,17.45,41.37
60559,2.51,112.52
60866,1.23,40.09
60910,3.67,73.77
60970,3.62,43.42
60994,0.98,40.03
61053,0.62,45.58
61094,1.48,74.58
61099,0.95,39.62
61100,3.11,42.13
61174,0.66,54.92
61291,0.63,61.83
61317,0.83,119.46
61329,1.17,39.11
61413,2.75,55.79
61451,0.91,46.19
61495,9.42,55.29
61629,2.1,103.54
61706,2.76,65.04
61722,4.64,39.08
61874,3.87,130.52
61901,1.1,69.94
61941,1.18,84.53
61946,0.82,43.06
62145,0.78,66.4
62207,0.64,57.57
62229,0.95,49.71
62374,2.32,49.89
62387,64.77,39.48
62452,2.9,121.78
62471,9.2,53.29
62472,3.19,50.31
62505,1.93,47.19
62512,3.2,41.39
62523,0.99,58.23
62556,1.67,98.14
62687,0.96,92.75
62951,26.65,48.07
62956,0.62,40.3
63121,23.72,39.95
63253,3.15,55.27
63257,1.32,43.13
63366,0.86,47.6
63383,44.19,45.19
63406,1.48,41.36
63480,1.78,49.95
63503,0.6,40.06
63510,1.51,87.5
63550,2.13,59.46
63618,1.11,56.87
63742,1.27,45.2
63762,0.76,41.12
63833,1.34,63.66
63882,6.95,43.18
63894,1.25,45.69
63942,2.38,53.78
64048,1.52,41.9
64113,4.13,39.12
64241,27.58,69.81
64394,0.72,109.23
64408,0.79,48.83
64457,1.06,48.95
64550,0.84,40.87
64583,0.65,55.49
64690,0.56,40.52
64792,0.85,55.71
64797,0.99,89.07
64880,2.12,46.25
64924,0.71,117.3
65011,3.31,75.96
65012,39.3,55.48
65016,2.3,57.52
65026,2.02,96.41
65083,3.05,48.18
65109,0.74,55.64
65143,1.76,62.13
65327,1.44,39.84
65343,2.13,53.97
65352,1.41,62.41
65355,2.59,59.56
65378,0.61,41.73
65477,0.57,40.19
65515,0.72,45.76
65520,2.29,61.5
65530,0.55,46.86
65669,2.95,48.04
65714,2.4,70.62
65721,0.73,55.22
65859,1.29,131.12
65877,3.77,55.5
66077,40.63,72.66
66125,39.91,52.09
66147,1.03,54.15
66182,114.46,59.1
66193,1.2,43.66
66212,1.87,41.03
66222,1.62,48.78
66249,0.9,44.55
66252,0.99,50.54
66459,1.23,91.72
66492,2.72,45.66
66578,2.89,40.33
66587,2.1,40.27
66625,1.59,75.43
66675,1.43,68.8
66704,0.71,39.64
66765,0.81,64.08
66781,0.76,42.12
66840,1.63,42.19
66886,1.41,41.22
66906,3.18,109.89
67090,1.46,76.7
67105,1.16,47.63
67153,0.75,51.91
67155,1.27,184.13
67164,4.26,87.73
67275,0.7,64.12
67308,2.93,61.07
67422,1.33,73.25
67487,1.01,70.49
67593,107.46,76.2
67620,0.85,50.2
67655,1,40.02
67691,0.95,71.39
67742,0.95,60.86
67761,3.43,41.19
67795,5.22,43.23
67808,1.77,47.95
67842,1.31,41.25
67927,0.75,88.17
67960,2.65,59.57
68030,0.79,41.28
68184,0.56,98.97
68337,1.17,41.97
68469,1.61,98.26
68570,2.17,51.21
68682,0.78,60.24
68933,0.79,53.52
69064,5.38,60.4
69285,2.14,58.18
69357,1.4,43.35
69414,1.01,44.89
69454,1.79,85.02
69485,1.74,51.06
69526,1.05,57.78
69578,46.97,64.68
69671,0.78,47.51
69673,0.74,88.85
69701,0.87,46.74
69824,1.33,53.64
69962,1.73,46.46
69965,0.94,56.23
69972,0.79,84.5
70016,1.11,48.12
70218,1.08,69.43
70308,1.47,42.29
70319,1.04,56.82
70475,4.28,69.73
70497,0.56,68.63
70529,1.73,59.54
70536,1.81,63.35
70849,2.02,41.71
70857,0.58,51.04
70865,2.25,70.06
70873,0.59,42.43
70890,2.42,772.33
70950,1.03,45.46
70956,1.57,60.53
70975,3.47,89.76
71181,0.69,74.5
71253,2.77,163.51
71284,0.72,64.66
71311,1.27,49.11
71395,0.99,60.35
71681,1.4,742.12
71683,1.4,742.12
71743,0.97,42.43
71855,0.64,49.15
71898,12.77,101.34
71908,0.58,60.97
71914,2.57,44.54
71957,0.95,53.54
72146,0.98,51.2
72237,1.29,56.87
72312,1.04,50.84
72387,1.47,41.26
72493,1.24,41.69
72509,69.07,221.8
72511,22.43,235.24
72567,0.8,55.73
72603,1.04,42.26
72622,1.05,42.25
72659,0.76,149.26
72688,1.05,58.96
72848,0.81,86.69
72875,1.2,43.66
72896,5.99,97.83
72944,1.67,101.91
72981,2.6,44.46
73005,0.63,41.83
73100,0.54,40.25
73182,33.56,133.63
73184,1.67,169.32
73241,0.86,40.79
73252,0.92,39.95
73362,1.5,39.27
73457,1.76,51.26
73470,1.56,85.48
73631,1.54,40.22
73633,2.11,41.07
73695,1.03,78.39
73734,1.44,56.94
73786,1.97,52.11
73996,0.76,50.7
74190,2.63,68.99
74261,2.41,39.99
74273,0.77,41.41
74537,0.85,57.8
74605,0.47,39.51
74702,0.97,64.19
74815,3.88,41.21
74975,0.81,40.46
74995,2.27,159.52
75181,0.79,68.7
75187,1.93,87.79
75201,1.55,52.95
75253,1.41,45.83
75266,1.37,39.35
75277,0.92,49.67
75312,1.24,53.7
75542,1.57,40.92
75686,1.7,39.03
75718,1.11,50.34
75722,1.14,48.06
75798,2,39.78
75809,0.57,45.32
75829,0.69,46.05
76051,20.41,44.59
76074,1.42,168.52
76233,0.83,39.78
76267,0.79,43.65
76315,0.74,52.43
76362,61.26,99.9
76375,0.73,44.93
76382,0.79,45.85
76602,4.72,44.21
76603,3.62,40.19
76779,1.36,63.56
76829,0.72,57.09
76832,2.27,76.57
76901,43.95,121.86
77052,0.87,68.16
77070,0.71,44.54
77257,0.8,85.08
77268,2.62,39.78
77349,2.49,64.16
77358,0.77,65.6
77408,1.05,46.84
77514,3.37,57.78
77622,0.74,46.39
77725,1.56,44.27
77760,0.54,63.08
77801,0.88,57.27
77908,8.88,39.45
77952,0.62,81.24
78072,0.72,89.92
78170,1.02,68.18
78353,1.91,71.84
78459,0.71,57.38
78527,0.54,47.79
78709,0.89,46.56
78734,1.95,43
78775,0.57,69.61
78843,1.11,53.93
78913,0.86,42.57
79126,1.06,58.53
79190,0.9,69.66
79248,0.59,55.11
79431,3.55,67.13
79492,1.58,41.05
79537,0.82,72.75
79551,5.69,43.82
79578,0.95,45.73
79607,0.98,46.11
79672,0.89,71.3
79755,1.21,93.79
79762,1.38,93.14
79796,1.16,48.36
79979,23.38,56.82
80018,2.28,118.03
80093,0.9,62.86
80229,3.69,41.01
80268,2.05,59.46
80300,2.4,78.04
80337,0.86,77.69
80346,1.16,124.34
80366,1.2,46.44
80440,2.19,55.81
80459,1.11,151.93
80468,18.4,39.35
80612,2.85,46.19
80644,1.31,56.43
80686,0.57,82.61
80725,1.49,51.2
80817,5.06,45.35
80824,1.82,234.51
80925,1.75,40.6
81018,5.13,61.08
81262,1.4,44.77
81300,0.85,102.27
81348,1.29,39.04
81375,0.92,49.63
81520,0.91,46.13
81563,1.98,45.89
81655,4.66,51.88
81693,0.6,92.63
81813,0.57,41.15
81935,0.99,69.58
82003,0.88,102.35
82099,3.39,60.34
82256,2.1,62.66
82257,2.33,91.13
82283,2.22,55.09
82333,1.15,44.16
82396,0.81,49.85
82588,0.87,59.04
82694,1.97,52.43
82724,20.12,109.57
82725,29.27,203.01
82809,4.04,153.96
82817,3.9,174.23
82834,1.69,53.54
82860,0.48,66.28
82926,5.02,68.71
83006,0.71,57.13
83020,1.21,55.71
83043,1.48,96.9
83101,2.05,52.3
83147,11.61,39.86
83363,1.33,39.32
83389,0.55,55.37
83405,8.22,44.29
83451,1.57,39.71
83454,4.76,40.18
83541,0.89,55.31
83591,1.04,92.98
83599,28.71,89.7
83601,0.89,49.06
83762,3.01,73.94
83846,1.52,44.44
83945,8.95,137.84
83988,1.88,47.14
83990,0.91,73.07
83996,3.11,47.86
84051,1.82,79.53
84084,56.24,54.25
84099,2.13,83.13
84123,5.11,92.58
84140,3.26,158.17
84143,0.79,45.56
84195,1.03,48.69
84212,3.27,47.05
84223,4.53,41.97
84277,4.18,52.76
84379,0.65,41.55
84405,1.07,167.08
84460,2.22,55.24
84478,1.06,167.56
84487,1.85,40.17
84521,2.86,66.92
84581,43.18,100.89
84607,1.04,41.58
84616,0.68,53.97
84652,1.99,48.26
84709,17.12,143.45
84720,1.36,113.81
84790,1.77,80.98
84794,6.03,83.01
84862,0.56,69.48
84893,0.93,57.48
85042,0.85,51.39
85126,4.11,42.5
85235,0.51,78.14
85295,0.95,129.54
85523,1.63,220.43
85561,1.68,55.03
85582,3.76,42.4
85605,39.48,202.69
85647,1.81,61.98
85653,0.59,44.77
85665,1.3,100.17
85667,1.42,60.8
85810,0.56,42.2
86032,0.88,69.84
86036,0.55,70.98
86057,2.21,102.3
86087,1.09,70.95
86141,0.73,52.57
86162,0.92,220.85
86201,0.53,42.62
86214,2.43,198.32
86282,4.41,45.17
86287,1.62,123.02
86340,0.81,41.82
86346,12.06,40.75
86400,1.25,93.36
86486,0.79,45.72
86614,0.82,45.38
86620,1.94,44.8
86707,3.38,50.8
86722,0.98,42.45
86736,0.79,57
86742,0.75,39.78
86776,1.15,105.39
86796,0.8,65.46
86916,1.41,44.5
86961,11.29,161.77
86963,11.29,161.77
86974,0.62,119.05
86990,2.22,172.08
87322,2.06,45.67
87579,1.04,40.22
87768,2.21,43.4
87773,2.14,39.56
87937,1.58,549.01
87938,1.84,73.75
88118,18.45,45.99
88175,0.75,43.11
88348,0.71,45.61
88499,1.85,46.71
88574,1.44,128.28
88601,1.38,196.62
88622,0.88,41
88694,0.77,57.58
88745,0.55,63.88
88771,0.83,39.4
88945,0.68,39.62
88972,0.54,90.11
88976,7.73,43.68
89042,0.68,56.32
89211,1.23,77.18
89348,0.45,42.56
89474,0.51,44.08
89490,2.18,43.1
89517,4.26,52.57
89560,1.11,58.47
89805,0.72,43.64
89825,1.43,51.81
89937,0.48,124.11
89962,0.75,52.81
90265,1.83,45.91
90306,1.79,39.4
90376,0.89,40.98
90496,0.9,42.2
90656,1.05,53.3
90790,0.89,75.71
90864,0.9,39.73
90945,1.18,53
90959,1.26,42.67
90979,1.76,39.34
91009,0.73,60.9
91128,1.03,64.61
91154,1.41,46.38
91262,0.55,128.93
91430,2.87,78.52
91438,0.85,77.02
91605,1.59,41.88
91608,2.09,61.63
91699,2.27,88.14
91768,2.57,280.28
91772,5.01,284.48
92043,0.68,52.37
92200,1.28,70.8
92283,0.97,57.79
92311,1.6,58.6
92403,1.82,336.48
92417,1.98,45.88
92444,1.92,57.87
92451,2.17,59.94
92573,1.81,64.13
92756,10.43,40.13
92858,1.19,41.84
92871,1.9,86.27
92919,1.03,46.64
93017,0.54,66.76
93069,3.01,79.14
93072,3.77,41.56
93101,1.46,90.02
93185,0.64,42.68
93206,2.52,72.07
93449,68.24,121.75
93747,0.72,39.18
93825,1.94,55.89
93858,0.91,58.24
93871,1.34,41.19
93873,2.47,115.91
93899,2.41,112.82
93966,0.77,47.72
94225,1.51,49.84
94336,0.83,40.16
94346,0.54,50
94349,2.66,98.56
94368,2.72,50.04
94557,2.75,52.45
94650,1.01,39.43
94739,2.16,63.43
94761,1.37,170.26
94981,0.56,39.64
95071,7.16,89.08
95149,1.28,47.95
95319,0.6,64.54
95326,57.93,77.71
95447,0.77,66.01
95501,0.81,65.05
95575,1.03,39.73
95995,0.64,59.84
96085,0.9,55.5
96100,0.46,173.41
96113,1.43,45.34
96121,1.92,43.86
96183,0.94,49.61
96258,0.47,39.08
96285,1.65,69.09
96395,0.49,41.24
96441,0.47,53.78
96702,1.29,45.88
96710,1.91,44.84
96895,0.5,46.25
96901,0.52,46.7
97051,1.86,44.18
97222,1.43,49.09
97223,1.23,48.49
97241,4.8,87.57
97292,2.93,74.9
97295,0.54,47.94
97649,0.94,194.44
97675,0.77,51.57
97944,0.81,70.34
98036,0.83,72.95
98066,0.94,42.03
98106,1,42.78
98130,1.14,52.11
98192,0.97,39.24
98204,1.48,52.92
98316,1.17,43.91
98416,1.35,40.75
98470,1.06,47.9
98505,0.87,51.94
98677,0.83,51.71
98679,11.17,84.75
98681,11.17,84.75
98698,1.03,76.26
98767,0.62,62.92
98792,0.85,64.17
98819,0.76,56.6
98828,0.91,46.28
98906,6.44,63.23
98921,0.55,52.99
98959,0.74,56.45
99031,0.54,41.34
99137,0.79,43.08
99150,5.17,68.49
99240,0.65,163.73
99316,1.18,41.07
99385,1.49,63.82
99427,0.72,59.53
99438,3.85,65.06
99452,0.91,48.83
99461,0.9,165.24
99701,1.08,161.17
99711,1.13,50.27
99764,1.74,49.03
99825,0.89,113.33
99880,1.21,40.97
100017,0.52,56.92
100111,32.67,39.57
100223,1.29,55.73
100356,2.85,43.57
100490,1.84,50.36
100923,15.66,64.93
100925,0.82,51.5
101150,4.37,43.24
101180,1.11,125.62
101345,0.87,41.26
101382,0.64,44.99
101516,2.32,67.65
101574,8.83,43.51
101955,2.21,53.82
101983,0.73,41.33
101997,0.82,68.28
102040,0.76,47.65
102101,1.15,41.74
102119,1.48,43.42
102141,4.65,97.8
102186,1.25,82.57
102207,4.04,47.39
102226,1.03,39.38
102235,13.14,50.17
102264,0.87,44.57
102300,1.76,46.11
102333,0.82,41.38
102357,1.99,50.18
102401,1.57,80.01
102409,1.35,100.59
102422,0.49,69.73
102485,0.91,68.16
102488,0.53,45.26
102766,0.98,42.23
102851,1.77,48.38
102870,1.01,44.57
103039,3.68,182.15
103096,0.77,141.95
103256,1.19,44.04
103388,10.55,67.71
103389,0.95,47.61
103393,4.03,56.56
103441,3.24,73.24
103458,0.81,46.26
103544,2.23,42.8
103655,2.54,66.21
103768,1.71,48.87
103800,2.86,72.37
103859,0.72,51.65
103910,5.16,70.51
104059,3.06,52.26
104092,1.35,67.38
104137,4.58,43.63
104214,1.51,287.13
104217,0.72,285.42
104239,1.18,56.67
104432,2.4,82.33
104436,0.58,41.28
104440,2.18,53.38
104644,4.06,69.76
104858,0.85,54.11
104887,0.61,47.8
105038,1.06,61.83
105090,1.13,253.37
105152,1.23,52.03
105184,0.9,42.04
105199,0.49,66.84
105312,1.09,53.4
105336,3.31,50.15
105341,1.31,61.04
105533,1.61,48.28
105675,1.26,39.39
105712,0.81,48.86
105858,0.59,108.5
105905,1.17,43.12
105911,1.29,42.52
105932,2.61,61.57
106106,1.85,148.29
106147,1.42,55.38
106231,1.18,39.91
106255,28.85,124.82
106400,0.95,43.2
106440,1.33,202.53
106557,2.59,57.37
106694,3.37,46.8
106696,0.92,67.85
106803,5.17,47.58
106811,2.53,76.07
106913,0.83,39.13
106972,3.7,39.78
107022,0.67,45.17
107089,2.9,47.22
107143,3.35,42.4
107310,0.69,44.64
107317,3.84,47.3
107346,1.43,49.27
107350,0.85,54.37
107427,32.04,47.82
107522,1.88,52.56
107556,0.88,84.58
107625,1.06,42.12
107649,0.78,63.95
107705,2.43,62
107711,41.23,74.42
107772,2.15,44.45
107968,4.47,39.84
108028,0.98,41.71
108092,1.55,43.07
108156,0.93,49.21
108159,3.51,66.12
108380,2.48,50.43
108405,2.67,61.63
108467,1.08,47.95
108567,1.53,43.04
108569,1.74,84.26
108706,3.19,111.57
108752,2.14,60.94
108782,1.48,96.98
108870,0.69,275.76
108890,8.09,45.87
109084,7.86,46.7
109119,66.11,93.81
109176,0.71,85.06
109378,0.79,46.97
109388,2.1,113.97
109422,0.82,53.36
109527,0.79,44.57
109537,3.24,44.84
109555,1.63,87.42
109638,4.34,71.97
109670,16.43,44.2
109812,1.68,50.56
109821,0.71,45.19
109926,0.67,46.62
109980,0.88,41.69
110066,1.13,39.38
110109,0.7,73.47
110400,3.67,62.4
110443,1.32,74.75
110526,10.01,62.18
110534,1.98,51.57
110640,1.66,46.74
110649,0.61,48.81
110712,0.96,43.39
110719,20.25,60.24
110774,1.28,39.97
110778,2.54,49.8
110893,3.03,249.52
110922,7.66,40.81
110951,1.81,44.34
110980,1.92,45.69
110996,1.07,64.74
111170,1.83,39.18
111313,2.45,78.07
111391,2.55,63.98
111449,0.75,43.97
111571,1.77,57.04
111685,1.94,52.94
111766,6.47,67.44
111802,1.5,115.71
111888,1.12,44.1
111932,20,41.53
111960,1.13,73.85
111983,1.3,43.65
112117,0.72,42.47
112120,2.96,47.13
112190,1.31,46.46
112245,0.71,39.82
112312,3.37,42.35
112388,4.25,42.55
112447,0.77,61.54
112460,2.05,198.07
112527,0.64,50.15
112774,1.84,71.43
112800,3.04,52.82
112870,1.18,47.56
112909,2.71,70.3
112915,1.35,41.17
112978,2.9,51.42
113020,2.1,212.69
113201,3.02,40.44
113229,1.33,116.02
113244,2.65,41.15
113283,0.92,130.94
113296,1.22,145.27
113357,0.76,65.1
113368,0.92,130.08
113421,0.75,50.71
113576,0.94,122.8
113602,3.03,49.15
113605,3.19,49.36
113718,3.4,59.04
113829,0.87,41.19
113850,1.93,48.15
113944,1.04,49.94
114046,0.87,303.9
114066,1.48,40.09
114110,18.28,216.52
114156,1.88,47.36
114176,13.76,147.95
114233,2.04,63.85
114242,10.82,50.3
114252,2.6,45.75
114361,0.95,66.36
114379,7.67,39.56
114411,3.17,63.73
114416,1.05,48.05
114456,0.74,42.65
114570,0.57,40.82
114622,0.65,153.24
114716,2.81,39.09
114719,5.79,51.44
114859,2.04,45.21
114886,0.97,41.33
114924,0.58,49.31
114948,0.6,48.6
114954,1.99,47.58
114996,0.61,45.4
115058,1.87,41.19
115123,1.17,51.97
115126,5.25,48.22
115147,0.64,50.65
115331,0.83,45.63
115332,3.58,93.5
115341,0.96,47.66
115445,1.25,51.37
115562,1.41,76.23
115680,2.13,42.25
116003,7.83,67.57
116085,0.67,59.31
116132,2.81,160.06
116215,1.36,71.7
116317,4.77,71.56
116384,1.74,51.8
116416,0.93,42.63
116491,1.67,42.13
116613,0.8,43.26
116645,3.39,54.15
116727,0.52,72.5
116745,0.64,87.72
116763,0.86,53.52
116771,0.88,72.51
116838,1.85,39.51
116869,60.22,44.81
116936,2.07,42.42
117042,32.4,53.88
117059,11.58,60.11
117081,47.16,58.45
117197,1.58,50.78
117383,3.24,60.56
117473,1.49,167.51
117542,1.13,39.53
117559,1.36,40.24
117697,3.4,39.4
117712,0.55,92.68
117779,3.88,44.62
117828,1.15,98.43
117886,2.41,40.44
117946,1.16,39.35
117966,11.8,57.97
118008,1.11,45.28
118162,0.76,41.35
118200,2.92,58.62
118212,2.82,57.62
118261,1.26,40.9
118310,1.36,39.43
120005,6.61,159.48
