70890,"Gaia DR3 5853498713190525696",772.33,2.42,768.0665,0.0499,1.3011
87937,"Gaia DR3 4472832130942575872",549.01,1.58,546.9759,0.0401,1.8275
54035,"Gaia DR3 762815470562110464",392.4,0.91,392.7529,0.0321,2.5453
92403,"Gaia DR3 4075141768785646848",336.48,1.82,336.0266,0.0317,2.9762
114046,"Gaia DR3 6553614253923452800",303.9,0.87,304.1354,0.02,3.2877
57548,"Gaia DR3 3796072592206250624",299.58,2.2,296.3053,0.0302,3.3731
104217,"Gaia DR3 1872046574983497216",285.42,0.72,286.0054,0.0289,3.4947
104214,"Gaia DR3 1872046609345556480",287.13,1.51,285.9949,0.0599,3.4904
91768,"Gaia DR3 2154880616774131840",280.28,2.57,283.8401,0.022,3.522
91772,"Gaia DR3 2154880616774131712",284.48,5.01,283.8378,0.0287,3.5236
1475,"Gaia DR3 385334230892516480",280.27,1.05,280.7068,0.0203,3.5625
108870,"Gaia DR3 6412595290592307840",275.76,0.69,274.8431,0.0956,3.6481
8102,"Gaia DR3 2452378776434477184",274.17,0.8,273.8097,0.1701,\N
5643,"Gaia DR3 2358524597030794112",269.05,7.57,269.0573,0.0337,\N
36208,"Gaia DR3 3139847906307949696",263.26,1.43,264.1269,0.0413,3.786
24186,"Gaia DR3 4810594479418041856",255.26,0.86,254.1986,0.0168,3.9346
105090,"Gaia DR3 6583272171336048640",253.37,1.13,251.9124,0.0352,\N
80824,"Gaia DR3 4330690742322011520",234.51,1.82,232.139,0.0268,\N
3829,"Gaia DR3 2552928187080872832",226.95,5.35,231.78,0.0183,\N
86162,"Gaia DR3 1637645127018395776",220.85,0.92,219.7898,0.021,4.549
85523,"Gaia DR3 5951824121022278144",220.43,1.63,219.6463,0.0262,4.5522
57367,"Gaia DR3 5332606522595645952",216.4,2.11,215.6753,0.0181,\N
113020,"Gaia DR3 2603090003484152064",212.69,2.1,214.038,0.0356,4.665
49908,"Gaia DR3 823773494718931968",205.22,0.81,205.3148,0.0224,4.8722
54211,"Gaia DR3 778947814402602752",206.94,1.19,203.8876,0.0332,4.9055
106440,"Gaia DR3 6562924609150908416",202.53,1.33,201.3252,0.0237,4.9647
86214,"Gaia DR3 5955305209191546112",198.32,2.43,199.6944,0.0312,5.0035
112460,"Gaia DR3 1934263333784036736",198.07,2.05,197.9573,0.022,\N
57544,"Gaia DR3 1129149723913123456",185.48,1.43,190.3251,0.0194,5.2528
67155,"Gaia DR3 3741297293732404352",184.13,1.27,183.9962,0.0253,5.4354
21088,"Gaia DR3 470826482637310080",181.36,3.67,181.2438,0.0499,\N
33226,"Gaia DR3 939072613334579328",181.32,1.87,179.0629,0.028,5.5781
103039,"Gaia DR3 6882963066420161664",182.15,3.68,177.9312,0.0365,5.6148
25878,"Gaia DR3 3209938366665770752",175.72,1.2,175.3131,0.0204,\N
29295,"Gaia DR3 2940856402123426176",173.19,1.12,173.574,0.017,\N
96100,"Gaia DR3 2261614264931057664",173.41,0.46,173.4939,0.0748,5.7628
26857,"Gaia DR3 3340477717172813568",172.78,3.88,172.6762,0.0286,5.7885
73184,"Gaia DR3 6232511606838403968",169.32,1.67,169.8843,0.0653,5.887
86990,"Gaia DR3 5918660719983560192",172.08,2.22,169.8042,0.0465,5.8922
117473,"Gaia DR3 2739689239311660672",167.51,1.49,169.2163,0.0281,5.9056
94761,"Gaia DR3 4293318823182081408",170.26,1.37,169.0615,0.0239,5.9095
76074,"Gaia DR3 6002807341299977216",168.52,1.42,168.9965,0.027,5.9146
84478,"Gaia DR3 4109034455276324608",167.56,1.06,167.9617,0.0311,5.9525
37766,"Gaia DR3 3136952686035250688",168.59,2.67,166.9769,0.0343,5.9792
99461,"Gaia DR3 6697578465310949376",165.24,0.9,166.3272,0.1065,\N
34603,"Gaia DR3 946632924007399936",157.24,3.32,165.2147,0.0636,\N
99240,"Gaia DR3 6427464123776727168",163.73,0.65,163.9544,0.1222,6.099
99701,"Gaia DR3 6673000841376349696",161.17,1.08,162.2171,0.0225,6.1659
71253,"Gaia DR3 6324325225803432320",163.51,2.77,159.9225,0.0546,6.2554
74995,"Gaia DR3 6322070093095493504",159.52,2.27,158.7183,0.0301,6.2984
45343,"Gaia DR3 1022456139210632064",161.59,5.23,157.8879,0.0197,6.3395
120005,"Gaia DR3 1022456104850892928",159.48,6.61,157.8825,0.0211,\N
80459,"Gaia DR3 1428427236986209024",151.93,1.11,154.3503,0.0161,6.4746
82809,"Gaia DR3 4339465360510320128",153.96,4.04,153.8754,0.0474,6.501
114622,"Gaia DR3 2009481748875806976",153.24,0.65,152.864,0.0494,\N
53767,"Gaia DR3 3988987164339438208",150.96,1.59,148.1986,0.0253,6.7458
106106,"Gaia DR3 1784473016438653056",148.29,1.85,147.4958,0.0257,\N
113296,"Gaia DR3 2828928008202069376",145.27,1.22,145.6234,0.0255,6.8717
53020,"Gaia DR3 3864615459886222464",177.46,23,143.5391,0.0286,6.9687
51317,"Gaia DR3 3855208897392952192",138.29,2.13,142.0951,0.0212,7.0329
103096,"Gaia DR3 2195886971653527168",141.95,0.77,142.0543,0.016,7.0383
3765,"Gaia DR3 2552925644460225152",134.04,0.86,134.4948,0.0578,7.4303
2021,"Gaia DR3 4683897617110115200",133.78,0.51,133.7194,0.272,\N
113283,"Gaia DR3 6604147121141267712",130.94,0.92,131.5525,0.0275,7.6016
65859,"Gaia DR3 3738099879558957952",131.12,1.29,131.1013,0.027,7.6238
7981,"Gaia DR3 96331172942614528",133.91,0.91,130.8234,0.1532,7.6485
12781,"Gaia DR3 114207651462714880",132.42,2.48,130.1956,0.0281,7.6778
49986,"Gaia DR3 3828238392559860992",127.99,1.53,129.7544,0.0252,7.7076
85295,"Gaia DR3 4375233191015944192",129.54,0.95,129.6459,0.0175,\N
88574,"Gaia DR3 4177731838628465408",128.28,1.44,129.2184,0.0256,7.7298
22449,"Gaia DR3 3288921720025503360",124.6,0.95,124.6198,0.2246,8.016
61874,"Gaia DR3 6133474952391837824",130.52,3.87,124.1851,0.0295,8.0494
62452,"Gaia DR3 3735000631158990976",121.78,2.9,123.7756,0.0329,8.0817
101180,"Gaia DR3 2246206567973292160",125.62,1.11,123.6547,0.0148,8.0768
86287,"Gaia DR3 4550763526539955712",123.02,1.62,122.5546,0.0176,8.1485
113576,"Gaia DR3 2396530698208685312",122.8,0.94,121.4724,0.0249,8.2322
4856,"Gaia DR3 533621859441169920",122.77,1.23,121.4598,0.0158,8.2276
61317,"Gaia DR3 1534011998572555776",119.46,0.83,118.0266,0.153,8.3934
80018,"Gaia DR3 6021430250773348736",118.03,2.28,117.4716,0.0291,8.5053
64924,"Gaia DR3 3507879565090229888",117.3,0.71,117.1726,0.1456,\N
113229,"Gaia DR3 6378584028690858496",116.02,1.33,116.3134,0.0168,8.5921
1599,"Gaia DR3 4900108950849461248",116.38,0.64,116.1826,0.1334,8.5803
32984,"Gaia DR3 3101923001490347392",114.94,0.86,114.3547,0.0418,8.7464
57802,"Gaia DR3 4031586157514097024",116.92,1.38,114.0854,0.0191,8.757
84720,"Gaia DR3 5951165616611763456",113.81,1.36,113.7513,0.0725,8.7852
99825,"Gaia DR3 6847167606385195648",113.33,0.89,113.4872,0.0516,8.8133
109388,"Gaia DR3 2627117287488522240",113.97,2.1,113.4447,0.03,8.8094
93873,"Gaia DR3 4519789321942643072",115.91,2.47,113.2521,0.0296,8.8324
93899,"Gaia DR3 4519789081415296128",112.82,2.41,113.2228,0.0192,8.8372
31292,"Gaia DR3 5260759175761502976",119.54,13.42,113.1318,0.0176,\N
31293,"Gaia DR3 5260759175761501696",114.18,3.18,113.1304,0.0169,8.8458
23311,"Gaia DR3 3211461469444773376",113.46,0.82,113.0715,0.0222,8.8472
38956,"Gaia DR3 922225002820369152",122.53,11.52,112.9927,0.0259,\N
60559,"Gaia DR3 3519785523672576384",112.52,2.51,112.674,0.0241,8.8792
27072,"Gaia DR3 2964000159821218432",111.49,0.6,112.296,0.1452,8.9121
40501,"Gaia DR3 3089711447388931584",109.23,1.79,111.8698,0.0228,8.9314
55360,"Gaia DR3 1057318835428596096",109.95,1.11,110.2305,0.0166,9.0828
56528,"Gaia DR3 3478160727866058368",110.65,1.81,110.1711,0.0204,9.0646
17378,"Gaia DR3 5164120762333028736",110.58,0.88,110.0254,0.1944,\N
108706,"Gaia DR3 1893189736896880640",111.57,3.19,109.8548,0.0259,\N
57939,"Gaia DR3 4034171629042489088",109.21,0.78,109.0296,0.0197,9.1693
66906,"Gaia DR3 1470462322431834880",109.89,3.18,108.7903,0.044,\N
64394,"Gaia DR3 1460229442589223424",109.23,0.72,108.725,0.1645,9.2019
23512,"Gaia DR3 2976850598890749824",107.86,2.95,108.2732,0.0398,\N
105858,"Gaia DR3 6401464693867773568",108.5,0.59,108.0102,0.1061,9.2451
15457,"Gaia DR3 3269362645115584640",109.18,0.78,107.8023,0.1838,\N
57443,"Gaia DR3 5381537023379295232",108.23,0.7,107.3024,0.0873,9.3339
9786,"Gaia DR3 5020179503252128768",105.64,3,106.6096,0.0273,9.3685
47780,"Gaia DR3 5412250540681250560",101.87,13.4,106.1727,0.0141,9.4061
47103,"Gaia DR3 5664814198431308288",111.41,1.99,105.9789,0.0227,9.43
29277,"Gaia DR3 1143321672882274560",106.43,1.44,105.6903,0.0142,9.4696
21932,"Gaia DR3 3409711211681795584",106.16,2.51,105.4275,0.021,\N
61629,"Gaia DR3 6078114541943893888",103.54,2.1,105.3467,0.0213,9.4851
86776,"Gaia DR3 1349047857580994560",105.39,1.15,104.9147,0.0177,9.5186
56452,"Gaia DR3 3478127463341507072",104.84,0.81,104.6133,0.0277,9.5357
56997,"Gaia DR3 4025850731201819392",104.81,0.72,104.4252,0.1005,9.5746
47425,"Gaia DR3 5425628298649940608",105.34,1.67,104.0957,0.0176,9.6173
86057,"Gaia DR3 5946986063684477056",102.3,2.21,103.3081,0.0216,9.6847
76901,"Gaia DR3 6254033894121581952",121.86,43.95,103.1798,0.3159,\N
102409,"Gaia DR3 6794047652729201024",100.59,1.35,102.9432,0.0231,\N
57087,"Gaia DR3 4017860992519744384",97.73,2.27,102.3014,0.0302,9.7782
82003,"Gaia DR3 1314438839310796800",102.35,0.88,101.5615,0.015,9.8461
4872,"Gaia DR3 522863309964987520",99.44,1.39,101.4238,0.0169,9.8438
81300,"Gaia DR3 4358031335898505472",102.27,0.85,101.0719,0.0501,9.8997
21553,"Gaia DR3 272855565763652480",98.12,1.2,100.9161,0.0266,9.9082
46655,"Gaia DR3 3840711729206827520",103.56,3.91,100.9033,0.0265,9.888
72944,"Gaia DR3 1187851653287128576",101.91,1.67,100.5243,0.021,9.946
31635,"Gaia DR3 3359074685047632640",101.59,2.35,100.0232,0.0208,10.0009
8362,"Gaia DR3 512167948043650816",100.24,0.68,99.5902,0.0438,10.0376
68184,"Gaia DR3 1661568850770761600",98.97,0.56,99.3325,0.0193,10.0646
117828,"Gaia DR3 6377828354964753792",98.43,1.15,98.849,0.0167,10.1102
85665,"Gaia DR3 4389844948935164544",100.17,1.3,98.8439,0.0156,10.1068
58345,"Gaia DR3 3487062064765702272",98.16,0.88,98.298,0.0203,10.1728
29271,"Gaia DR3 5264749303462961280",98.54,0.45,97.9158,0.0573,10.1964
25578,"Gaia DR3 3338097377577012480",115.04,5.22,97.8868,0.0288,\N
13402,"Gaia DR3 5160075762132996992",96.33,0.77,96.52,0.0258,10.3582
83043,"Gaia DR3 4572835535272627712",96.9,1.48,96.2333,0.0244,\N
14754,"Gaia DR3 4646535078125821568",98.5,1.46,96.1834,0.0289,\N
68469,"Gaia DR3 3657653114880309248",98.26,1.61,95.9575,0.0253,10.4007
45908,"Gaia DR3 5299440441521812992",95.37,0.98,95.6982,0.0145,10.4427
37217,"Gaia DR3 5715352842388433664",92.15,2.99,95.6634,0.0211,10.4335
83591,"Gaia DR3 4364527594192166400",92.98,1.04,95.567,0.0241,10.4445
83599,"Gaia DR3 4364480521350598144",89.7,28.71,95.5597,0.0214,10.4702
95071,"Gaia DR3 4201781696994073472",89.08,7.16,95.1758,0.0292,\N
10279,"Gaia DR3 2515037264041041536",96.28,1.8,95.1606,0.0247,10.5004
48714,"Gaia DR3 1051547052218220160",95.4,1.2,95.0477,0.0157,10.5193
108782,"Gaia DR3 2683023811628007296",96.98,1.48,94.5637,0.0473,10.5826
14632,"Gaia DR3 436648129327098496",94.93,0.67,94.5412,0.1448,10.5637
115332,"Gaia DR3 2817999068780218368",93.5,3.58,94.3667,0.0287,\N
62687,"Gaia DR3 3689602277083844480",92.75,0.96,93.8547,0.0245,10.6501
84794,"Gaia DR3 4574048021719710848",83.01,6.03,92.9857,0.0252,10.7474
56244,"Gaia DR3 5382868669400908928",95.46,2.59,92.9284,0.0257,10.762
79762,"Gaia DR3 1642642957122493824",93.14,1.38,92.8985,0.016,10.7507
79755,"Gaia DR3 1642641410934267008",93.79,1.21,92.8766,0.0146,10.768
54532,"Gaia DR3 3536123338748976256",93.56,1.67,92.8036,0.0268,10.789
91699,"Gaia DR3 2090085056523454464",88.14,2.27,92.6127,0.0174,10.7731
70975,"Gaia DR3 6324308389531786112",89.76,3.47,91.8962,0.0359,\N
48659,"Gaia DR3 5657274198660921472",87.26,3.1,91.7371,0.0389,\N
10644,"Gaia DR3 326173044957518080",92.2,0.84,91.6504,0.4271,\N
71898,"Gaia DR3 1669449084967071872",101.34,12.77,91.4791,0.0156,10.9319
66459,"Gaia DR3 1471777269618346240",91.72,1.23,91.3876,0.0185,10.9272
82257,"Gaia DR3 1431783457574556672",91.13,2.33,91.34,0.022,\N
16536,"Gaia DR3 4846689899968623744",92.05,2.05,91.1477,0.015,10.9505
64797,"Gaia DR3 3936909723803146368",89.07,0.99,91.0176,0.0236,10.9812
57757,"Gaia DR3 3796442680948579328",91.74,0.77,90.8945,0.1934,11.0006
57050,"Gaia DR3 772430527947893632",90.66,3.03,90.6896,0.0258,\N
8768,"Gaia DR3 5134635708766250752",90.17,1.37,90.4171,0.0213,\N
88972,"Gaia DR3 4610177733290768896",90.11,0.54,90.1234,0.0156,11.0935
3093,"Gaia DR3 2802397960855105920",90.03,0.72,90.0248,0.0482,11.1092
93101,"Gaia DR3 4282578724832056576",90.02,1.46,90.0212,0.0214,11.1175
92871,"Gaia DR3 4310275491469537152",86.27,1.9,89.9065,0.0261,11.0884
12777,"Gaia DR3 438829629114680704",89.03,0.79,89.685,0.1638,11.1384
78072,"Gaia DR3 1193030490492925824",89.92,0.72,89.5647,0.1835,11.167
42808,"Gaia DR3 5528866839863569024",89.78,0.56,89.3522,0.0151,11.1896
67164,"Gaia DR3 6294928369390563968",87.73,4.26,89.3256,0.0225,11.1918
21556,"Gaia DR3 3184351876391975808",90.23,1.81,89.1897,0.0199,\N
20917,"Gaia DR3 145421309108301184",87.17,1.05,89.0546,0.0234,11.2306
47080,"Gaia DR3 798068905726303232",89.45,0.78,89.0092,0.0937,11.2098
48331,"Gaia DR3 5412947081295024896",89.67,0.82,88.6737,0.0173,\N
8051,"Gaia DR3 2560771312759450496",88.86,1.99,88.306,0.0233,11.2891
29052,"Gaia DR3 2911981886751531648",87.64,2.61,87.702,0.0187,\N
26335,"Gaia DR3 3339921875389105152",87.9,1.29,87.5297,0.0242,\N
116745,"Gaia DR3 6380214844952702848",87.72,0.64,87.3724,0.0187,\N
75187,"Gaia DR3 1214160733157163008",87.79,1.93,87.3251,0.0214,\N
428,"Gaia DR3 386655019234959872",86.98,1.41,86.9299,0.017,11.4826
47513,"Gaia DR3 614543647497149056",88.06,1.98,86.6196,0.0218,11.513
11964,"Gaia DR3 4946938113149426944",86.87,0.86,86.6124,0.0355,11.5207
108569,"Gaia DR3 6409685433069148288",84.26,1.74,86.5613,0.0174,11.5673
72848,"Gaia DR3 1236929488664453376",86.69,0.81,85.9932,0.5516,11.6017
107556,"Gaia DR3 6838311796136238976",84.58,0.88,85.9406,0.3327,\N
69454,"Gaia DR3 5895265380327966464",85.02,1.79,85.724,0.0183,11.6816
23708,"Gaia DR3 4763897739549071744",86.76,0.89,85.5301,0.015,\N
23693,"Gaia DR3 4763906879239461632",85.83,0.46,85.5233,0.0755,11.6872
109555,"Gaia DR3 1776317182780536064",87.42,1.63,85.406,0.0218,11.7055
36338,"Gaia DR3 3060641356390249728",79.65,2.61,85.2177,0.0518,11.6938
13389,"Gaia DR3 4721111481504887040",86.91,1.9,85.1168,0.0276,11.7481
36834,"Gaia DR3 1088813933689615872",87.01,2.17,84.7001,0.0167,\N
69972,"Gaia DR3 5866992641380992256",84.5,0.79,84.6029,0.0218,11.8196
104432,"Gaia DR3 6885776098199761024",82.33,2.4,84.4402,0.0257,11.8599
47620,"Gaia DR3 1071194431653425280",85.14,3.18,84.3281,0.0172,11.852
47650,"Gaia DR3 1071195187567668480",86.69,2.24,84.2983,0.0182,\N
54646,"Gaia DR3 732857558276385664",83.85,1.07,84.1766,0.0258,11.8875
77257,"Gaia DR3 4430238051199001216",85.08,0.8,83.9214,0.1501,\N
53985,"Gaia DR3 3988689609004982912",85.76,1.36,83.7642,0.0204,11.9215
22762,"Gaia DR3 2979590513145784192",80.89,1.97,83.6897,0.016,11.9395
11048,"Gaia DR3 354077348697687424",83.93,1.3,83.6606,0.0262,11.9665
36627,"Gaia DR3 898506166187633280",87.15,4.85,83.4,0.0257,11.9562
84099,"Gaia DR3 1341113541156480768",83.13,2.13,83.0687,0.0178,12.0478
15371,"Gaia DR3 4722135642226902656",82.79,0.53,83.0606,0.0608,12.0098
15330,"Gaia DR3 4722111590409480064",82.51,0.54,83.024,0.0438,12.0322
102401,"Gaia DR3 2070115588901082368",80.01,1.57,82.8903,0.0167,12.0408
24284,"Gaia DR3 3407785622839603968",78.5,8.94,82.3104,0.0203,12.1545
41926,"Gaia DR3 5640565607657897728",82.15,0.66,82.208,0.0178,12.1433
84790,"Gaia DR3 1348028919540189056",80.98,1.77,81.7394,0.0282,\N
26779,"Gaia DR3 263916708025623680",81.69,0.83,81.4987,0.0253,12.2628
26801,"Gaia DR3 263916742385357056",80.13,1.67,81.4644,0.023,12.2567
102186,"Gaia DR3 6471497502884511232",82.57,1.25,81.0279,0.0228,12.3429
22627,"Gaia DR3 3288082758293022848",82.52,3.99,80.5623,0.0236,\N
103910,"Gaia DR3 6456884409233519360",70.51,5.16,80.0211,0.031,12.5012
24813,"Gaia DR3 188771135583573504",79.08,0.9,79.6021,0.1005,12.5407
40693,"Gaia DR3 5726982995343100928",79.48,0.77,79.4953,0.04,12.5534
43587,"Gaia DR3 704967037090946688",79.8,0.84,79.4482,0.0429,12.5796
55042,"Gaia DR3 5339892367684811520",79.71,2.8,78.8922,0.0319,12.6964
98698,"Gaia DR3 4247023886053586304",76.26,1.03,78.6465,0.0198,12.7116
59406,"Gaia DR3 3517841209157902720",78.14,2.8,78.4814,0.0236,12.7444
84051,"Gaia DR3 5924187617032756736",79.53,1.82,78.2621,0.0195,12.7768
56998,"Gaia DR3 5378886891123024512",79.91,0.92,78.2268,0.0182,\N
46580,"Gaia DR3 3852570413083923072",78.87,1.02,78.1945,0.0215,12.7719
85235,"Gaia DR3 1637110042813188608",78.14,0.51,78.1747,0.0226,12.7743
51007,"Gaia DR3 3767878708888402816",80.07,1.8,78.1746,0.0253,12.8001
36915,"Gaia DR3 985610542491481984",76.31,2.56,78.1626,0.0208,12.7998
10395,"Gaia DR3 4971496564348436352",80.79,2.81,78.1168,0.033,\N
10798,"Gaia DR3 5117974602912370432",78.88,0.72,77.914,0.0295,12.8271
80337,"Gaia DR3 6018047019138644480",77.69,0.86,77.5655,0.0661,12.8827
80300,"Gaia DR3 6018034958869558912",78.04,2.4,77.4545,0.0433,\N
67090,"Gaia DR3 1244644727396803584",76.7,1.46,77.4412,0.0171,12.8899
25623,"Gaia DR3 3210731015768096000",77.03,0.91,77.3499,0.0198,\N
27887,"Gaia DR3 4758877919212831104",77.95,0.53,77.3261,0.017,\N
51459,"Gaia DR3 853819947756949120",77.82,0.65,77.2485,0.0805,12.9421
25953,"Gaia DR3 3338162729799839104",78.3,3.37,77.1359,0.0266,12.9219
111313,"Gaia DR3 2717105133036645760",78.07,2.45,77.0346,0.0215,12.9583
70475,"Gaia DR3 1175938925836488448",69.73,4.28,76.7826,0.0449,13.0434
91438,"Gaia DR3 4079684229322231040",77.02,0.85,76.7405,0.0494,\N
19884,"Gaia DR3 4780166972587269120",76.46,0.63,76.6638,0.0146,13.0284
9291,"Gaia DR3 505516521175942784",83.2,3.68,76.2912,0.0252,13.0586
48336,"Gaia DR3 5690980582306104448",73.1,22.31,76.1644,0.0195,13.1396
110443,"Gaia DR3 6508401923473282432",74.75,1.32,76.1595,0.0197,\N
31862,"Gaia DR3 5497072086021346688",76.47,1.05,75.9486,0.0097,13.1637
90790,"Gaia DR3 4093301474693288960",75.71,0.89,75.8476,0.0349,13.1764
13218,"Gaia DR3 4741883764414703232",76.45,1.46,75.7208,0.0152,13.2155
89211,"Gaia DR3 6721432232656218752",77.18,1.23,75.7122,0.0211,13.2047
21818,"Gaia DR3 3411339626674506624",74.13,1.24,75.687,0.0241,13.2084
115562,"Gaia DR3 2009439555118168832",76.23,1.41,75.5723,0.013,13.2189
71181,"Gaia DR3 1605198298364601088",74.5,0.69,75.5689,0.0151,13.206
22263,"Gaia DR3 2980492387558410112",75.1,0.8,75.5289,0.0539,13.1915
111960,"Gaia DR3 6608490501308343168",73.85,1.13,75.3248,0.0232,13.254
78353,"Gaia DR3 4347870370990204928",71.84,1.91,75.2941,0.0232,13.2449
66625,"Gaia DR3 1503625448550796032",75.43,1.59,74.7985,0.0153,13.3688
91430,"Gaia DR3 4103671243754951296",78.52,2.87,74.7918,0.0528,13.3978
10617,"Gaia DR3 4971681351020953088",70.16,2.88,74.5735,0.035,13.3517
50341,"Gaia DR3 3765772972322477696",72.79,2.37,74.238,0.0262,13.4515
56157,"Gaia DR3 3592769731134725248",71.64,4.02,74.2047,0.0247,13.4787
7513,"Gaia DR3 348020482735930112",74.25,0.72,74.194,0.2083,13.5205
28368,"Gaia DR3 269067920001221888",73.58,21.52,74.1397,0.0173,13.5032
27188,"Gaia DR3 283569928616960768",73.04,1.11,74.1187,0.018,\N
8070,"Gaia DR3 512129087182637696",74.45,1.11,73.9769,0.0183,\N
46769,"Gaia DR3 798914636327665536",73.88,2.02,73.6956,0.0183,13.5508
79537,"Gaia DR3 5835113573101867520",72.75,0.82,73.5482,0.0184,\N
98036,"Gaia DR3 4296708789290712064",72.95,0.83,73.5249,0.1415,\N
16711,"Gaia DR3 4833654227548585856",74.86,0.83,73.5199,0.0164,\N
116771,"Gaia DR3 2756363608023588864",72.51,0.88,73.237,0.1698,13.8409
61094,"Gaia DR3 3902785006045478656",74.58,1.48,72.8932,0.0289,\N
83990,"Gaia DR3 5914096303621755520",73.07,0.91,72.8538,0.0218,13.6943
97241,"Gaia DR3 2034628782438989440",87.57,4.8,72.7,0.014,\N
544,"Gaia DR3 2860924621205256704",72.98,0.75,72.6419,0.0292,13.7606
23518,"Gaia DR3 266846631637524864",71.35,1.76,72.1734,0.0173,13.8584
53721,"Gaia DR3 777254360337133312",71.04,0.66,72.007,0.0974,13.8966
16852,"Gaia DR3 3263836568394170880",72.89,0.78,71.837,0.1503,13.9206
19337,"Gaia DR3 170639948323693952",73.01,2.19,71.8221,0.0189,13.8921
17420,"Gaia DR3 5107106033552702208",71.17,0.91,71.7505,0.021,13.9248
4148,"Gaia DR3 5031808453624044800",71.01,0.78,71.7259,0.0267,13.9406
12261,"Gaia DR3 4726357491998516480",67.2,3.03,71.7043,0.0192,13.9553
15638,"Gaia DR3 567659818855055488",72.8,1.63,71.6586,0.0138,13.9555
87938,"Gaia DR3 1350714133093019904",73.75,1.84,71.4952,0.0152,13.9707
35353,"Gaia DR3 948039989652369408",69.21,2.16,71.3227,0.0234,14.0025
28035,"Gaia DR3 2910909931633597312",68.58,1.94,71.2607,0.0172,14.0398
116317,"Gaia DR3 2644439955745152512",71.56,4.77,71.2339,0.0229,14.0407
12097,"Gaia DR3 87921523897823872",71.6,1.89,71.2164,0.0232,14.042
110109,"Gaia DR3 6508776375901968640",73.47,0.7,71.0938,0.0554,13.9788
67487,"Gaia DR3 6288325222245417856",70.49,1.01,71.078,0.0318,14.0413
37349,"Gaia DR3 3057712223051571200",70.44,0.94,71.0323,0.0243,14.0731
83762,"Gaia DR3 4568060562432051584",73.94,3.01,70.9684,0.0224,14.1021
61901,"Gaia DR3 3934198156329809152",69.94,1.1,70.8793,0.0266,\N
79672,"Gaia DR3 4345775217221821312",71.3,0.89,70.7371,0.0631,14.1361
86963,"Gaia DR3 4055584308787727488",161.77,11.29,70.7335,0.1163,\N
97944,"Gaia DR3 6863535898551993472",70.34,0.81,70.701,0.035,14.1465
93206,"Gaia DR3 6662167868705713664",72.07,2.52,70.5952,0.0261,14.1636
70865,"Gaia DR3 1229089524081628416",70.06,2.25,70.3249,0.0211,14.1729
81935,"Gaia DR3 5970956070030449792",69.58,0.99,70.322,0.0196,14.2178
67691,"Gaia DR3 1510834911934401152",71.39,0.95,70.1492,0.0174,14.2571
92200,"Gaia DR3 4258375617747092864",70.8,1.28,70.1335,0.0258,14.2699
61706,"Gaia DR3 3928391218812375808",65.04,2.76,70.1139,0.0297,14.2489
12843,"Gaia DR3 5129338021224785408",71.56,0.76,70.0459,0.1599,14.263
100923,"Gaia DR3 6798111177125746944",64.93,15.66,69.9597,0.0463,14.3068
86087,"Gaia DR3 1439069444391326208",70.95,1.09,69.8921,0.0153,14.3263
78775,"Gaia DR3 1379500756257031808",69.61,0.57,69.6405,0.014,14.3377
102422,"Gaia DR3 2195115561168483712",69.73,0.49,69.5976,0.1279,\N
47741,"Gaia DR3 646818024623804416",70.59,3.97,69.5883,0.0274,14.3524
17609,"Gaia DR3 70051608089857536",68.62,1.78,69.5143,0.0246,14.3752
103441,"Gaia DR3 1838855376946302720",73.24,3.24,69.2976,0.0245,\N
42438,"Gaia DR3 1092545710514654464",70.07,0.71,69.2576,0.0485,14.4485
96285,"Gaia DR3 4291123545113039616",69.09,1.65,69.2566,0.0152,14.4374
54952,"Gaia DR3 1078773262224027520",68.13,1.18,69.1364,0.0151,14.4547
70497,"Gaia DR3 1604859511344724864",68.63,0.56,69.0686,0.1579,14.502
103800,"Gaia DR3 6910371005081903488",72.37,2.86,69.0219,0.0284,14.4481
44722,"Gaia DR3 5743705394673617664",68.86,1.8,68.9762,0.0179,\N
27359,"Gaia DR3 2887328533953284096",66.71,1.49,68.9709,0.0141,14.481
112774,"Gaia DR3 2611163717366876544",71.43,1.84,68.9303,0.0195,14.4818
70218,"Gaia DR3 1284721994948665216",69.43,1.08,68.8506,0.0216,14.5399
25220,"Gaia DR3 3394298532176344960",69.76,1.5,68.7662,0.0246,14.5501
116215,"Gaia DR3 2395031273585836288",71.7,1.36,68.7356,0.0272,14.5924
79431,"Gaia DR3 6245870673116518784",67.13,3.55,68.61,0.0287,14.5152
25278,"Gaia DR3 3400292798990117888",68.19,0.94,68.5908,0.104,14.5681
84862,"Gaia DR3 1333760419707327744",69.48,0.56,68.5575,0.0553,14.572
74190,"Gaia DR3 1155276250492687616",68.99,2.63,68.4504,0.0199,14.6035
102485,"Gaia DR3 6805455124526007424",68.16,0.91,68.337,0.1823,\N
101997,"Gaia DR3 6854626246593473792",68.28,0.82,68.1557,0.03,\N
99150,"Gaia DR3 6748796396992580352",68.49,5.17,68.1161,0.033,14.6696
1368,"Gaia DR3 383426372059603712",66.71,1.12,68.0846,0.0209,14.6556
38082,"Gaia DR3 672091364541849344",70.74,2.66,68.0334,0.0223,14.65
14445,"Gaia DR3 630505494719360",67.69,1.78,67.9335,0.0274,\N
75181,"Gaia DR3 5902750168276592256",68.7,0.79,67.8467,0.0601,14.7331
78170,"Gaia DR3 5994771148252505216",68.18,1.02,67.8433,0.0246,14.7317
13375,"Gaia DR3 139860666488305664",70.19,1.68,67.6743,0.0147,14.751
106696,"Gaia DR3 6465749496610128512",67.85,0.92,67.5002,0.0175,14.8082
79190,"Gaia DR3 5835498883232034816",69.66,0.9,67.4469,0.019,14.7864
101516,"Gaia DR3 1831553382794173824",67.65,2.32,67.4085,0.0367,\N
114361,"Gaia DR3 6391176735363140480",66.36,0.95,67.3957,0.0198,\N
108405,"Gaia DR3 6558208838138808576",61.63,2.67,67.2743,0.0205,\N
114411,"Gaia DR3 2379962604166006016",63.73,3.17,67.1014,0.0228,14.9106
49081,"Gaia DR3 746545172372256384",67.14,0.83,66.9958,0.0921,14.861
47592,"Gaia DR3 5663558453071724288",67.19,0.73,66.8827,0.1123,14.9462
28103,"Gaia DR3 2995725777563537792",66.47,0.74,66.8573,0.1759,14.8215
49189,"Gaia DR3 823228721067307392",67.14,1.66,66.8448,0.023,\N
104092,"Gaia DR3 1736838805468812160",67.38,1.35,66.4626,0.0225,\N
3583,"Gaia DR3 4975284381908412672",66.92,0.73,66.4509,0.0446,15.0523
5247,"Gaia DR3 523433578540463488",66.46,1.27,66.3666,0.0161,\N
37288,"Gaia DR3 3135225421986581504",67.27,1.51,66.3374,0.0208,\N
112909,"Gaia DR3 1889703529122914560",70.3,2.71,66.2052,0.0435,15.1346
66675,"Gaia DR3 3633926753464638592",68.8,1.43,66.201,0.0249,\N
84521,"Gaia DR3 4395113396338721024",66.92,2.86,66.1343,0.0312,\N
19394,"Gaia DR3 4780294722094459904",66.82,2.01,66.0705,0.0172,\N
92573,"Gaia DR3 4510987662629223424",64.13,1.81,65.759,0.0159,15.1941
27435,"Gaia DR3 3023711269067191296",64.25,1.19,65.7446,0.0307,15.2071
31300,"Gaia DR3 5482827676662168832",61.28,1.89,65.722,0.0129,15.2144
77358,"Gaia DR3 6009538585839374336",65.6,0.77,65.5889,0.0342,15.2357
59514,"Gaia DR3 1573086442800134272",65.29,1.47,65.5792,0.0131,15.2714
5862,"Gaia DR3 4934923028038871296",66.43,0.64,65.527,0.0704,15.2569
82860,"Gaia DR3 1635375460142367104",66.28,0.48,65.2904,0.547,15.5205
52596,"Gaia DR3 5454500168322239872",72.19,2.45,65.2656,0.0212,\N
15919,"Gaia DR3 5170039467784804096",66.15,0.95,65.2607,0.0277,15.3086
1295,"Gaia DR3 2797745549200763520",49.91,21.56,65.1081,0.0413,\N
4022,"Gaia DR3 2349206308999273984",65.81,1.44,65.0902,0.0247,\N
65520,"Gaia DR3 6188331614726318720",61.5,2.29,64.9887,0.024,\N
48904,"Gaia DR3 5408648849826522112",62.88,1.85,64.7193,0.0203,15.4536
42762,"Gaia DR3 598180646733241216",64.56,3.92,64.7054,0.0214,\N
113357,"Gaia DR3 2835207319109249920",65.1,0.76,64.4048,0.0771,15.5181
108159,"Gaia DR3 6561146458331160320",66.12,3.51,64.3881,0.0227,\N
107649,"Gaia DR3 6564091190988411520",63.95,0.78,64.2717,0.043,15.5147
91128,"Gaia DR3 2118424350249708800",64.61,1.03,64.2358,0.012,\N
52186,"Gaia DR3 3774789959807192064",59.46,2.94,64.1977,0.0224,15.5716
76779,"Gaia DR3 6260386975385254656",63.56,1.36,64.1825,0.0236,15.5659
86796,"Gaia DR3 5945941905576552064",65.46,0.8,64.0853,0.0904,15.6071
95319,"Gaia DR3 2046207670631964928",64.54,0.6,64.0703,0.0154,15.5763
67275,"Gaia DR3 1244571953471006720",64.12,0.7,64.047,0.1093,15.6162
98792,"Gaia DR3 1833199729671740800",64.17,0.85,64.012,0.0164,15.6127
18280,"Gaia DR3 3244915072792668416",64.9,1.18,63.8136,0.0228,15.6696
56662,"Gaia DR3 4019458647338779648",65.28,3.61,63.7329,0.0389,\N
66765,"Gaia DR3 6164998500516764160",64.08,0.81,63.7263,0.0291,\N
110996,"Gaia DR3 6614285855300051840",64.74,1.07,63.6519,0.0266,15.7109
24819,"Gaia DR3 3213958769587525888",59.29,1.68,63.6435,0.0225,15.7049
71284,"Gaia DR3 1284257623084916480",64.66,0.72,63.4679,0.1173,\N
82256,"Gaia DR3 5805810454276181120",62.66,2.1,63.4273,0.0144,15.7815
28954,"Gaia DR3 3345968334645285376",64.71,0.91,63.4065,0.0269,15.7594
104644,"Gaia DR3 6579894402894605824",69.76,4.06,63.3885,0.0236,15.7794
105341,"Gaia DR3 6832674634380238848",61.04,1.31,63.3864,0.0243,15.8034
82099,"Gaia DR3 4558856584955186432",60.34,3.39,63.3656,0.0212,\N
70956,"Gaia DR3 6328672145023976960",60.53,1.57,63.3625,0.0171,15.7584
26081,"Gaia DR3 3223516063958808064",59.45,3.88,63.3597,0.0477,15.8711
80093,"Gaia DR3 1380821338441693312",62.86,0.9,63.3405,0.0145,\N
47981,"Gaia DR3 1130450270073924608",62.85,1.53,63.3251,0.0153,15.7892
56238,"Gaia DR3 3980560507224374400",61.76,1.56,63.2148,0.0206,15.8426
74702,"Gaia DR3 4419140645978987904",64.19,0.97,63.2139,0.0229,15.7843
77760,"Gaia DR3 1384195086792268800",63.08,0.54,62.9028,0.0807,15.9774
109638,"Gaia DR3 2723557788822526720",71.97,4.34,62.8785,0.0223,\N
116003,"Gaia DR3 2391670474561181440",67.57,7.83,62.8679,0.0759,\N
23835,"Gaia DR3 3407611182744289152",63.02,0.93,62.8252,0.1094,16.1066
69285,"Gaia DR3 6124711741640147712",58.18,2.14,62.8142,0.0242,15.9359
3909,"Gaia DR3 2473608009504466688",64.69,1.03,62.8022,0.0951,15.9155
60303,"Gaia DR3 1537992501630401920",62.54,1.26,62.7385,0.0181,15.9398
15366,"Gaia DR3 235383247412615936",57.75,2.19,62.6417,0.0241,\N
51525,"Gaia DR3 830239138487431808",63.81,1.17,62.5202,0.0208,15.9712
98767,"Gaia DR3 2029433521248546304",62.92,0.62,62.4865,0.0354,15.9992
65877,"Gaia DR3 3630035787972473600",55.5,3.77,62.1485,0.0444,\N
111391,"Gaia DR3 6623761137270596992",63.98,2.55,62.0787,0.042,16.1721
49091,"Gaia DR3 5463554406059006336",62.33,2.35,62.0004,0.041,16.166
103388,"Gaia DR3 6890353330746858368",67.71,10.55,61.9763,0.0274,16.163
39987,"Gaia DR3 5320435203722048768",60.23,2.33,61.8988,0.0156,16.1227
12929,"Gaia DR3 25488745411919360",62.83,1.53,61.891,0.028,16.0848
2120,"Gaia DR3 530158019855216896",61.39,1.51,61.8731,0.013,16.125
17439,"Gaia DR3 4856592239127350400",61.63,0.67,61.8444,0.0154,16.1655
105038,"Gaia DR3 1743592452563243136",61.83,1.06,61.838,0.023,16.1717
38908,"Gaia DR3 5291028181119851776",61.76,0.51,61.836,0.0417,16.1599
61291,"Gaia DR3 5856411869205581568",61.83,0.63,61.7737,0.0154,16.1874
99438,"Gaia DR3 6749419923164242816",65.06,3.85,61.6935,0.0323,\N
18774,"Gaia DR3 551050046451136256",62.57,0.87,61.6525,0.0165,16.2222
50954,"Gaia DR3 5205029672996886016",61.67,0.49,61.4342,0.1214,16.2576
63833,"Gaia DR3 6080301367488384896",63.66,1.34,61.3202,0.0201,\N
71395,"Gaia DR3 1176209886733406592",60.35,0.99,61.2792,0.0426,16.3178
117383,"Gaia DR3 1940584323054654592",60.56,3.24,61.2574,0.0215,16.3452
70529,"Gaia DR3 1254695603704323712",59.54,1.73,61.2364,0.0198,\N
16069,"Gaia DR3 4673947174316727040",61.07,1.42,61.2271,0.015,16.3352
70536,"Gaia DR3 1254694882149817728",63.35,1.81,61.2005,0.0194,\N
34115,"Gaia DR3 1103079616027292416",65.44,2.88,61.1432,0.0198,16.3859
436,"Gaia DR3 4706630501049679744",62.48,0.82,61.0064,0.0193,16.4095
112447,"Gaia DR3 2719475542667772416",61.54,0.77,60.9161,0.1739,\N
114233,"Gaia DR3 2661803855688028800",63.85,2.04,60.6658,0.0215,\N
43534,"Gaia DR3 1092897519875582592",60.63,1.41,60.6141,0.0143,16.4808
8709,"Gaia DR3 356922880493142016",63.08,3.79,60.5643,0.031,\N
80268,"Gaia DR3 6049221163063960320",59.46,2.05,60.4043,0.0234,\N
91009,"Gaia DR3 2145277550935525760",60.9,0.73,60.3814,0.0352,16.5361
65355,"Gaia DR3 3712538811193759744",59.56,2.59,60.3161,0.0251,16.5016
98906,"Gaia DR3 2185710338703934976",63.23,6.44,60.2958,0.0266,\N
65352,"Gaia DR3 3712538708114516736",62.41,1.41,60.2817,0.0231,16.5769
32480,"Gaia DR3 952326504452337792",60.56,0.73,60.2024,0.0865,16.6172
23147,"Gaia DR3 256487136159035136",60.48,1.56,60.1852,0.0198,\N
5812,"Gaia DR3 4915139584039259392",60.76,1.94,60.0984,0.0141,16.6583
65143,"Gaia DR3 1472903753640492160",62.13,1.76,60.0294,0.0193,\N
6351,"Gaia DR3 4984184825454337408",59.29,1.59,59.8974,0.0142,16.6908
29568,"Gaia DR3 2913411183149615744",59.9,0.75,59.885,0.0192,16.6468
43510,"Gaia DR3 659951725379878272",55.46,3.5,59.8412,0.0306,\N
92451,"Gaia DR3 6631770869026896512",59.94,2.17,59.7805,0.0174,16.7597
92311,"Gaia DR3 4511416609607124352",58.6,1.6,59.7779,0.0182,\N
72688,"Gaia DR3 6229442835525861120",58.96,1.05,59.6388,0.0275,16.7621
105932,"Gaia DR3 6898272528885931008",61.57,2.61,59.6316,0.0328,\N
1463,"Gaia DR3 2752746111688997248",61.67,2.2,59.629,0.025,16.7354
82588,"Gaia DR3 4381250547575102208",59.04,0.87,59.4805,0.0232,16.761
19076,"Gaia DR3 53112944270520832",59.79,0.84,59.4728,0.0361,16.7968
17695,"Gaia DR3 3250328209054347264",61.45,3.02,59.432,0.0288,16.8453
99427,"Gaia DR3 2290483248388179328",59.53,0.72,59.4184,0.0142,16.8256
32769,"Gaia DR3 1003351437484254464",60.96,1.3,59.3934,0.0248,\N
116085,"Gaia DR3 2011251030583236352",59.31,0.67,59.367,0.0169,16.8333
43726,"Gaia DR3 5760701787150565888",58.5,0.88,59.3595,0.0408,16.8236
35136,"Gaia DR3 974887555341533440",59.31,0.69,59.3408,0.0535,16.8459
63550,"Gaia DR3 5863130980814698112",59.46,2.13,59.3387,0.0149,16.8219
65016,"Gaia DR3 1472718211053416320",57.52,2.3,59.3148,0.0186,\N
92283,"Gaia DR3 4503794795019024000",57.79,0.97,59.2345,0.0192,16.8606
79126,"Gaia DR3 1428030622526979968",58.53,1.06,58.9971,0.0133,16.9632
93858,"Gaia DR3 6718894388002453120",58.24,0.91,58.986,0.0376,\N
35821,"Gaia DR3 974536192658255104",61.68,1.91,58.9029,0.0224,16.9971
91608,"Gaia DR3 4105386688016878336",61.63,2.09,58.8412,0.0298,16.9185
6379,"Gaia DR3 560130775546153344",59.46,0.59,58.8125,0.0168,16.9972
47619,"Gaia DR3 5677606810060597248",61.35,3.22,58.6305,0.0205,17.0473
34065,"Gaia DR3 5559265690666326016",61.54,1.05,58.6192,0.0477,17.0425
34069,"Gaia DR3 5559265690666327168",66.29,6.81,58.6179,0.0126,17.0503
73734,"Gaia DR3 1615982823805660544",56.94,1.44,58.5446,0.0148,17.0425
32560,"Gaia DR3 943770757800160384",64.91,3.37,58.5336,0.0436,\N
39157,"Gaia DR3 876370076542359936",59.52,0.77,58.53,0.0193,17.0458
62523,"Gaia DR3 3957887649746830976",58.23,0.99,58.4858,0.0293,17.095
88694,"Gaia DR3 4038724053986441856",57.58,0.77,58.4296,0.0404,17.105
38784,"Gaia DR3 1139252071109797760",58.67,0.57,58.2919,0.0196,17.1482
86736,"Gaia DR3 4117290138348536064",57,0.79,58.2437,0.1484,17.2313
8691,"Gaia DR3 2460983348274381696",56.35,3.05,58.2409,0.0273,17.2028
25716,"Gaia DR3 3390818582171734656",57.5,2.16,58.1993,0.0216,\N
69064,"Gaia DR3 1715791060537076608",60.4,5.38,58.1479,0.0185,17.1852
69526,"Gaia DR3 1453180404823190912",57.78,1.05,58.0586,0.0228,17.2255
17414,"Gaia DR3 43335880716390784",58.09,1.98,58.0361,0.0183,17.2021
17405,"Gaia DR3 43335537119385216",61.4,2.37,58.0276,0.0291,17.1679
32010,"Gaia DR3 3382815271394515072",57.07,1.37,57.9451,0.0233,17.2463
74537,"Gaia DR3 4418203587193988480",57.8,0.85,57.9205,0.03,17.2486
39342,"Gaia DR3 5274724279107404544",57.88,0.58,57.8659,0.0167,17.2809
53486,"Gaia DR3 3865002247461685248",56.98,1.03,57.8024,0.02,17.2894
7978,"Gaia DR3 4912580642524184960",57.63,0.64,57.6409,0.0453,17.3436
12653,"Gaia DR3 4745373133284418816",58,0.55,57.6131,0.0383,17.3537
104239,"Gaia DR3 6885342959337741184",56.67,1.18,57.524,0.0209,17.316
21482,"Gaia DR3 151650076838458112",56.02,1.21,57.4873,0.0471,17.3947
76829,"Gaia DR3 5989102478619519616",57.09,0.72,57.4759,0.1312,17.4436
6005,"Gaia DR3 5013816835621197440",60.61,2.38,57.4612,0.0195,17.4036
33277,"Gaia DR3 3381727613874753536",57.89,0.9,57.4559,0.0907,17.2224
89560,"Gaia DR3 2115454019586473600",58.47,1.11,57.3415,0.0111,17.4273
70319,"Gaia DR3 3654496279558010624",56.82,1.04,57.2706,0.0375,17.4481
25283,"Gaia DR3 4819591920506512768",56.36,0.97,57.2706,0.0149,17.4917
523,"Gaia DR3 4899957905439568256",56.92,2.73,57.2316,0.0348,17.5107
100017,"Gaia DR3 2246581329639103872",56.92,0.52,57.2041,0.0208,17.467
46488,"Gaia DR3 5745027080665197696",58.17,4.02,57.1821,0.0206,17.5245
78459,"Gaia DR3 1323427759184545536",57.38,0.71,57.1076,0.0508,17.4969
80644,"Gaia DR3 4439625337884136064",56.43,1.31,57.0866,0.0234,\N
51547,"Gaia DR3 854769861377131520",57.18,1.31,57.01,0.0137,17.5175
17743,"Gaia DR3 3270590765246119168",57.59,2.56,56.987,0.0244,\N
1292,"Gaia DR3 4634528720388462592",56.76,0.53,56.9644,0.0192,17.5522
62207,"Gaia DR3 1521686782461765888",57.57,0.64,56.9588,0.0323,17.4619
18450,"Gaia DR3 4843073709303881728",56.69,0.9,56.9352,0.014,17.5208
34361,"Gaia DR3 2929062902976882304",58.04,2.46,56.9336,0.0173,17.528
64792,"Gaia DR3 3732539683617410816",55.71,0.85,56.8577,0.1224,17.5707
1696,"Gaia DR3 4978671015158662528",55.68,2.02,56.848,0.0191,\N
106557,"Gaia DR3 2171727299589482112",57.37,2.59,56.7154,0.0327,17.6702
55119,"Gaia DR3 3531296963739811200",56.96,1.4,56.6859,0.0144,17.6438
92444,"Gaia DR3 4072260704719970944",57.87,1.92,56.6602,0.018,\N
38931,"Gaia DR3 3083867749248355456",57.26,1.45,56.6412,0.0254,\N
96085,"Gaia DR3 4187837450005193088",55.5,0.9,56.5657,0.0227,17.6727
15799,"Gaia DR3 4852870701505115904",58.53,1.04,56.557,0.027,17.6202
82834,"Gaia DR3 6026895540811552512",53.54,1.69,56.5381,0.0171,17.6323
22451,"Gaia DR3 4866978844438656768",55.59,0.71,56.5374,0.0144,17.6824
106147,"Gaia DR3 6891134705556330880",55.38,1.42,56.4265,0.0236,\N
72237,"Gaia DR3 1234693112077610880",56.87,1.29,56.3664,0.0163,17.7489
57507,"Gaia DR3 3480332916165099904",56.26,0.77,56.3626,0.0169,17.7299
52341,"Gaia DR3 5443051537858529792",61.18,3.85,56.3104,0.016,\N
98819,"Gaia DR3 1821708351374312064",56.6,0.76,56.2693,0.0433,17.7486
77801,"Gaia DR3 1191518146611956096",57.27,0.88,56.2405,0.2206,17.7563
38594,"Gaia DR3 5602386058511578368",51.16,1.57,56.2356,0.0127,\N
17651,"Gaia DR3 5087043657197267200",55.79,0.69,56.2281,0.1393,17.9003
42267,"Gaia DR3 657608666099404544",52.66,15.21,56.1118,0.0247,17.8344
73457,"Gaia DR3 6313600142709958144",51.26,1.76,56.0678,0.0258,17.834
39826,"Gaia DR3 676689831406224128",58.42,2.51,56.0084,0.0204,17.857
54227,"Gaia DR3 3868080055385587840",54.9,4.62,55.9882,0.0213,17.8706
25421,"Gaia DR3 2904830113367963264",55.76,0.76,55.9858,0.0165,17.8571
3206,"Gaia DR3 369092520004831232",57.9,0.98,55.8412,0.0235,17.8925
17749,"Gaia DR3 493650660400463488",57.53,2.68,55.8254,0.0135,17.8962
1936,"Gaia DR3 2322574488107786624",55.53,1.08,55.8243,0.0247,17.9
98204,"Gaia DR3 4188997606567280384",52.92,1.48,55.8238,0.0247,17.9498
98959,"Gaia DR3 6427244702486210816",56.45,0.74,55.7654,0.0245,17.9264
83020,"Gaia DR3 1408029509584967168",55.71,1.21,55.7508,0.0164,17.9319
83006,"Gaia DR3 1408029436569383296",57.13,0.71,55.7183,0.0159,17.9064
69965,"Gaia DR3 6270906415441316224",56.23,0.94,55.59,0.0531,17.9841
47690,"Gaia DR3 819750862709551360",56.23,1.12,55.5758,0.0258,17.9812
1734,"Gaia DR3 2316867885320845696",54.91,2.19,55.4757,0.0204,\N
46843,"Gaia DR3 646255212109355136",56.35,0.89,55.3291,0.0206,17.9979
65721,"Gaia DR3 3740176925743994752",55.22,0.73,55.2511,0.0779,\N
6069,"Gaia DR3 2564324345929277184",65.3,14.87,55.2482,0.0214,18.1302
14731,"Gaia DR3 4267552520347776",57.53,4.24,55.2406,0.0328,\N
94557,"Gaia DR3 4516199313406309504",52.45,2.75,55.1862,0.0439,\N
36357,"Gaia DR3 892215482207937152",56.98,1.24,55.1857,0.0234,18.0957
107350,"Gaia DR3 1772187382746856320",54.37,0.85,55.148,0.0348,18.1263
66147,"Gaia DR3 3719665845564967552",54.15,1.03,55.1239,0.0266,18.1298
55848,"Gaia DR3 3812355294262255104",55.59,3.31,55.0618,0.0304,\N
84460,"Gaia DR3 4540061704989418240",55.24,2.22,55.0169,0.0287,18.1033
55846,"Gaia DR3 3812355328621651328",56.59,1.4,55.009,0.024,18.155
61413,"Gaia DR3 3903318372263850368",55.79,2.75,54.9739,0.0269,18.1061
72567,"Gaia DR3 1265976524286377856",55.73,0.8,54.9502,0.0343,18.1872
32439,"Gaia DR3 1141280704422528128",56.02,0.53,54.938,0.0595,18.1976
22907,"Gaia DR3 4879850208590379904",55.67,0.9,54.9199,0.0173,18.1933
40843,"Gaia DR3 683184784030475520",55.17,0.93,54.8749,0.0906,18.2117
56466,"Gaia DR3 3540112504374165888",56.35,2.06,54.8476,0.0248,\N
64583,"Gaia DR3 6062166950467100032",55.49,0.65,54.8247,0.0809,18.195
61174,"Gaia DR3 3526420114274019456",54.92,0.66,54.8135,0.1562,18.3298
55066,"Gaia DR3 3561574971346845440",56.87,1.68,54.7921,0.0192,18.2696
46816,"Gaia DR3 5739942011185493888",54.52,0.99,54.7362,0.0244,\N
83389,"Gaia DR3 1359938520253565952",55.37,0.55,54.7359,0.0176,18.2582
89517,"Gaia DR3 4497494077967197568",52.57,4.26,54.7331,0.0159,\N
83541,"Gaia DR3 6029992663310612096",55.31,0.89,54.726,0.0236,18.2188
116763,"Gaia DR3 2324785228033780608",53.52,0.86,54.7193,0.0254,18.2715
26394,"Gaia DR3 4623036865373793408",54.92,0.45,54.6825,0.0354,18.2794
49699,"Gaia DR3 747266452000257280",55.37,0.94,54.6678,0.0295,\N
104059,"Gaia DR3 6882393725554653056",52.26,3.06,54.6176,0.0171,18.245
69485,"Gaia DR3 3640244581637740416",51.06,1.74,54.5892,0.0189,18.2982
33690,"Gaia DR3 5479222240596469632",54.33,0.54,54.5252,0.0145,18.3191
54810,"Gaia DR3 3815264842546968192",55.72,1.29,54.5058,0.0211,\N
85561,"Gaia DR3 4111366313257506560",55.03,1.68,54.3668,0.022,18.3649
96441,"Gaia DR3 2135110401277424384",53.78,0.47,54.2702,0.086,18.4115
42499,"Gaia DR3 602079652404802688",53.98,1.04,54.2513,0.0225,\N
19921,"Gaia DR3 4678664766393829504",54.84,0.5,54.2286,0.1019,\N
32362,"Gaia DR3 3352485999058854912",57.02,0.83,54.1894,0.2369,\N
109422,"Gaia DR3 6612242034982766848",53.36,0.82,54.1773,0.094,18.3452
38939,"Gaia DR3 5698188160215537920",54.91,1.15,54.1565,0.0183,\N
44295,"Gaia DR3 610304720934423424",54.57,3.21,54.1456,0.0189,\N
100223,"Gaia DR3 6669657123437047424",55.73,1.29,54.0441,0.0287,18.4031
18915,"Gaia DR3 219057458247921536",54.14,1.08,54.0422,0.026,18.4522
81018,"Gaia DR3 4459548626016199168",61.08,5.13,54.0197,0.0436,\N
84616,"Gaia DR3 1416124285987232256",53.97,0.68,53.9817,0.015,18.5164
10531,"Gaia DR3 520377795206114688",42.46,2.51,53.8413,0.0167,18.5691
29525,"Gaia DR3 3330062833797919744",55.2,0.96,53.7653,0.0317,18.5701
117059,"Gaia DR3 2871730307948650368",60.11,11.58,53.7619,0.0269,\N
80440,"Gaia DR3 6051948158061617024",55.81,2.19,53.7389,0.0213,18.6503
8382,"Gaia DR3 97993497084921984",48.23,4.35,53.7337,0.0362,18.7077
7170,"Gaia DR3 5042734468172061440",56.42,2.12,53.6727,0.0259,\N
32919,"Gaia DR3 954713853434626176",53.12,1.23,53.6322,0.0178,\N
15095,"Gaia DR3 5073448642595674752",54.48,1.39,53.5543,0.0178,18.625
21086,"Gaia DR3 3177407910705445888",49.73,3.24,53.4785,0.0192,18.7133
18859,"Gaia DR3 3256786534197166208",52,0.75,53.4559,0.0702,18.6935
62471,"Gaia DR3 3498481592531208576",53.29,9.2,53.3987,0.0195,18.7005
54373,"Gaia DR3 3552000252294347392",53.75,1.94,53.3784,0.0164,18.7452
62472,"Gaia DR3 3498481519515679872",50.31,3.19,53.3334,0.0255,18.7752
19422,"Gaia DR3 493935296471302784",54.17,0.79,53.2562,0.017,18.7678
72146,"Gaia DR3 1185619988280226944",51.2,0.98,53.1607,0.0213,18.8012
90656,"Gaia DR3 4270446404294208000",53.3,1.05,53.1586,0.0295,18.7931
48113,"Gaia DR3 821455861647126656",54.26,0.74,53.1277,0.0773,18.7227
3850,"Gaia DR3 2348830516542653824",53.09,1.02,53.0526,0.0282,18.8564
33428,"Gaia DR3 888957972853029632",53.67,1.86,52.9767,0.0182,18.8979
910,"Gaia DR3 2416611663182821120",52.94,0.77,52.9489,0.0958,18.8917
4151,"Gaia DR3 427322415301550208",53.85,0.6,52.9017,0.1037,18.8669
115147,"Gaia DR3 2282846074981010688",50.65,0.64,52.7838,0.0137,18.9496
34017,"Gaia DR3 887822001246832384",52.37,0.84,52.7712,0.0438,\N
44897,"Gaia DR3 714116137767540096",52.25,0.87,52.7709,0.0309,18.9322
110534,"Gaia DR3 6504705571539380992",51.57,1.98,52.6948,0.0179,19.0048
4012,"Gaia DR3 424422281584852352",54.23,2.12,52.6723,0.0138,\N
82283,"Gaia DR3 4134107168607042816",55.09,2.22,52.6543,0.0198,18.9387
14165,"Gaia DR3 5152365363828101632",47.81,3.85,52.6437,0.0343,\N
98921,"Gaia DR3 2061876742143320064",52.99,0.55,52.5334,0.0295,19.0581
73786,"Gaia DR3 1156846524895814144",52.11,1.97,52.5048,0.0235,\N
86141,"Gaia DR3 1651235193817400448",52.57,0.73,52.4929,0.0167,19.0508
89962,"Gaia DR3 4269932382607207040",52.81,0.75,52.4413,0.2036,\N
102235,"Gaia DR3 6858312737278836736",50.17,13.14,52.4349,0.0195,\N
89825,"Gaia DR3 4270814637616488064",51.81,1.43,52.3963,0.0171,\N
33955,"Gaia DR3 3052753116376444800",53.47,1.13,52.3188,0.0195,19.0857
90945,"Gaia DR3 6651058467639413248",53,1.18,52.2903,0.0223,19.1012
1860,"Gaia DR3 540136568911394944",50.71,2.72,52.2692,0.0118,19.0837
75201,"Gaia DR3 6335064087152916224",52.95,1.55,52.21,0.0166,19.1415
25775,"Gaia DR3 4805806449875760384",51.56,3.73,52.1963,0.0123,19.1608
110400,"Gaia DR3 6404403585367962752",62.4,3.67,52.1842,0.0189,\N
115445,"Gaia DR3 2436812303124645504",51.37,1.25,52.1643,0.0275,19.1685
1092,"Gaia DR3 565169459378433152",51.12,3.31,51.9777,0.0157,19.1953
40375,"Gaia DR3 650337664425397632",54.53,1.26,51.9745,0.0248,19.2125
98677,"Gaia DR3 1807953155988203264",51.71,0.83,51.9167,0.0184,19.22
7235,"Gaia DR3 5038817840251308288",51.27,0.88,51.9067,0.0214,19.2388
15771,"Gaia DR3 4737533134341791872",50.16,5.62,51.8252,0.012,19.2742
15774,"Gaia DR3 4737533237421005952",50.64,1.73,51.8155,0.0142,\N
56829,"Gaia DR3 772395274857111552",50.61,1.15,51.8077,0.1151,\N
100925,"Gaia DR3 6796392812250051712",51.5,0.82,51.7989,0.0192,19.2758
112800,"Gaia DR3 1891459758430361088",52.82,3.04,51.7718,0.0362,\N
72312,"Gaia DR3 3655492127855307136",50.84,1.04,51.7643,0.0262,19.3131
92043,"Gaia DR3 4530744134231683840",52.37,0.68,51.6743,0.1214,19.8054
57459,"Gaia DR3 3573119499842945280",48.95,3,51.5762,0.0427,\N
1720,"Gaia DR3 4978625041828782848",50.1,3.98,51.5693,0.0446,\N
69824,"Gaia DR3 1505214930047542784",53.64,1.33,51.4578,0.0131,\N
39757,"Gaia DR3 5698015743046182272",51.99,0.66,51.3999,0.2445,\N
103859,"Gaia DR3 2163558855915068416",51.65,0.72,51.3935,0.018,19.4479
25544,"Gaia DR3 4759543295545939840",51.1,0.52,51.3371,0.0175,19.4486
40702,"Gaia DR3 5210240327318434304",51.4,0.49,51.3172,0.0981,19.5077
97675,"Gaia DR3 4303294039306246656",51.57,0.77,51.3133,0.0898,19.4711
57959,"Gaia DR3 3595317540095019520",48.63,3.34,51.249,0.0322,19.5225
76315,"Gaia DR3 1603267143629157120",52.43,0.74,51.2222,0.0171,19.5548
73996,"Gaia DR3 1264630412816366720",50.7,0.76,51.1875,0.0879,19.5272
98130,"Gaia DR3 6748283784056800384",52.11,1.14,51.1573,0.025,19.5451
112527,"Gaia DR3 2299942278201276288",50.15,0.64,51.1561,0.0184,\N
113850,"Gaia DR3 6514632718428652928",48.15,1.93,51.1494,0.0175,19.59
34890,"Gaia DR3 5285775539195330560",50.02,0.95,51.0539,0.0156,19.5928
29800,"Gaia DR3 3331979901042416512",51,0.9,51.0518,0.0969,19.5807
14555,"Gaia DR3 5059643105878789632",52.38,5.03,51.0086,0.0187,19.6166
85042,"Gaia DR3 4367026303085396352",51.39,0.85,50.9694,0.0251,19.6112
99711,"Gaia DR3 4224259562941398400",50.27,1.13,50.9432,0.023,19.6068
46626,"Gaia DR3 5630532113072532736",51.71,0.91,50.9427,0.0189,19.6771
27321,"Gaia DR3 4792774797545800832",51.87,0.51,50.9307,0.1482,19.8294
3261,"Gaia DR3 5006921282807193856",50.29,1.93,50.9245,0.0197,\N
109812,"Gaia DR3 1892539307049423872",50.56,1.68,50.8194,0.0269,\N
59072,"Gaia DR3 6053245135154609280",50.79,0.51,50.7919,0.1049,19.6966
113605,"Gaia DR3 2383999392388000640",49.36,3.19,50.7776,0.0172,19.7086
113602,"Gaia DR3 2384000217021721600",49.15,3.03,50.7631,0.019,\N
75277,"Gaia DR3 1209182041427374080",49.67,0.92,50.7454,0.018,19.6938
65669,"Gaia DR3 6189329043571426944",48.04,2.95,50.6361,0.0263,19.6884
115123,"Gaia DR3 6490470881687779968",51.97,1.17,50.6228,0.0182,19.7468
98505,"Gaia DR3 1827242816201846144",51.94,0.87,50.5668,0.0162,19.7679
59296,"Gaia DR3 6143175840408947840",49.72,1,50.5536,0.0248,19.7741
62229,"Gaia DR3 6060965699625586176",49.71,0.95,50.5533,0.0201,\N
83405,"Gaia DR3 4364314662596822528",44.29,8.22,50.5513,0.0198,\N
10072,"Gaia DR3 5148602083419126016",50.34,3.34,50.5071,0.0265,\N
112120,"Gaia DR3 2832827391830929920",47.13,2.96,50.4653,0.0411,19.8743
107346,"Gaia DR3 1954559047126247808",49.27,1.43,50.4101,0.0137,19.8271
117197,"Gaia DR3 2879203933297161088",50.78,1.58,50.3962,0.0158,19.8117
54651,"Gaia DR3 3566643651231641600",47.85,1.26,50.3036,0.0166,19.8309
117779,"Gaia DR3 2867175035571212416",44.62,3.88,50.2282,0.0153,19.8932
100490,"Gaia DR3 6467586746181270528",50.36,1.84,49.9215,0.0235,19.9933
71311,"Gaia DR3 1287752248996223488",49.11,1.27,49.8852,0.0136,20.0419
82694,"Gaia DR3 4448223656247483904",52.43,1.97,49.8011,0.0147,20.0743
113421,"Gaia DR3 2648914040357320576",50.71,0.75,49.7846,0.0263,\N
9044,"Gaia DR3 4714571105305843456",50.76,0.78,49.7123,0.0192,\N
55625,"Gaia DR3 3914019231742221568",47.1,2.37,49.5809,0.0189,20.141
1842,"Gaia DR3 4972971284318252160",47.4,2.63,49.5628,0.0202,20.2337
50505,"Gaia DR3 806000816970521728",48.45,0.85,49.5415,0.0234,20.089
16445,"Gaia DR3 41840029505514496",41.67,9.1,49.5329,0.0357,\N
62374,"Gaia DR3 1542683331386097280",49.89,2.32,49.5087,0.0336,\N
105152,"Gaia DR3 2689454850844597504",52.03,1.23,49.4804,0.0223,\N
1532,"Gaia DR3 2428162410789155328",48.17,1.73,49.4757,0.0178,20.1991
94346,"Gaia DR3 2143016302194287488",50,0.54,49.4679,0.0164,20.1754
45333,"Gaia DR3 1040054235130174080",51.12,0.72,49.4145,0.1544,20.1511
71855,"Gaia DR3 5793182631952977920",49.15,0.64,49.3686,0.0156,20.244
36215,"Gaia DR3 866016662739803008",50.93,2.71,49.3444,0.0174,\N
41689,"Gaia DR3 1090049716041842816",52.33,1.73,49.2888,0.0166,\N
27803,"Gaia DR3 3022099969137163904",49.74,1.66,49.2485,0.0185,\N
33852,"Gaia DR3 978615483876384000",48.96,0.97,49.2428,0.0226,20.2928
113944,"Gaia DR3 2212272649844661504",49.94,1.04,49.2046,0.0105,20.3199
81375,"Gaia DR3 4383374219923745024",49.63,0.92,49.2036,0.0222,20.319
58451,"Gaia DR3 3494677900774838144",48.04,1.03,49.147,0.0235,20.3647
115341,"Gaia DR3 1937923436193950080",47.66,0.96,49.1236,0.0181,20.3506
68570,"Gaia DR3 1229977414080680192",51.21,2.17,49.1193,0.0196,\N
108156,"Gaia DR3 1898230241798771584",49.21,0.93,49.0785,0.023,20.3649
21770,"Gaia DR3 4815660547961306112",49.67,0.53,49.062,0.0937,20.4143
36439,"Gaia DR3 976893923544104576",50.25,0.81,49.0145,0.1406,20.4236
66222,"Gaia DR3 3714667225186824064",48.78,1.62,48.9678,0.0257,\N
24783,"Gaia DR3 2962193318618221056",49.34,2.13,48.9655,0.0142,20.4021
44376,"Gaia DR3 585132295569511168",48.92,4.06,48.9558,0.0231,20.4622
19893,"Gaia DR3 4781833626056162688",49.26,0.5,48.9494,0.1689,20.4509
5410,"Gaia DR3 5041018993810217984",46.11,3.65,48.9332,0.0482,20.322
26505,"Gaia DR3 215395053733297024",48.72,1,48.9274,0.0214,\N
99452,"Gaia DR3 1809360187275432832",48.83,0.91,48.9262,0.023,20.4179
114948,"Gaia DR3 6489909443564308224",48.6,0.6,48.9174,0.0356,20.4408
70016,"Gaia DR3 3642413746280598784",48.12,1.11,48.9015,0.0445,\N
64408,"Gaia DR3 6141742283401003264",48.83,0.79,48.8691,0.1058,\N
31592,"Gaia DR3 2939555954755196160",50.41,0.7,48.849,0.1323,\N
18267,"Gaia DR3 43499295632961152",48.36,1.02,48.849,0.0207,20.4674
66252,"Gaia DR3 3630092241022731136",50.54,0.99,48.8225,0.0224,20.4863
94225,"Gaia DR3 6661911579416783616",49.84,1.51,48.8217,0.1339,\N
103768,"Gaia DR3 6781117812601143168",48.87,1.71,48.7902,0.0225,\N
43790,"Gaia DR3 577602496345490176",49.92,2.2,48.7404,0.0184,20.489
48411,"Gaia DR3 3847128380281953664",47.69,1.53,48.7236,0.0276,20.6056
5286,"Gaia DR3 2791782794564103808",48.2,1.06,48.6807,0.0323,20.5587
83601,"Gaia DR3 4381502851133968128",49.06,0.89,48.5672,0.0385,20.4599
114924,"Gaia DR3 1995681125599758592",49.31,0.58,48.5197,0.0463,20.5962
1031,"Gaia DR3 4918476567469050624",49.18,0.78,48.4289,0.0177,20.5886
81563,"Gaia DR3 1413099460779606528",45.89,1.98,48.3652,0.0163,20.6859
36704,"Gaia DR3 898639447612575104",50.8,1.29,48.3563,0.0209,20.6516
75722,"Gaia DR3 6317854118838346752",48.06,1.14,48.3452,0.0288,20.6652
116645,"Gaia DR3 6536984484150014720",54.15,3.39,48.2653,0.0254,20.6962
7646,"Gaia DR3 2510475768254568832",52.95,2.92,48.2163,0.0307,\N
36551,"Gaia DR3 3165287719154543232",47.09,1.28,48.2028,0.0178,20.7792
27323,"Gaia DR3 4794632903476180096",48.2,1.06,48.1292,0.0112,20.7698
25110,"Gaia DR3 553480551264062848",47.66,0.52,48.1098,0.0727,20.8123
11439,"Gaia DR3 5067008970494311936",48.01,1.94,48.0984,0.0196,20.8011
112978,"Gaia DR3 6609167869190786688",51.42,2.9,48.0883,0.0191,20.848
84195,"Gaia DR3 4548462729742343296",48.69,1.03,48.0464,0.0191,\N
96183,"Gaia DR3 2018474482692959232",49.61,0.94,47.9716,0.0172,20.8348
116384,"Gaia DR3 2646280705713202816",51.8,1.74,47.9641,0.0236,20.7659
112312,"Gaia DR3 6603693881832177792",42.35,3.37,47.9218,0.0252,\N
65530,"Gaia DR3 1665517334465010432",46.86,0.55,47.8881,0.0163,20.8653
27207,"Gaia DR3 3456337827237371264",48.6,1.03,47.8551,0.0196,20.8615
69671,"Gaia DR3 6096524382383054720",47.51,0.78,47.8421,0.0416,20.878
98679,"Gaia DR3 6667318634003429504",84.75,11.17,47.8413,0.0206,20.8853
46343,"Gaia DR3 1124490096714712960",49.84,1.04,47.8351,0.0147,20.9131
4473,"Gaia DR3 4710180171260274816",51.66,1.07,47.8295,0.0117,20.9079
97223,"Gaia DR3 2032017717217569152",48.49,1.23,47.8092,0.0141,20.9176
80612,"Gaia DR3 4344429586787123072",46.19,2.85,47.7832,0.0206,20.8753
108890,"Gaia DR3 6558265325547297536",45.87,8.09,47.7566,0.025,\N
102040,"Gaia DR3 1814241194252808704",47.65,0.76,47.7457,0.0197,20.8942
39950,"Gaia DR3 676804558572501120",46.27,3.3,47.7385,0.0215,20.9773
108380,"Gaia DR3 2724890053318383232",50.43,2.48,47.7227,0.0237,20.9051
86486,"Gaia DR3 5946685759563224960",45.72,0.79,47.7045,0.1368,21.1053
18324,"Gaia DR3 474648763011926272",46.95,0.95,47.6976,0.0181,20.9585
97295,"Gaia DR3 2035035223783462400",47.94,0.54,47.6516,0.0675,20.9738
7734,"Gaia DR3 350664155368182656",46.73,0.8,47.5821,0.0247,21.0001
64457,"Gaia DR3 3684934540986187776",48.95,1.06,47.5529,0.0291,21.0261
16242,"Gaia DR3 5162123155863791744",46.16,1.88,47.5505,0.0141,20.9937
44072,"Gaia DR3 684865658135318144",48.53,1.28,47.5501,0.0193,21.0142
96702,"Gaia DR3 2263910113928117632",45.88,1.29,47.5306,0.014,\N
14633,"Gaia DR3 548172349642820352",46.91,1.35,47.5129,0.0112,21.0134
7339,"Gaia DR3 532057254394731776",47.65,0.6,47.5108,0.0171,21.024
63480,"Gaia DR3 6155259541913716608",49.95,1.78,47.5075,0.0188,21.0615
23140,"Gaia DR3 259731623173675904",51.51,2.45,47.4968,0.018,21.007
114416,"Gaia DR3 6387649914378668160",48.05,1.05,47.478,0.0177,21.0228
3418,"Gaia DR3 362082308742525824",48.16,1.04,47.4451,0.0198,21.1389
77725,"Gaia DR3 4456127942261895808",44.27,1.56,47.4303,0.1461,\N
114719,"Gaia DR3 2386898972054841088",51.44,5.79,47.4196,0.0173,21.0978
77514,"Gaia DR3 1404213517041788800",57.78,3.37,47.4181,0.0159,\N
103389,"Gaia DR3 6802426038708609536",47.61,0.95,47.3886,0.0696,21.0787
51819,"Gaia DR3 1147862174868109184",47.55,0.6,47.3879,0.0138,21.0379
4845,"Gaia DR3 2473055951588089088",46.22,4.48,47.3825,0.0176,\N
96901,"Gaia DR3 2135550755683407232",46.7,0.52,47.3302,0.0171,21.1048
96895,"Gaia DR3 2135550755683405952",46.25,0.5,47.3239,0.0197,21.1208
96113,"Gaia DR3 6741156023833749504",45.34,1.43,47.3123,0.0272,21.1075
42074,"Gaia DR3 3073562610873679872",45.95,1.01,47.258,0.0223,21.087
19335,"Gaia DR3 225668203191521280",46.87,0.77,47.1878,0.0734,21.1774
14150,"Gaia DR3 115311458058061440",47.25,0.89,47.181,0.0219,21.175
105533,"Gaia DR3 1745568309317609088",48.28,1.61,47.1387,0.0146,21.1827
50564,"Gaia DR3 624684408880100992",47.24,0.82,47.1255,0.1679,21.3211
12110,"Gaia DR3 5125414998097353600",47.04,1.04,47.0903,0.0223,21.2224
83988,"Gaia DR3 1420000579871414528",47.14,1.88,47.0874,0.0139,21.2293
92417,"Gaia DR3 4279492361332301056",45.88,1.98,47.0769,0.0184,21.3041
83996,"Gaia DR3 1419999819661235840",47.86,3.11,47.0692,0.0117,21.2087
105336,"Gaia DR3 6399966162596931712",50.15,3.31,47.0217,0.306,\N
52708,"Gaia DR3 5470514142863169280",49.51,1.27,46.9703,0.0197,21.252
47395,"Gaia DR3 793785826901083520",41.66,3.97,46.9695,0.0424,21.4501
34834,"Gaia DR3 5509770796785820416",47.22,0.53,46.9031,0.1185,21.4153
12749,"Gaia DR3 5173999736868992512",42.19,3.45,46.8921,0.0271,21.4318
1803,"Gaia DR3 2423493369021649920",49.05,0.91,46.8742,0.027,21.3251
80366,"Gaia DR3 4329057039841257728",46.44,1.2,46.8687,0.0276,21.3381
109378,"Gaia DR3 2619706544757416192",46.97,0.79,46.8515,0.0283,21.3246
44075,"Gaia DR3 5730371484020807808",46.9,0.97,46.6872,0.0423,21.3879
115331,"Gaia DR3 1937003729077791616",45.63,0.83,46.6599,0.0228,21.4042
103458,"Gaia DR3 6484716209628726912",46.26,0.81,46.5855,0.029,21.4625
102300,"Gaia DR3 2245095683274908672",46.11,1.76,46.5841,0.0194,21.4405
60475,"Gaia DR3 3908605030329021440",47.11,1.95,46.5478,0.0198,21.5191
52462,"Gaia DR3 5455707157211784832",46.36,0.84,46.4931,0.0198,21.4291
78527,"Gaia DR3 1623289903206300928",47.79,0.54,46.4665,0.136,21.3807
3876,"Gaia DR3 536088338900732544",46.47,0.7,46.4272,0.0165,21.5381
96710,"Gaia DR3 6766734242006157568",44.84,1.91,46.3965,0.0189,21.5468
54906,"Gaia DR3 3997075206232885888",46.95,0.97,46.3763,0.0221,21.5112
63894,"Gaia DR3 1555608537246019968",45.69,1.25,46.3585,0.0111,21.5534
112190,"Gaia DR3 2623505219992303104",46.46,1.31,46.3324,0.0238,21.5634
61451,"Gaia DR3 6158160019228728448",46.19,0.91,46.2778,0.0373,21.6287
88499,"Gaia DR3 4606406992522938240",46.71,1.85,46.2491,0.0127,\N
24472,"Gaia DR3 3207120455805080832",41.94,3.43,46.2462,0.0141,\N
65515,"Gaia DR3 1565867461768654208",45.76,0.72,46.1911,0.0136,21.5813
85653,"Gaia DR3 1362295082910131200",44.77,0.59,46.1856,0.0147,21.589
77408,"Gaia DR3 4422809716282811776",46.84,1.05,46.1575,0.0175,21.5846
99764,"Gaia DR3 4216680418835844864",49.03,1.74,46.1393,0.0176,21.6553
3362,"Gaia DR3 365548347350541952",42.03,1.98,46.1253,0.0189,\N
15332,"Gaia DR3 111379432679196672",47.29,3.44,46.0608,0.0203,21.6509
950,"Gaia DR3 2309813109479463040",45.85,0.66,46.0425,0.0961,21.6819
6290,"Gaia DR3 413391568618906880",52.71,5.18,46.0083,0.0143,\N
687,"Gaia DR3 2772804845911842944",45.64,1.92,45.9905,0.0205,\N
36515,"Gaia DR3 5586381090520538880",45.93,0.58,45.9738,0.0172,21.7448
102207,"Gaia DR3 6857939315643803776",47.39,4.04,45.933,0.0428,\N
29650,"Gaia DR3 3374052988354372992",47.33,0.86,45.9214,0.2358,21.8258
109821,"Gaia DR3 6569895822110445440",45.19,0.71,45.9146,0.0404,21.7732
16245,"Gaia DR3 4674061076849768832",46.65,0.48,45.9103,0.0934,21.8073
69414,"Gaia DR3 3646061719703116032",44.89,1.01,45.8954,0.0304,21.7444
75829,"Gaia DR3 1720995598827436928",46.05,0.69,45.8939,0.0163,21.7345
88976,"Gaia DR3 4591351448523805312",43.68,7.73,45.8818,0.0127,\N
75809,"Gaia DR3 1720995598827435648",45.32,0.57,45.8428,0.0203,21.813
21988,"Gaia DR3 154660191781205120",44.74,0.99,45.7791,0.0208,21.8124
30503,"Gaia DR3 2898239468873596800",45.38,0.63,45.6782,0.0166,21.8886
108467,"Gaia DR3 2280191304155597184",47.95,1.08,45.6642,0.01,\N
17496,"Gaia DR3 36590651757883392",45.87,1.44,45.6261,0.0234,21.8802
109926,"Gaia DR3 2005798350576886144",46.62,0.67,45.5913,0.0168,21.9228
41484,"Gaia DR3 918107434852949888",45.89,0.84,45.5826,0.0208,21.9228
50921,"Gaia DR3 5461620846141553024",45.26,0.75,45.5628,0.0214,21.9278
118008,"Gaia DR3 2307132568850133376",45.28,1.11,45.5495,0.0233,21.8939
14587,"Gaia DR3 4723578819956587776",46.54,1.03,45.5286,0.0126,21.941
85126,"Gaia DR3 5979367986779538432",42.5,4.11,45.4993,0.0172,\N
88348,"Gaia DR3 4582680493669880704",45.61,0.71,45.4954,0.0167,\N
15360,"Gaia DR3 5058175086056319616",42.72,2.53,45.4521,0.0149,\N
67105,"Gaia DR3 3725115471868587904",47.63,1.16,45.4298,0.03,\N
8043,"Gaia DR3 301785537751949824",48.11,2.01,45.4239,0.0196,22.0834
3497,"Gaia DR3 4708607629114652032",45.76,0.56,45.3559,0.0178,22.0445
77622,"Gaia DR3 4426032591025363200",46.39,0.74,45.3293,0.2499,21.586
51523,"Gaia DR3 5357075947709011456",45.72,0.51,45.3276,0.0662,22.1021
19855,"Gaia DR3 3285218255623808640",47.86,1.15,45.3076,0.0236,22.0546
19859,"Gaia DR3 3285218186904332288",47.2,1.08,45.3005,0.0279,22.0518
59378,"Gaia DR3 1536232908980349952",47.05,1.88,45.2827,0.0148,\N
75253,"Gaia DR3 6316161317608434944",45.83,1.41,45.2799,0.0294,22.0449
54704,"Gaia DR3 3532823773073745536",46.22,0.84,45.2482,0.0228,21.9785
33805,"Gaia DR3 1002898644851988352",43.88,2.21,45.2441,0.0165,\N
114156,"Gaia DR3 2384342302577019264",47.36,1.88,45.2361,0.0182,22.0939
21284,"Gaia DR3 4791496409119237888",44.52,0.8,45.2326,0.0155,22.0939
49544,"Gaia DR3 3836586468953204608",44.77,1.96,45.2317,0.0205,22.0902
98828,"Gaia DR3 1834788970646666112",46.28,0.91,45.2187,0.0174,22.1011
55210,"Gaia DR3 3786697056556771584",45.48,1,45.1803,0.024,22.0522
107310,"Gaia DR3 1801210568415251072",44.64,0.69,45.156,0.1221,22.0802
98470,"Gaia DR3 6698960688866464768",47.9,1.06,45.1537,0.0551,22.1346
44263,"Gaia DR3 583257319006770176",40.77,6.57,45.1497,0.0375,\N
1837,"Gaia DR3 2315390347851431680",44.97,1.15,45.1443,0.02,22.1389
96121,"Gaia DR3 4287473578816247936",43.86,1.92,45.1424,0.0193,\N
7554,"Gaia DR3 4917782741272766592",45.79,1.63,45.1199,0.014,22.2031
75542,"Gaia DR3 6213789290343029760",40.92,1.57,45.0982,0.0202,22.1653
15973,"Gaia DR3 4847829165813317504",40.18,1.9,45.0929,0.0862,\N
31878,"Gaia DR3 5479782647926975360",45.56,0.91,45.0333,0.0116,22.1651
110980,"Gaia DR3 2702655587447223168",45.69,1.92,45.0254,0.0244,\N
3998,"Gaia DR3 2788907296779604864",45.71,1.66,45.0219,0.0221,22.0915
50808,"Gaia DR3 5254819339127880448",49.88,2.71,45.0178,0.0193,22.2763
87322,"Gaia DR3 4175058204312299904",45.67,2.06,45.0168,0.0151,22.2377
5215,"Gaia DR3 2783324526489670144",45.24,2.56,44.9835,0.0411,\N
107022,"Gaia DR3 6370513647703084544",45.17,0.67,44.976,0.0158,22.2192
110951,"Gaia DR3 2738145555048846080",44.34,1.81,44.9089,0.0188,22.2563
50384,"Gaia DR3 725398123501434496",44.01,0.75,44.9008,0.0699,\N
61053,"Gaia DR3 1569335115284976000",45.58,0.62,44.8247,0.0187,22.2965
42697,"Gaia DR3 5524815861065005696",44.73,0.79,44.8234,0.0148,22.2334
27288,"Gaia DR3 2996171698248699904",46.47,0.68,44.794,0.2466,23.6063
82333,"Gaia DR3 1352483797057853440",44.16,1.15,44.6995,0.0098,\N
38228,"Gaia DR3 875071278432954240",45.84,0.89,44.6848,0.0228,22.3385
40774,"Gaia DR3 3089675232224086784",42.89,1.32,44.6757,0.0233,22.4502
3535,"Gaia DR3 2549518150551364864",45.43,0.95,44.6601,0.0242,22.3443
3979,"Gaia DR3 2525514785221197696",45.27,0.97,44.5912,0.0238,22.2948
50075,"Gaia DR3 5459060117921483008",43.98,0.72,44.5792,0.02,22.4204
84143,"Gaia DR3 5965222838410499328",45.56,0.79,44.5711,0.2362,21.8956
26844,"Gaia DR3 3347826784173590656",46.51,2.35,44.5629,0.0201,\N
76375,"Gaia DR3 1389522392427772288",44.93,0.73,44.5624,0.0146,22.4319
6365,"Gaia DR3 4933912198895807104",42.73,3.53,44.5348,0.0267,\N
56153,"Gaia DR3 5342789374661206784",44.97,0.99,44.5337,0.0188,22.4377
36210,"Gaia DR3 5493588665684618752",44.43,0.53,44.5122,0.0142,22.4678
109527,"Gaia DR3 1906647037667895424",44.57,0.79,44.488,0.0179,22.4575
8867,"Gaia DR3 518458597663391744",45.16,1.09,44.4745,0.0162,22.4761
13642,"Gaia DR3 116037204451525376",43.71,1.26,44.4324,0.0206,22.384
87768,"Gaia DR3 4503423641091793152",43.4,2.21,44.4306,0.0133,22.4983
65083,"Gaia DR3 3686261307923490688",48.18,3.05,44.3909,0.0247,22.5348
115680,"Gaia DR3 2761162254724651776",42.25,2.13,44.3565,0.0299,22.5005
40035,"Gaia DR3 5725122999630404096",44.47,0.77,44.3395,0.0531,22.5273
107968,"Gaia DR3 2693940725141960192",39.84,4.47,44.3255,0.0428,\N
112870,"Gaia DR3 2720132500864789760",47.56,1.18,44.3104,0.029,22.4106
47201,"Gaia DR3 641154096631794432",45.51,1.49,44.3085,0.0169,\N
67761,"Gaia DR3 6293916376311538944",41.19,3.43,44.2987,0.0327,22.693
111888,"Gaia DR3 2704912403783213696",44.1,1.12,44.2984,0.0269,22.546
5663,"Gaia DR3 5040737312674978816",45.4,1.55,44.1914,0.0177,\N
59616,"Gaia DR3 3488261563231724032",42.1,2.48,44.1628,0.016,22.6744
66193,"Gaia DR3 1469230212276302080",43.66,1.2,44.0921,0.0191,\N
67842,"Gaia DR3 1715209040928674560",41.25,1.31,44.08,0.0112,22.697
54745,"Gaia DR3 761919883981626752",46.04,0.9,44.0583,0.0232,22.667
86620,"Gaia DR3 1651268763282397312",44.8,1.94,44.0496,0.0515,22.6901
61946,"Gaia DR3 1571411233756646656",43.06,0.82,44.01,0.0218,22.6861
40910,"Gaia DR3 652005932802958976",42.66,1.66,43.9792,0.0183,22.7014
10416,"Gaia DR3 2493069773336748928",43.73,1.18,43.9772,0.0421,22.7013
77070,"Gaia DR3 4429785739602747392",44.54,0.71,43.945,0.4676,\N
102870,"Gaia DR3 2182197777015312512",44.57,1.01,43.9162,0.0134,22.8039
118261,"Gaia DR3 2334879397612667648",40.9,1.26,43.8729,0.0207,22.7486
86282,"Gaia DR3 4557198933740208768",45.17,4.41,43.8639,0.0146,\N
116613,"Gaia DR3 1939093660163197312",43.26,0.8,43.8426,0.0179,22.7921
54426,"Gaia DR3 764805169996366720",43.91,1.03,43.8237,0.0258,22.886
34222,"Gaia DR3 884039857341503616",41.63,2.16,43.8004,0.0188,22.7679
1608,"Gaia DR3 2367938722962185088",39.31,3.03,43.7865,0.0179,\N
1386,"Gaia DR3 2860379125997924480",42.65,2.77,43.7733,0.0204,\N
40671,"Gaia DR3 708608825759209088",44.34,1.31,43.7446,0.0199,22.8188
90265,"Gaia DR3 4536614495522394112",45.91,1.83,43.7265,0.012,\N
14954,"Gaia DR3 3265335443260522112",44.69,0.75,43.7027,0.1325,\N
58170,"Gaia DR3 3460347849221303296",42.82,2.81,43.6788,0.0229,22.9938
53327,"Gaia DR3 1128210122507896832",44.92,1.04,43.5804,0.0124,22.9334
50125,"Gaia DR3 851346566283231616",43.8,1.42,43.5453,0.0161,22.9533
81262,"Gaia DR3 5930568598406530048",44.77,1.4,43.5379,0.0297,22.8274
56199,"Gaia DR3 863776987616459392",42.74,1.3,43.5261,0.0137,\N
61722,"Gaia DR3 1542896911520969600",39.08,4.64,43.5216,0.045,23.1332
34414,"Gaia DR3 884951489919636352",44.92,1.43,43.5049,0.0261,22.972
88175,"Gaia DR3 4177224620176470912",43.11,0.75,43.4823,0.1324,22.9158
3008,"Gaia DR3 416135846558362112",43.4,1.94,43.4445,0.0165,\N
111449,"Gaia DR3 6628926642897745664",43.97,0.75,43.4396,0.0828,23.0335
69357,"Gaia DR3 6303961686341504512",43.35,1.4,43.3858,0.0258,22.8971
105905,"Gaia DR3 6460163255986109056",43.12,1.17,43.3617,0.0183,\N
46417,"Gaia DR3 1144584084028819072",43.54,1.05,43.3068,0.016,\N
11852,"Gaia DR3 4644127147661088256",44.31,0.8,43.3064,0.0134,23.0736
81520,"Gaia DR3 5927236979422123264",46.13,0.91,43.2721,0.0223,23.1027
3813,"Gaia DR3 4926529081393983104",46.32,2.06,43.2683,0.0145,23.1315
15099,"Gaia DR3 14163878724940672",44.96,1.09,43.2649,0.0252,\N
89348,"Gaia DR3 2161275788716592256",42.56,0.45,43.1837,0.094,23.0831
89490,"Gaia DR3 4526778333217510656",43.1,2.18,43.1216,0.1725,\N
56284,"Gaia DR3 3547944531854903168",43.66,2.55,43.0899,0.0213,23.2033
108028,"Gaia DR3 1781003885454165888",41.71,0.98,43.0319,0.0224,23.2228
114954,"Gaia DR3 2384877214983800448",47.58,1.99,43.0269,0.0175,23.2091
78913,"Gaia DR3 1379416712336909440",42.57,0.86,43.0188,0.0164,23.2495
27922,"Gaia DR3 2966316109264052096",43.86,1.19,42.9759,0.0155,\N
106400,"Gaia DR3 2216158427021654528",43.2,0.95,42.9756,0.0128,23.2488
49366,"Gaia DR3 3766401961693098368",43.14,1.11,42.9562,0.0244,23.2835
6917,"Gaia DR3 288781167053300480",43.16,0.93,42.9461,0.0749,23.3874
89474,"Gaia DR3 2115351387048328832",44.08,0.51,42.9348,0.0158,23.2788
90496,"Gaia DR3 4076915349846977664",42.2,0.9,42.9198,0.2128,\N
75798,"Gaia DR3 6258382634409906560",39.78,2,42.8809,0.0212,23.3544
111983,"Gaia DR3 6519227714961476352",43.65,1.3,42.878,0.0133,23.2461
45637,"Gaia DR3 5300714225746375424",42.59,1.09,42.8736,0.0114,23.2872
34673,"Gaia DR3 3032390401547521024",39.4,1.44,42.8656,0.0179,23.3273
102766,"Gaia DR3 1859954627138933888",42.23,0.98,42.8598,0.018,23.3063
13258,"Gaia DR3 33439176553394048",44.61,1.33,42.8445,0.0252,23.3288
37606,"Gaia DR3 5531762678610961664",41.43,0.81,42.8213,0.3775,25.0256
36635,"Gaia DR3 1108529414127974656",40.48,2.14,42.759,0.023,23.4745
70873,"Gaia DR3 1491593733326694912",42.43,0.59,42.7526,0.0174,23.3748
3810,"Gaia DR3 2781872793183604096",41.8,0.75,42.7505,0.1117,23.5018
1499,"Gaia DR3 2430102808294101760",42.67,0.85,42.7308,0.0299,23.3994
90959,"Gaia DR3 4535144998232287232",42.67,1.26,42.7251,0.0142,23.3929
110712,"Gaia DR3 6357835694518769408",43.39,0.96,42.7219,0.0196,23.4257
12961,"Gaia DR3 5077642283022422656",42.01,1.58,42.6929,0.0141,\N
45963,"Gaia DR3 812477352773908608",41.19,1.08,42.6689,0.0198,23.3399
53580,"Gaia DR3 1072844970405231104",43.43,1.45,42.6684,0.0121,\N
56242,"Gaia DR3 3966121308211393920",43.42,1.1,42.6536,0.0726,23.3495
36827,"Gaia DR3 3054448838181163520",40.32,1.26,42.6341,0.0253,23.3897
55718,"Gaia DR3 770435567178890624",43.89,1.49,42.6234,0.0164,23.4444
117886,"Gaia DR3 2341178362288721536",40.44,2.41,42.5957,0.0239,\N
89805,"Gaia DR3 6629790584164277376",43.64,0.72,42.5918,0.0274,23.4593
8497,"Gaia DR3 2461043306017773696",42.35,0.87,42.5848,0.1249,\N
51468,"Gaia DR3 1047559604579391872",44.83,1.22,42.5344,0.0166,23.5256
63406,"Gaia DR3 1527631807474248448",41.36,1.48,42.4878,0.7573,27.027
98106,"Gaia DR3 6416143002299883904",42.78,1,42.4829,0.0171,23.53
84379,"Gaia DR3 4573412435280434560",41.55,0.65,42.4808,0.2219,\N
57493,"Gaia DR3 791297254127958784",40.61,1.52,42.4658,0.0127,\N
114456,"Gaia DR3 1935133906477014016",42.65,0.74,42.464,0.0227,23.4783
10312,"Gaia DR3 5143621433184275200",39.26,2.63,42.464,0.0183,23.4959
14286,"Gaia DR3 466294295706341760",43.74,0.84,42.4587,0.0202,23.5267
73005,"Gaia DR3 1606148310770764288",41.83,0.63,42.4215,0.0173,23.5574
94368,"Gaia DR3 6643046944883125376",50.04,2.72,42.4143,0.015,23.5828
90306,"Gaia DR3 2108544241842459648",39.4,1.79,42.3792,0.0108,\N
98316,"Gaia DR3 6449124395465377920",43.91,1.17,42.3356,0.022,23.6016
3143,"Gaia DR3 4980466929965023104",43.64,2.59,42.332,0.0248,\N
6008,"Gaia DR3 2456487788826106112",41.14,2.69,42.3277,0.0174,\N
117559,"Gaia DR3 2867514406706887808",40.24,1.36,42.2919,0.0166,23.6077
107772,"Gaia DR3 6572326052043362304",44.45,2.15,42.2883,0.0141,23.6988
76267,"Gaia DR3 1222646935698492160",43.65,0.79,42.2408,0.977,\N
1322,"Gaia DR3 4973763482448692096",44.82,3.44,42.2327,0.0316,23.8271
64880,"Gaia DR3 1474445475101294848",46.25,2.12,42.2253,0.0171,\N
45116,"Gaia DR3 1011390516749963392",39.89,2.32,42.2251,0.016,\N
80229,"Gaia DR3 5941478335062267392",41.01,3.69,42.2128,0.0202,\N
20222,"Gaia DR3 177391907491420032",43.27,7.18,42.2073,0.0173,\N
109537,"Gaia DR3 1958031442283263616",44.84,3.24,42.2036,0.0206,\N
108567,"Gaia DR3 6409473742721612544",43.04,1.53,42.1732,0.0154,23.6239
55052,"Gaia DR3 3482765551281619456",39.68,2.2,42.1618,0.024,\N
44899,"Gaia DR3 5624529024402652288",44.75,1.58,42.1477,0.0121,23.7266
71743,"Gaia DR3 6286606170175267840",42.43,0.97,42.1376,0.0273,23.6451
77908,"Gaia DR3 6235558525363302912",39.45,8.88,42.1347,0.018,23.7381
51271,"Gaia DR3 5357886734438478848",41.16,0.96,42.1312,0.0133,23.7113
10337,"Gaia DR3 5124636303346779008",43,1.67,42.1225,0.0167,\N
9829,"Gaia DR3 104453918172129792",43.14,0.94,42.1141,0.0205,23.7026
6097,"Gaia DR3 2456594647612706432",45.22,3.65,42.1036,0.0423,\N
24874,"Gaia DR3 2983256662869643776",41.09,1.26,42.094,0.016,23.745
86201,"Gaia DR3 1637717179389828224",42.62,0.53,42.0939,0.1425,23.9446
46733,"Gaia DR3 1064092789129355136",43.2,0.64,42.0904,0.1616,\N
13976,"Gaia DR3 8479094371605632",42.66,1.22,42.0781,0.0278,23.7619
60866,"Gaia DR3 3517119173615245824",40.09,1.23,42.0768,0.0187,\N
738,"Gaia DR3 2333676738050041728",42.82,2.61,42.0592,0.0324,\N
115058,"Gaia DR3 1941217160713765376",41.19,1.87,42.0397,0.0173,\N
105184,"Gaia DR3 6577318075351824512",42.04,0.9,42.0274,0.021,23.7847
39780,"Gaia DR3 676768820148924416",42.86,0.97,41.9916,0.0841,24.237
112117,"Gaia DR3 6519024545827374336",42.47,0.72,41.9811,0.031,23.8073
68337,"Gaia DR3 1250801855073489280",41.97,1.17,41.9416,0.0173,23.8502
52369,"Gaia DR3 3750995604764854400",42.73,0.82,41.9082,0.0293,23.8314
17666,"Gaia DR3 231113736385994624",40.83,2.24,41.9035,0.0237,23.8372
60093,"Gaia DR3 4010201828880793984",40.58,1.94,41.9016,0.0308,\N
30314,"Gaia DR3 5481848424118748672",42.56,0.49,41.8877,0.0138,23.8677
5957,"Gaia DR3 294517800251711616",44.03,1.59,41.8758,0.0209,\N
66781,"Gaia DR3 1562668432688194688",42.12,0.76,41.8503,0.0178,\N
15673,"Gaia DR3 443016706832479488",44.03,1.24,41.8285,0.0192,23.8823
12493,"Gaia DR3 2501948402746099456",44.84,1.46,41.8223,0.0208,23.9445
32366,"Gaia DR3 5584019442620181760",41.2,0.56,41.7838,0.027,23.9246
72387,"Gaia DR3 1294776032353235968",41.26,1.47,41.7463,0.0129,\N
91605,"Gaia DR3 2090051761936884864",41.88,1.59,41.7451,0.0165,23.9369
2072,"Gaia DR3 4992538055808271360",42.51,0.69,41.7228,0.1358,\N
93185,"Gaia DR3 2041085973668754176",42.68,0.64,41.7143,0.0146,23.9403
12886,"Gaia DR3 340780267388505344",42.59,2.21,41.7126,0.021,\N
99031,"Gaia DR3 2059103120983068160",41.34,0.54,41.6804,0.0518,23.9432
109980,"Gaia DR3 2220169200616370432",41.69,0.88,41.6775,0.0109,23.9717
15442,"Gaia DR3 3261878613062758144",40.52,0.98,41.671,0.0219,23.9799
8275,"Gaia DR3 2575383100738086656",43.37,1.38,41.646,0.0224,24.0614
74273,"Gaia DR3 5876112300125320448",41.41,0.77,41.6198,0.0202,24.008
35872,"Gaia DR3 3163201979956736000",39.91,1.14,41.6164,0.028,24.0134
114066,"Gaia DR3 2207738916728293888",40.09,1.48,41.6161,0.0125,24.028
5799,"Gaia DR3 2475331528340199936",41.01,0.89,41.5747,0.1058,24.0768
7576,"Gaia DR3 2477815222028038272",42.35,0.96,41.5636,0.0238,24.0465
28267,"Gaia DR3 3022685626580347392",43.1,0.93,41.5366,0.021,24.0672
99137,"Gaia DR3 6472858766996632704",43.08,0.79,41.5069,0.028,24.0776
88622,"Gaia DR3 4471087175915086080",41,0.88,41.4741,0.0211,24.0933
70849,"Gaia DR3 6099000589942631424",41.71,2.02,41.4618,0.0175,24.1463
46549,"Gaia DR3 3824731809460825728",42.47,1.53,41.448,0.0169,24.1026
45839,"Gaia DR3 5746426720312132608",41.4,1.38,41.4146,0.0184,24.1271
86340,"Gaia DR3 1651145102583323136",41.82,0.81,41.4032,0.0136,24.1452
73362,"Gaia DR3 5908246317645043200",39.27,1.5,41.4009,0.0157,24.109
116416,"Gaia DR3 2871343486014101888",42.63,0.93,41.382,0.0227,24.103
5944,"Gaia DR3 373349657227961472",42.3,0.75,41.3803,0.0242,24.1232
81813,"Gaia DR3 1648568843759668480",41.15,0.57,41.3671,0.0139,24.1629
56630,"Gaia DR3 767326526253334400",40.99,1.55,41.3473,0.0145,24.1788
66587,"Gaia DR3 3632451071421231360",40.27,2.1,41.3379,0.0196,\N
102333,"Gaia DR3 6471630024096107008",41.38,0.82,41.3357,0.1157,24.6492
102119,"Gaia DR3 6855358349537379840",43.42,1.48,41.3264,0.0423,\N
85810,"Gaia DR3 1335880415564253312",42.2,0.56,41.318,0.0151,24.1844
106231,"Gaia DR3 1797276382668029440",39.91,1.18,41.2912,0.0169,24.2551
54513,"Gaia DR3 3788517916531415552",39.87,2.45,41.1801,0.0212,\N
113829,"Gaia DR3 2832641058969396864",41.19,0.87,41.1604,0.0232,24.1967
95575,"Gaia DR3 2129771310248902016",39.73,1.03,41.1132,0.2139,\N
84607,"Gaia DR3 4575374857376398976",41.58,1.04,41.1103,0.0169,24.3073
7765,"Gaia DR3 2589107273595379584",61.3,36.67,41.1075,0.0237,24.277
35943,"Gaia DR3 3027559353615045760",41.56,1.7,41.105,0.0166,\N
897,"Gaia DR3 2443632711191439104",39.19,2.29,41.0917,0.0313,\N
43797,"Gaia DR3 5317114850417299584",41.41,0.44,41.0816,0.036,24.3452
6344,"Gaia DR3 565471721996476160",41.44,1.05,41.0677,0.0125,24.3279
42333,"Gaia DR3 5755064487956174720",42.32,1.04,41.0649,0.0228,24.3442
104436,"Gaia DR3 6348288635054855680",41.28,0.58,41.0626,0.0202,24.265
60310,"Gaia DR3 6149747002930436352",41.49,1.23,40.9891,0.0242,24.3943
29432,"Gaia DR3 3319126988068404096",43.26,0.87,40.9764,0.024,24.3904
88945,"Gaia DR3 4590489981163831296",39.62,0.68,40.9645,0.0167,24.4054
12158,"Gaia DR3 2495442626804315392",41.09,1.25,40.9518,0.0386,\N
93871,"Gaia DR3 4307162018124573312",41.19,1.34,40.9448,0.0207,24.4545
19930,"Gaia DR3 177425034575534464",39.08,1.16,40.9036,0.0256,24.4234
107625,"Gaia DR3 6584461671116752128",42.12,1.06,40.8138,0.0202,24.4909
68030,"Gaia DR3 1230894097540611968",41.28,0.79,40.7997,0.0271,24.4776
87579,"Gaia DR3 4576863905365412736",40.22,1.04,40.7788,0.0176,24.5108
15131,"Gaia DR3 4847282124418880256",41.05,0.59,40.7774,0.016,24.5178
117697,"Gaia DR3 2390021451933103616",39.4,3.4,40.6908,0.0187,\N
26373,"Gaia DR3 4795598309045006208",41.9,1.74,40.6567,0.0137,24.5969
66886,"Gaia DR3 3661492609484469504",41.22,1.41,40.6135,0.021,24.5884
101983,"Gaia DR3 6454967273273436416",41.33,0.73,40.5683,0.0895,\N
66840,"Gaia DR3 3662358955927624960",42.19,1.63,40.4853,0.0197,\N
24786,"Gaia DR3 2981583790287411200",40.11,0.76,40.4785,0.0255,24.6693
64690,"Gaia DR3 5765846127180770432",40.52,0.56,40.4757,0.0146,24.6685
9269,"Gaia DR3 304991163902854784",40.74,0.9,40.4424,0.0257,24.7548
1598,"Gaia DR3 379582273249916416",40.25,0.81,40.4392,0.0181,24.7022
58803,"Gaia DR3 6148648281576023424",41.32,0.76,40.4345,0.0884,24.836
101345,"Gaia DR3 6904703228801028864",41.26,0.87,40.4241,0.0497,24.7532
102226,"Gaia DR3 1817769836303393280",39.38,1.03,40.4178,0.0231,\N
56936,"Gaia DR3 1057879895596316416",44.28,2.83,40.4156,0.0146,24.6853
64048,"Gaia DR3 1468036318743647616",41.9,1.52,40.3737,0.0157,24.705
113244,"Gaia DR3 2711324381934051200",41.15,2.65,40.3474,0.0237,24.7952
72981,"Gaia DR3 1174189362318863488",44.46,2.6,40.3302,0.0393,\N
59774,"Gaia DR3 1575287046603605888",40.05,0.6,40.3279,0.1945,24.8566
102101,"Gaia DR3 2187263158355763072",41.74,1.15,40.3214,0.0119,\N
114570,"Gaia DR3 1990723839987250176",40.82,0.57,40.294,0.113,24.9555
33537,"Gaia DR3 3379989457790428416",41.25,0.88,40.2733,0.0192,24.8047
114886,"Gaia DR3 1909581805999126784",41.33,0.97,40.1543,0.02,\N
114252,"Gaia DR3 2410011260521088512",45.75,2.6,40.0995,0.0235,\N
29067,"Gaia DR3 1105408965770145920",40.12,1.78,40.0653,0.0138,24.9196
83454,"Gaia DR3 1437124683199762304",40.18,4.76,39.9955,0.0122,\N
116491,"Gaia DR3 6523442177391053312",42.13,1.67,39.991,0.0178,\N
64550,"Gaia DR3 6088054505011960832",40.87,0.84,39.9859,0.0222,24.9951
83451,"Gaia DR3 1437124683199761920",39.71,1.57,39.9765,0.015,25.0019
21223,"Gaia DR3 4865826693691966464",39.93,0.93,39.9733,0.0173,25.0147
59280,"Gaia DR3 1536064958579187840",41.07,0.98,39.9292,0.0207,24.9258
4454,"Gaia DR3 532855499837123584",41.45,1.01,39.9285,0.0117,\N
33373,"Gaia DR3 950395658954590080",41.53,1.41,39.8698,0.0228,\N
94981,"Gaia DR3 2051069711047203712",39.64,0.56,39.8305,0.0925,25.4717
112245,"Gaia DR3 2211393521580984320",39.82,0.71,39.796,0.0141,25.0323
74975,"Gaia DR3 4421455530273900032",40.46,0.81,39.7954,0.0807,25.426
73100,"Gaia DR3 1592338513445876608",40.25,0.54,39.7477,0.0389,25.143
103544,"Gaia DR3 1866522319330814592",42.8,2.23,39.6776,0.0207,\N
90376,"Gaia DR3 2294149672988951680",40.98,0.89,39.6716,0.0133,25.1983
32765,"Gaia DR3 5557816190743628416",39.66,0.53,39.6665,0.0708,25.1989
48509,"Gaia DR3 826957061916956544",39.75,3.27,39.6032,0.0206,\N
3170,"Gaia DR3 4906784051581971200",39.26,0.56,39.5912,0.041,25.2535
36927,"Gaia DR3 5492574125690123264",39.66,0.8,39.5637,0.0139,25.2537
99880,"Gaia DR3 2080826374043095552",40.97,1.21,39.5574,0.011,\N
74605,"Gaia DR3 1645425614893967744",39.51,0.47,39.5487,0.0648,25.2677
23941,"Gaia DR3 3212075924646082176",39.99,0.7,39.4394,0.093,24.9889
8190,"Gaia DR3 351045720262686080",40.43,2.67,39.4243,0.0241,25.2232
34567,"Gaia DR3 882872210352301568",40.68,1.02,39.3515,0.1367,25.6294
96258,"Gaia DR3 2136027771930903808",39.08,0.47,39.3227,0.028,25.4186
55507,"Gaia DR3 788340461203094912",40.36,1.48,39.3187,0.0147,\N
108092,"Gaia DR3 1960390203963541760",43.07,1.55,39.3117,0.0119,25.421
12186,"Gaia DR3 5062172841616745856",39.16,0.64,39.2946,0.0305,25.522
76233,"Gaia DR3 4400452830957830656",39.78,0.83,39.2622,0.0278,25.4221
117946,"Gaia DR3 2847644410526748416",39.35,1.16,39.2555,0.0221,\N
86742,"Gaia DR3 4473334474604992384",39.78,0.75,39.2284,0.2027,\N
18180,"Gaia DR3 4857520536178521344",39.48,2.69,39.2185,0.018,\N
4443,"Gaia DR3 2472505371140957952",41.73,2.29,39.1987,0.0284,\N
66704,"Gaia DR3 1558718059209082752",39.64,0.71,39.1793,0.0254,25.5037
32939,"Gaia DR3 5562061542577445760",39.19,1.01,39.128,0.0091,25.5498
17157,"Gaia DR3 4833306713154584704",39.84,1.11,39.0821,0.0178,\N
53953,"Gaia DR3 3969885761146749824",59.31,12.56,38.9927,0.0222,25.5748
53947,"Gaia DR3 3969885761146749952",57.46,25.52,38.9897,0.0225,25.5066
39710,"Gaia DR3 5596797039059063680",39.08,0.77,38.9581,0.0173,25.6035
105675,"Gaia DR3 6453300894679705984",39.39,1.26,38.9387,0.0182,\N
73252,"Gaia DR3 1614477420588506240",39.95,0.92,38.8326,0.0139,25.7163
32423,"Gaia DR3 937667952871051776",40.02,1.22,38.8281,0.0215,\N
2711,"Gaia DR3 4925088171405735680",39.03,0.62,38.8246,0.0466,25.7576
117542,"Gaia DR3 2327840667768506368",39.53,1.13,38.7568,0.0285,25.7748
35628,"Gaia DR3 1108183342844837888",39.1,1.15,38.7432,0.0199,25.7301
10688,"Gaia DR3 4743263514068260608",40.4,2.95,38.7109,0.0205,\N
36853,"Gaia DR3 865699110037321600",39.31,3.31,38.6981,0.0188,25.768
19165,"Gaia DR3 5091077112524265344",42.54,1.64,38.6445,0.0173,\N
17207,"Gaia DR3 3271668905115228672",39.87,2.01,38.6196,0.0424,25.8952
60370,"Gaia DR3 6150200345317455232",39.02,0.8,38.5703,0.0217,25.9271
57494,"Gaia DR3 3585636855608873984",40.57,2.66,38.5497,0.0289,25.9977
110066,"Gaia DR3 6512176375093055744",39.38,1.13,38.5442,0.0198,25.9259
75266,"Gaia DR3 4420712604009198080",39.35,1.37,38.501,0.0242,25.9709
51928,"Gaia DR3 5455932041699339008",39.56,3.14,38.495,0.0228,25.9802
97051,"Gaia DR3 4302670684951953280",44.18,1.86,38.3579,0.0149,\N
9749,"Gaia DR3 5021412261945549568",44.37,1.97,38.3545,0.0166,26.0693
6405,"Gaia DR3 2786115533677290240",39.07,0.8,38.3495,0.0212,26.0467
90864,"Gaia DR3 4508601275714721152",39.73,0.9,38.3448,0.0178,26.0587
10339,"Gaia DR3 333053037107550080",39.1,0.91,38.3338,0.0285,26.0279
17147,"Gaia DR3 3250489115709122560",41.07,0.86,38.3253,0.0308,26.0746
51254,"Gaia DR3 3862361392330264320",39.75,1.54,38.324,0.027,25.9301
110774,"Gaia DR3 2205488624442109824",39.97,1.28,38.3129,0.0116,26.0776
93747,"Gaia DR3 4314399312979641728",39.18,0.72,38.2329,0.3492,\N
27075,"Gaia DR3 2966790170574625408",39.15,0.74,38.2253,0.019,26.1459
84487,"Gaia DR3 4141979774942939264",40.17,1.85,38.2028,0.0177,\N
522,"Gaia DR3 4976894960284258048",39,0.64,38.1945,0.0355,26.1689
88771,"Gaia DR3 4482432246132106496",39.4,0.83,38.1263,0.2391,27.7235
61329,"Gaia DR3 3526876102361317760",39.11,1.17,38.0521,0.0199,\N
54155,"Gaia DR3 3789271459953459328",40.57,1.4,38.014,0.0222,26.2786
61099,"Gaia DR3 3949377704625720192",39.62,0.95,37.964,0.0321,26.33
400,"Gaia DR3 2848150288954631296",39.06,0.93,37.9297,0.0258,26.343
106913,"Gaia DR3 6810896745007524736",39.13,0.83,37.8872,0.0231,26.3701
94650,"Gaia DR3 4312905248400130688",39.43,1.01,37.8714,0.0226,26.3882
27080,"Gaia DR3 4657193606465368704",39.08,0.75,37.8235,0.0206,26.4194
9716,"Gaia DR3 5147846340974080000",39.16,1.11,37.7907,0.0313,\N
74261,"Gaia DR3 6003743571137684736",39.99,2.41,37.7545,0.0172,26.5344
66578,"Gaia DR3 1686708050268594944",40.33,2.89,37.7291,0.0287,\N
11650,"Gaia DR3 2516322146457318144",41.15,4.96,37.711,0.0508,\N
15797,"Gaia DR3 241393040535105280",39.1,1.24,37.6588,0.0197,\N
37798,"Gaia DR3 3088637946087230336",40.58,2.18,37.5204,0.0203,26.601
39494,"Gaia DR3 922950955371956608",39.46,1.58,37.46,0.0156,26.6805
81348,"Gaia DR3 1312589288953960320",39.04,1.29,37.3976,0.0125,26.7593
57866,"Gaia DR3 3975078892003894144",39.48,1.58,37.315,0.0228,26.7823
51473,"Gaia DR3 5444096348783212928",39.16,2.17,37.2962,0.0276,26.9507
48447,"Gaia DR3 3847123707357532672",45.21,3.77,37.2803,0.0204,26.7708
52470,"Gaia DR3 832417236660307072",39.56,0.99,37.2802,0.0249,26.753
104137,"Gaia DR3 1732878776902363264",43.63,4.58,37.0772,0.0279,27.0857
30256,"Gaia DR3 2936850125355960576",40.52,9.15,37.0651,0.0235,\N
16209,"Gaia DR3 222749343414443648",39.19,2.52,36.9072,0.0226,26.9866
29548,"Gaia DR3 1007904858732031104",40.38,1.41,36.8064,0.0161,\N
73631,"Gaia DR3 5906724284318405760",40.22,1.54,36.7855,0.0167,27.0975
90979,"Gaia DR3 4154598526336121600",39.34,1.76,36.7534,0.0157,\N
40170,"Gaia DR3 935525039066950528",40.94,1.87,36.6511,0.0154,\N
19333,"Gaia DR3 4681579571719845632",39.03,0.93,36.6428,0.0097,27.2298
34950,"Gaia DR3 870758684590736896",39.72,1.29,36.3141,0.0251,27.5085
83147,"Gaia DR3 4112138303515401216",39.86,11.61,35.9826,0.0652,\N
21492,"Gaia DR3 471205058231083648",39.88,5.06,35.6822,0.0236,\N
22498,"Gaia DR3 478737331356716800",42.59,17.78,35.6135,0.0157,28.0719
75686,"Gaia DR3 4421274729329022336",39.03,1.7,35.3547,0.0192,\N
14589,"Gaia DR3 5074705521824867200",45.83,11.06,34.9478,0.016,28.5375
114716,"Gaia DR3 6492999277396746752",39.09,2.81,34.2904,0.0201,\N
77268,"Gaia DR3 5986321332691510656",39.78,2.62,33.7646,0.0173,\N
112388,"Gaia DR3 2656072582608536320",42.55,4.25,33.651,0.0231,29.7328
87773,"Gaia DR3 4604269610637580928",39.56,2.14,33.6484,0.0099,\N
4328,"Gaia DR3 4922358908667577728",39.56,3.38,33.4928,0.0188,29.7317
114379,"Gaia DR3 1942532726377141120",39.56,7.67,32.8547,0.0189,30.4312
76602,"Gaia DR3 6317407201723597952",44.21,4.72,32.6269,0.0265,30.6237
63121,"Gaia DR3 1517698613271954304",39.95,23.72,30.6121,0.0666,32.5622
92756,"Gaia DR3 6650359354343258880",40.13,10.43,29.6173,0.0156,33.6892
66125,"Gaia DR3 5789459818720936320",52.09,39.91,28.9452,0.0113,34.5412
74815,"Gaia DR3 6213898936567006464",41.21,3.88,28.5542,0.0489,\N
30422,"Gaia DR3 3131481481815806976",41.09,10.14,25.0633,0.0219,39.8402
91154,"Gaia DR3 6631456997113317248",46.38,1.41,24.6534,0.3989,\N
111932,"Gaia DR3 2715770081106897408",41.53,20,24.212,0.0155,\N
67795,"Gaia DR3 6115335999832663808",43.23,5.22,23.7478,0.0188,\N
114242,"Gaia DR3 2383287974004967552",50.3,10.82,23.6055,0.0148,42.33
