HIP, DR3, DR2, DR1, Plx, e_Plx, parallax, parallas_error, distance_parallax
82725,"Gaia DR3 5818211845935267200","Gaia DR2 5818211845935267200",\N,203.01,29.27,0.4145,0.0163000003,2412.5452
69578,"Gaia DR3 5854499504913617408","Gaia DR2 5854499504913617408","Gaia DR1 5854499504913617408",64.68,46.97,0.4453,0.1307999939,2245.6771
30365,"Gaia DR3 3325820883581121664","Gaia DR2 3325820883581121664",\N,48.08,13.63,0.4925,0.0196000002,2030.4569
62387,"Gaia DR3 6079724222660224896","Gaia DR2 6079724222660224896",\N,39.48,64.77,0.5448,0.0140000004,1835.536
88118,"Gaia DR3 5918445387497537664","Gaia DR2 5918445387497537664",\N,45.99,18.45,0.6244,0.0115999999,1601.5375
55031,"Gaia DR3 5374043508045223168","Gaia DR2 5374043508045223168",\N,43.57,35.81,0.7393,0.0159000009,1352.6309
100111,"Gaia DR3 1816366928194936704","Gaia DR2 1816366928194936704","Gaia DR1 1816366923886140800",39.57,32.67,0.7616,0.0166999996,1313.0252
84084,"Gaia DR3 5973163373927322880","Gaia DR2 5973163373927322880","Gaia DR1 5973163369630370432",54.25,56.24,1.0975,0.0231999997,911.1617
30362,"Gaia DR3 3325821635196312960","Gaia DR2 3325821635196312960",\N,48.08,13.63,1.133,0.0286999997,882.6125
76362,"Gaia DR3 5778418870846853376","Gaia DR2 5778418870846853376",\N,99.9,61.26,1.2442,0.0110999998,803.7293
1692,"Gaia DR3 2430036837596487424","Gaia DR2 2430036837596487424","Gaia DR1 2430036833300655104",43.42,33.05,1.2679,0.0273000002,788.7057
67593,"Gaia DR3 1251932290465669120","Gaia DR2 1251932290465669120",\N,76.2,107.46,1.4074,0.0215000007,710.5301
84581,"Gaia DR3 4359763650828288640","Gaia DR2 4359763650828288640",\N,100.89,43.18,1.4302,0.0175000001,699.2029
50798,"Gaia DR3 5365258891181474560","Gaia DR2 5365258891178179200",\N,98.17,79.48,1.4333,0.0366999991,697.6906
98681,"Gaia DR3 6667319389917674112","Gaia DR2 6667319389917674112",\N,84.75,11.17,1.6057,0.0148999998,622.7813
116869,"Gaia DR3 2771239622391120640","Gaia DR2 2771239622391120640","Gaia DR1 2771239618094431488",44.81,60.22,1.8756,0.0208999999,533.1627
85605,"Gaia DR3 4569804490949771520","Gaia DR2 4569804490949771520",\N,202.69,39.48,1.886,0.0110999998,530.2227
15689,"Gaia DR3 5161453209685041792","Gaia DR2 5161453209685041792",\N,227.45,61.79,1.9862,0.0315000005,503.474
54298,"Gaia DR3 5347762019050519424","Gaia DR2 5347762019050519424",\N,155.28,78.3,2.2927,0.0116999997,436.167
35389,"Gaia DR3 3362063329448263040","Gaia DR2 3362063329448263040","Gaia DR1 3362063325151103232",52.47,28.98,2.9965,0.0227000006,333.7227
30756,"Gaia DR3 3375636800495628160","Gaia DR2 3375636800495628160",\N,55.52,33.89,3.0153,0.0267999992,331.642
107427,"Gaia DR3 6817916095958904064","Gaia DR2 6817916095958904064",\N,47.82,32.04,3.4174,0.0183000006,292.6201
20968,"Gaia DR3 4891034681385885824","Gaia DR2 4891034681385885824",\N,120.7,56.47,3.7805,0.0149999997,264.5153
10529,"Gaia DR3 520377795206111872","Gaia DR2 520377795206111872",\N,42.46,2.51,4.1901,0.0127999997,238.6578
1663,"Gaia DR3 2542118853908942208","Gaia DR2 2542118853908942208","Gaia DR1 2542118849612972800",46.72,20.16,4.2265,0.0197000001,236.6024
14559,"Gaia DR3 5059643037160190336","Gaia DR2 5059643037156710016",\N,114.73,33.98,4.3339,0.0166999996,230.7391
21000,"Gaia DR3 3285409673726608768","Gaia DR2 3285409673726608768","Gaia DR1 3285409669430237952",84.76,4.74,4.9263,0.0155999996,202.9921
109670,"Gaia DR3 6566341101015290240","Gaia DR2 6566341101015290240","Gaia DR1 6566341096719256832",44.2,16.43,5.0764,0.0172000006,196.99
62951,"Gaia DR3 3510383187426543488","Gaia DR2 3510383187426543488",\N,48.07,26.65,5.3151,0.0271000005,188.1432
95326,"Gaia DR3 6738634573087514880","Gaia DR2 6738634573087514880",\N,77.71,57.93,5.6602,0.0533999987,176.6722
27111,"Gaia DR3 3336204190352220672","Gaia DR2 3336204190352220672",\N,44.67,14.98,5.8752,0.0296,170.207
117042,"Gaia DR3 2822750058525180288","Gaia DR2 2822750058525180288",\N,53.88,32.4,6.0914,0.0309999995,164.1659
42525,"Gaia DR3 913394034663259008","Gaia DR2 913394034663259008","Gaia DR1 913394030367411328",44.31,27.44,6.1308,0.0188999996,163.1109
109119,"Gaia DR3 2727006785000788864","Gaia DR2 2727006785000788864",\N,93.81,66.11,6.8076,0.0164000001,146.8946
93449,"Gaia DR3 6731199293213061632","Gaia DR2 6731199293213061632",\N,121.75,68.24,7.9872,0.4873999953,125.2003
117081,"Gaia DR3 2331411774161459328","Gaia DR2 2331411774161459328","Gaia DR1 2331411774161459328",58.45,47.16,8.7073,0.0214000009,114.8462
76051,"Gaia DR3 1165507206189500800","Gaia DR2 1165507206189500800","Gaia DR1 1165507201893810816",44.59,20.41,9.7341,0.0527000017,102.7316
63383,"Gaia DR3 3706179613896140416","Gaia DR2 3706179613896140416","Gaia DR1 3706179609599936384",45.19,44.19,11.4997,0.0172000006,86.9588
24502,"Gaia DR3 180702438220219904","Gaia DR2 180702438220219904","Gaia DR1 180702433923874176",39.77,22.4,12.2565,0.0326000005,81.5894
47645,"Gaia DR3 5663679231848426496","Gaia DR2 5663679231848426496","Gaia DR1 5663679227554026496",39.19,53.37,12.9289,0.0127999997,77.3461
80468,"Gaia DR3 1382298978990005632","Gaia DR2 1382298978990005632","Gaia DR1 1382298905975266560",39.35,18.4,13.3709,0.0110999998,74.7893
60553,"Gaia DR3 5838036590332780928","Gaia DR2 5838036590332780928","Gaia DR1 5838036586029347072",41.37,17.45,14.1196,0.0109999999,70.8235
82724,"Gaia DR3 5818211949014482816","Gaia DR2 5818211949014482816",\N,109.57,20.12,15.9252,0.0189999994,62.7936
114242,"Gaia DR3 2383287974004967552","Gaia DR2 2383287974004967552","Gaia DR1 2383287969710164224",50.3,10.82,23.6055,0.0148,42.363
67795,"Gaia DR3 6115335999832663808","Gaia DR2 6115335999832663808","Gaia DR1 6115335995538372992",43.23,5.22,23.7478,0.0187999997,42.1092
111932,"Gaia DR3 2715770081106897408","Gaia DR2 2715770081106897408","Gaia DR1 2715770081106897408",41.53,20,24.212,0.0154999997,41.3018
91154,"Gaia DR3 6631456997113317248","Gaia DR2 6631456997113317248","Gaia DR1 6631456992815550592",46.38,1.41,24.6534,0.3989000022,40.5624
30422,"Gaia DR3 3131481481815806976","Gaia DR2 3131481481815806976","Gaia DR1 3131481477515089792",41.09,10.14,25.0633,0.0219000001,39.899
79979,"Gaia DR3 6037514800213601024","Gaia DR2 6037514800213601024","Gaia DR1 6037514795908726016",56.82,23.38,25.5345,0.2319999933,39.1627
55605,"Gaia DR3 3817534337625985280","Gaia DR2 3817534337625985280",\N,62.03,26.14,27.0251,0.4691999853,37.0026
76603,"Gaia DR3 6317407201723597440","Gaia DR2 6317407201723597440","Gaia DR1 6317407197424923392",40.19,3.62,28.2972,0.3323999941,35.3392
19832,"Gaia DR3 3203456956075394944","Gaia DR2 3203456956075394944",\N,48.95,4.49,28.5012,0.2360000014,35.0862
74815,"Gaia DR3 6213898936567006464","Gaia DR2 6213898936567006464",\N,41.21,3.88,28.5542,0.0489000008,35.0211
66125,"Gaia DR3 5789459818720936320","Gaia DR2 5789459818720936320",\N,52.09,39.91,28.9452,0.0113000004,34.548
92756,"Gaia DR3 6650359354343258880","Gaia DR2 6650359354343258880",\N,40.13,10.43,29.6173,0.0155999996,33.7641
63121,"Gaia DR3 1517698613271954304","Gaia DR2 1517698613271363840",\N,39.95,23.72,30.6121,0.0666000023,32.6668
67655,"Gaia DR3 5871764831114179968","Gaia DR2 5871764831114179968","Gaia DR1 5871764826769112192",40.02,1,30.6438,0.2246000022,32.633
86346,"Gaia DR3 1436001566431649792","Gaia DR2 1436001566431649792",\N,40.75,12.06,31.4419,0.908100009,31.8047
76602,"Gaia DR3 6317407201723597952","Gaia DR2 6317407201723597952",\N,44.21,4.72,32.6269,0.0264999997,30.6496
114379,"Gaia DR3 1942532726377141120","Gaia DR2 1942532726377141120","Gaia DR1 1942532722079086208",39.56,7.67,32.8547,0.0188999996,30.437
107143,"Gaia DR3 6578350001374194816","Gaia DR2 6578350001374194816",\N,42.4,3.35,33.3957,0.6593000293,29.944
4328,"Gaia DR3 4922358908667577728","Gaia DR2 4922358908667577728",\N,39.56,3.38,33.4928,0.0187999997,29.8572
87773,"Gaia DR3 4604269610637580928","Gaia DR2 4604269610637580928","Gaia DR1 4604269606339772160",39.56,2.14,33.6484,0.0098999999,29.7191
112388,"Gaia DR3 2656072582608536320","Gaia DR2 2656072582608536320",\N,42.55,4.25,33.651,0.0230999999,29.7168
77268,"Gaia DR3 5986321332691510656","Gaia DR2 5986321332691510656","Gaia DR1 5986321328357668224",39.78,2.62,33.7646,0.0173000004,29.6168
60970,"Gaia DR3 1519311253230298880","Gaia DR2 1519311253230298880",\N,43.42,3.62,33.8899,0.0960000008,29.5073
1349,"Gaia DR3 4924503334299333888","Gaia DR2 4924503334299333888",\N,43.45,1.19,34.0152,0.5274000168,29.3986
114716,"Gaia DR3 6492999277396746752","Gaia DR2 6492999277396746752",\N,39.09,2.81,34.2904,0.0200999994,29.1627
58688,"Gaia DR3 3460498276156113664","Gaia DR2 3460498276156113664","Gaia DR1 3460498271860621184",42,2.81,34.6217,0.1691000015,28.8836
59780,\N,"Gaia DR2 3472485972258777088",\N,49.62,3.08,34.6372,0.7617999911,28.8707
100356,"Gaia DR3 6475337306723609600","Gaia DR2 6475337306723609600",\N,43.57,2.85,34.8886,0.9732999802,28.6627
14589,"Gaia DR3 5074705521824867200","Gaia DR2 5074705521824867200","Gaia DR1 5074705517528702720",45.83,11.06,34.9478,0.0160000008,28.6141
75686,"Gaia DR3 4421274729329022336","Gaia DR2 4421274729329022336","Gaia DR1 4421274725032942720",39.03,1.7,35.3547,0.0192000009,28.2848
22498,"Gaia DR3 478737331356716800","Gaia DR2 478737331356716800","Gaia DR1 478737327059586048",42.59,17.78,35.6135,0.0156999994,28.0792
21492,"Gaia DR3 471205058231083648","Gaia DR2 471205058231083648","Gaia DR1 471205053932250368",39.88,5.06,35.6822,0.0236000009,28.0252
83147,"Gaia DR3 4112138303515401216","Gaia DR2 4112138303515401216","Gaia DR1 4112138303515401216",39.86,11.61,35.9826,0.065200001,27.7912
39903,"Gaia DR3 5289757523635492096","Gaia DR2 5289757523635492096",\N,46.75,3.38,36.2472,0.9954000115,27.5883
34950,"Gaia DR3 870758684590736896","Gaia DR2 870758684590736896","Gaia DR1 870758680293810176",39.72,1.29,36.3141,0.0251000002,27.5375
19333,"Gaia DR3 4681579571719845632","Gaia DR2 4681579571719845632","Gaia DR1 4681579567424185728",39.03,0.93,36.6428,0.0097000003,27.2905
40170,"Gaia DR3 935525039066950528","Gaia DR2 935525039066950528","Gaia DR1 935525034771040896",40.94,1.87,36.6511,0.0153999999,27.2843
90979,"Gaia DR3 4154598526336121600","Gaia DR2 4154598526336121600","Gaia DR1 4154598521997533312",39.34,1.76,36.7534,0.0156999994,27.2084
73631,"Gaia DR3 5906724284318405760","Gaia DR2 5906724284318405760","Gaia DR1 5906724314370201856",40.22,1.54,36.7855,0.0166999996,27.1846
29548,"Gaia DR3 1007904858732031104","Gaia DR2 1007904858732031104","Gaia DR1 1007904854435176320",40.38,1.41,36.8064,0.0161000006,27.1692
16209,"Gaia DR3 222749343414443648","Gaia DR2 234758965325900416","Gaia DR1 234758961030907008",39.19,2.52,36.9072,0.0226000007,27.095
98192,"Gaia DR3 2030317253745186432","Gaia DR2 2030317253745186432","Gaia DR1 2030317249413069056",39.24,0.97,37.0287,0.0286999997,27.0061
30256,"Gaia DR3 2936850125355960576","Gaia DR2 2936850125354292480","Gaia DR1 2936850121054270592",40.52,9.15,37.0651,0.0234999992,26.9796
104137,"Gaia DR3 1732878776902363264","Gaia DR2 1732878776902363264","Gaia DR1 1732878772606083200",43.63,4.58,37.0772,0.0278999992,26.9708
52470,"Gaia DR3 832417236660307072","Gaia DR2 832417236660307072","Gaia DR1 832417232364913920",39.56,0.99,37.2802,0.0249000005,26.8239
48447,"Gaia DR3 3847123707357532672","Gaia DR2 3847123707357532672","Gaia DR1 3847123703067289088",45.21,3.77,37.2803,0.0204000007,26.8238
51473,"Gaia DR3 5444096348783212928","Gaia DR2 5444096348779619712","Gaia DR1 5444096344485094912",39.16,2.17,37.2962,0.0275999997,26.8124
57866,"Gaia DR3 3975078892003894144","Gaia DR2 3975078892003894144","Gaia DR1 3975078887708638208",39.48,1.58,37.315,0.0228000004,26.7989
81348,"Gaia DR3 1312589288953960320","Gaia DR2 1312589288953960320","Gaia DR1 1312589353377089152",39.04,1.29,37.3976,0.0125000002,26.7397
23786,"Gaia DR3 3392089755051027712","Gaia DR2 3392089755051027712",\N,41.7,1.14,37.437,0.226699993,26.7115
39494,"Gaia DR3 922950955371956608","Gaia DR2 922950955371956608",\N,39.46,1.58,37.46,0.0155999996,26.6951
37798,"Gaia DR3 3088637946087230336","Gaia DR2 3088637946087230336","Gaia DR1 3088637941786910720",40.58,2.18,37.5204,0.0203000009,26.6522
49376,"Gaia DR3 5460446292845923328","Gaia DR2 5460446292845923328",\N,41.59,3.13,37.634,0.3034999967,26.5717
15797,"Gaia DR3 241393040535105280","Gaia DR2 241393040535105280","Gaia DR1 241393036234346880",39.1,1.24,37.6588,0.0197000001,26.5542
83363,"Gaia DR3 5914366302446170240","Gaia DR2 5914366302446170240","Gaia DR1 5914366298148226944",39.32,1.33,37.683,0.2917999923,26.5372
11650,"Gaia DR3 2516322146457318144","Gaia DR2 2516322146457318144",\N,41.15,4.96,37.711,0.0507999994,26.5175
66578,"Gaia DR3 1686708050268594944","Gaia DR2 1686708050268594944",\N,40.33,2.89,37.7291,0.0286999997,26.5047
74261,"Gaia DR3 6003743571137684736","Gaia DR2 6003743571137684736",\N,39.99,2.41,37.7545,0.0172000006,26.4869
9716,"Gaia DR3 5147846340974080000","Gaia DR2 5147846340973892352","Gaia DR1 5147846336678206208",39.16,1.11,37.7907,0.0313000008,26.4615
27080,"Gaia DR3 4657193606465368704","Gaia DR2 4657193606465368704","Gaia DR1 4657193602117007616",39.08,0.75,37.8235,0.0206000004,26.4386
94650,"Gaia DR3 4312905248400130688","Gaia DR2 4312905248400130688","Gaia DR1 4312905244091729408",39.43,1.01,37.8714,0.0226000007,26.4052
106913,"Gaia DR3 6810896745007524736","Gaia DR2 6810896745007524736","Gaia DR1 6810896809432796800",39.13,0.83,37.8872,0.0230999999,26.3941
400,"Gaia DR3 2848150288954631296","Gaia DR2 2848150288954631296","Gaia DR1 2848150284659254656",39.06,0.93,37.9297,0.0258000009,26.3646
61099,"Gaia DR3 3949377704625720192","Gaia DR2 3949377704625720192","Gaia DR1 3949377700330586624",39.62,0.95,37.964,0.0320999995,26.3407
42418,"Gaia DR3 595390807776621824","Gaia DR2 595390807776621824","Gaia DR1 595390803480684928",39.28,1.21,37.9713,0.2187999934,26.3357
54155,"Gaia DR3 3789271459953459328","Gaia DR2 3789271459953459328","Gaia DR1 3789271455657632000",40.57,1.4,38.014,0.0221999995,26.3061
61329,"Gaia DR3 3526876102361317760","Gaia DR2 3526876102361317760",\N,39.11,1.17,38.0521,0.0198999997,26.2798
92858,"Gaia DR3 6730759011817912320","Gaia DR2 6730759011817912320",\N,41.84,1.19,38.0653,0.3122000098,26.2706
88771,"Gaia DR3 4482432246132106496","Gaia DR2 4482432246130215296",\N,39.4,0.83,38.1263,0.2390999943,26.2286
62512,"Gaia DR3 1579858609793019264","Gaia DR2 1579858609793019264",\N,41.39,3.2,38.1905,0.2903999984,26.1845
522,"Gaia DR3 4976894960284258048","Gaia DR2 4976894960284258048",\N,39,0.64,38.1945,0.0355000012,26.1818
84487,"Gaia DR3 4141979774942939264","Gaia DR2 4141979774942939264","Gaia DR1 4141979770642515200",40.17,1.85,38.2028,0.0176999997,26.1761
27075,"Gaia DR3 2966790170574625408","Gaia DR2 2966790170574625408","Gaia DR1 2966790166276461184",39.15,0.74,38.2253,0.0189999994,26.1607
93747,"Gaia DR3 4314399312979641728","Gaia DR2 4314399312929014656",\N,39.18,0.72,38.2329,0.3492000103,26.1555
64113,"Gaia DR3 3937082209690529408","Gaia DR2 3937082209689968896",\N,39.12,4.13,38.241,0.6800000072,26.1499
110774,"Gaia DR3 2205488624442109824","Gaia DR2 2205488624442109824","Gaia DR1 2205488624442109824",39.97,1.28,38.3129,0.0115999999,26.1009
51254,"Gaia DR3 3862361392330264320","Gaia DR2 3862361392330264320","Gaia DR1 3862361388034819328",39.75,1.54,38.324,0.0270000007,26.0933
17147,"Gaia DR3 3250489115709122560","Gaia DR2 3250489115708824064","Gaia DR1 3250489111412220544",41.07,0.86,38.3253,0.0307999998,26.0924
10339,"Gaia DR3 333053037107550080","Gaia DR2 333053037107550080","Gaia DR1 333053032809971456",39.1,0.91,38.3338,0.0285,26.0866
90864,"Gaia DR3 4508601275714721152","Gaia DR2 4508601275714721152","Gaia DR1 4508601271414326656",39.73,0.9,38.3448,0.0177999996,26.0792
6405,"Gaia DR3 2786115533677290240","Gaia DR2 2786115533677290240","Gaia DR1 2786115529382382080",39.07,0.8,38.3495,0.0211999994,26.076
9749,"Gaia DR3 5021412261945549568","Gaia DR2 5021412261945549568","Gaia DR1 5021412257649943040",44.37,1.97,38.3545,0.0165999997,26.0726
97051,"Gaia DR3 4302670684951953280","Gaia DR2 4302670684951953280","Gaia DR1 4302670680625318784",44.18,1.86,38.3579,0.0148999998,26.0702
116838,\N,\N,"Gaia DR1 2826159845944612736",39.51,1.85,38.43,0.9900000095,26.0213
7372,"Gaia DR3 5022972468946212352","Gaia DR2 5022972468946212352",\N,42.29,1.47,38.4341,0.6649000049,26.0186
51928,"Gaia DR3 5455932041699339008","Gaia DR2 5455932041699339008","Gaia DR1 5455932037401675136",39.56,3.14,38.495,0.0228000004,25.9774
2081,"Gaia DR3 4993479684438433792",\N,\N,42.14,0.78,38.5,0.7300000191,25.974
75266,"Gaia DR3 4420712604009198080","Gaia DR2 4420712604009198080","Gaia DR1 4420712599713376640",39.35,1.37,38.501,0.0241999999,25.9734
110066,"Gaia DR3 6512176375093055744","Gaia DR2 6512176375093055744",\N,39.38,1.13,38.5442,0.0197999999,25.9442
57494,"Gaia DR3 3585636855608873984","Gaia DR2 3585636855608873984","Gaia DR1 3585636851311975552",40.57,2.66,38.5497,0.0288999993,25.9405
60370,"Gaia DR3 6150200345317455232","Gaia DR2 6150200345317455232","Gaia DR1 6150200341022048000",39.02,0.8,38.5703,0.0217000004,25.9267
53910,"Gaia DR3 856096765753549056","Gaia DR2 856096765752993280",\N,41.07,0.6,38.6031,1.1284999847,25.9047
109084,"Gaia DR3 2613420563766963200","Gaia DR2 2613420563766963200","Gaia DR1 2613420563766963200",46.7,7.86,38.6157,0.5328999758,25.8962
17207,"Gaia DR3 3271668905115228672","Gaia DR2 3271668905115228672","Gaia DR1 3271668969538328576",39.87,2.01,38.6196,0.0423999988,25.8936
19165,"Gaia DR3 5091077112524265344","Gaia DR2 5091077112523802112","Gaia DR1 5091077108227400576",42.54,1.64,38.6445,0.0173000004,25.8769
65327,"Gaia DR3 1565976794456209792","Gaia DR2 1565976794456209792",\N,39.84,1.44,38.6834,0.4420000017,25.8509
36853,"Gaia DR3 865699110037321600","Gaia DR2 865699110037321600","Gaia DR1 865699105740762496",39.31,3.31,38.6981,0.0187999997,25.8411
10688,"Gaia DR3 4743263514068260608","Gaia DR2 4743263514067898240",\N,40.4,2.95,38.7109,0.0205000006,25.8325
35628,"Gaia DR3 1108183342844837888","Gaia DR2 1108183342844837888","Gaia DR1 1108183338545326336",39.1,1.15,38.7432,0.0198999997,25.811
117542,"Gaia DR3 2327840667768506368","Gaia DR2 2327840667768506368","Gaia DR1 2327840663474971392",39.53,1.13,38.7568,0.0285,25.8019
61100,"Gaia DR3 1571145907856592768","Gaia DR2 1571145907856592768",\N,42.13,3.11,38.7846,0.5583999753,25.7834
2711,"Gaia DR3 4925088171405735680","Gaia DR2 4925088171405735680",\N,39.03,0.62,38.8246,0.0465999991,25.7569
32423,"Gaia DR3 937667952871051776","Gaia DR2 937667952870489856","Gaia DR1 937667948573715072",40.02,1.22,38.8281,0.0215000007,25.7545
73252,"Gaia DR3 1614477420588506240","Gaia DR2 1614477420588506240","Gaia DR1 1614477416292556544",39.95,0.92,38.8326,0.0138999997,25.7516
105675,"Gaia DR3 6453300894679705984","Gaia DR2 6453300894679705984","Gaia DR1 6453300890383166720",39.39,1.26,38.9387,0.0182000007,25.6814
39710,"Gaia DR3 5596797039059063680","Gaia DR2 5596797039059063680","Gaia DR1 5596797034747496576",39.08,0.77,38.9581,0.0173000004,25.6686
42173,"Gaia DR3 594989417312890368","Gaia DR2 594989417312890368","Gaia DR1 594989413017794944",42.71,4.61,38.9809,0.0412000008,25.6536
53947,"Gaia DR3 3969885761146749952","Gaia DR2 3969885761146749952","Gaia DR1 3969885756851667584",57.46,25.52,38.9897,0.0225000009,25.6478
53953,"Gaia DR3 3969885761146749824","Gaia DR2 3969885761146749824","Gaia DR1 3969885756851667712",59.31,12.56,38.9927,0.0221999995,25.6458
17157,"Gaia DR3 4833306713154584704","Gaia DR2 4833306713154584704","Gaia DR1 4833306708858124416",39.84,1.11,39.0821,0.0177999996,25.5872
48502,"Gaia DR3 5463156589008251648","Gaia DR2 5463156589008251648","Gaia DR1 5463156584711913856",39.02,2.52,39.0922,0.2419999987,25.5806
32939,"Gaia DR3 5562061542577445760","Gaia DR2 5562061542577445760","Gaia DR1 5562061538279299840",39.19,1.01,39.128,0.0091000004,25.5571
66704,"Gaia DR3 1558718059209082752","Gaia DR2 1558718059209082752","Gaia DR1 1558718054912221952",39.64,0.71,39.1793,0.0253999997,25.5237
111170,"Gaia DR3 2622845684814477696","Gaia DR2 2622845684814477696",\N,39.18,1.83,39.1884,0.6248999834,25.5178
4443,"Gaia DR3 2472505371140957952","Gaia DR2 2472505371140425472","Gaia DR1 2472505366844289536",41.73,2.29,39.1987,0.0284000002,25.5111
62505,"Gaia DR3 3523699441470095104","Gaia DR2 3523699441470095104",\N,47.19,1.93,39.2109,0.6151999831,25.5031
18180,"Gaia DR3 4857520536178521344","Gaia DR2 4857520536178521344",\N,39.48,2.69,39.2185,0.0179999992,25.4982
26501,\N,\N,"Gaia DR1 4796263715441768832",39.59,0.94,39.22,0.75,25.4972
86742,"Gaia DR3 4473334474604992384","Gaia DR2 4473334474601314560",\N,39.78,0.75,39.2284,0.202700004,25.4917
117946,"Gaia DR3 2847644410526748416","Gaia DR2 2847644410526748416","Gaia DR1 2847644406230983680",39.35,1.16,39.2555,0.0220999997,25.4741
76233,"Gaia DR3 4400452830957830656","Gaia DR2 4400452830957830656","Gaia DR1 4400452826661590656",39.78,0.83,39.2622,0.0277999993,25.4698
12186,"Gaia DR3 5062172841616745856","Gaia DR2 5062172841616745856",\N,39.16,0.64,39.2946,0.0305000003,25.4488
108092,"Gaia DR3 1960390203963541760","Gaia DR2 1960390203963541760","Gaia DR1 1960390199663139456",43.07,1.55,39.3117,0.0119000003,25.4377
55507,"Gaia DR3 788340461203094912","Gaia DR2 788340461203094912","Gaia DR1 788340834864017408",40.36,1.48,39.3187,0.0147000002,25.4332
96258,"Gaia DR3 2136027771930903808","Gaia DR2 2136027771930903808",\N,39.08,0.47,39.3227,0.0280000009,25.4306
34567,"Gaia DR3 882872210352301568","Gaia DR2 882872210352301568","Gaia DR1 882872206055476736",40.68,1.02,39.3515,0.1367000043,25.412
63762,"Gaia DR3 1728599752525089408","Gaia DR2 1728599752525089408","Gaia DR1 1728599748229472000",41.12,0.76,39.3725,0.0851000026,25.3984
115126,"Gaia DR3 2411855072801158656","Gaia DR2 2411855072801158656",\N,48.22,5.25,39.4019,1.0568000078,25.3795
54803,"Gaia DR3 3804108716535576960","Gaia DR2 3804108716535576960",\N,41.49,2.03,39.42,2.0299999714,25.3678
8190,"Gaia DR3 351045720262686080","Gaia DR2 351045720262686080",\N,40.43,2.67,39.4243,0.0241,25.3651
23941,"Gaia DR3 3212075924646082176","Gaia DR2 3212075924646082176",\N,39.99,0.7,39.4394,0.0930000022,25.3554
63257,"Gaia DR3 3524996177995941632","Gaia DR2 3524996177995941632",\N,43.13,1.32,39.4978,0.3889999986,25.3179
62956,"Gaia DR3 1576683529448755328",\N,\N,40.3,0.62,39.51,0.200000003,25.31
74605,"Gaia DR3 1645425614893967744","Gaia DR2 1645425614893967744","Gaia DR1 1645425610597706112",39.51,0.47,39.5487,0.0648000017,25.2853
99880,"Gaia DR3 2080826374043095552","Gaia DR2 2080826374043095552","Gaia DR1 2080826374043095552",40.97,1.21,39.5574,0.0109999999,25.2797
36927,"Gaia DR3 5492574125690123264","Gaia DR2 5492574125690123264","Gaia DR1 5492574121392001664",39.66,0.8,39.5637,0.0138999997,25.2757
3170,"Gaia DR3 4906784051581971200","Gaia DR2 4906784051581554560",\N,39.26,0.56,39.5912,0.0410000011,25.2581
48509,"Gaia DR3 826957061916956544","Gaia DR2 826957061916956544","Gaia DR1 826957057622290048",39.75,3.27,39.6032,0.0206000004,25.2505
41802,"Gaia DR3 3064885260813278336","Gaia DR2 3064885260813278336",\N,46.02,6.28,39.6192,0.0693000033,25.2403
32765,"Gaia DR3 5557816190743628416","Gaia DR2 5557816190743628416",\N,39.66,0.53,39.6665,0.0707999989,25.2102
90376,"Gaia DR3 2294149672988951680","Gaia DR2 2294149672988951680","Gaia DR1 2294149668692602880",40.98,0.89,39.6716,0.0132999998,25.2069
103544,"Gaia DR3 1866522319330814592","Gaia DR2 1866522319327259136","Gaia DR1 1866522315019734784",42.8,2.23,39.6776,0.0207000002,25.2031
73100,"Gaia DR3 1592338513445876608","Gaia DR2 1592338513445876608","Gaia DR1 1592338509149257600",40.25,0.54,39.7477,0.0388999991,25.1587
74975,"Gaia DR3 4421455530273900032","Gaia DR2 4421455530273467392",\N,40.46,0.81,39.7954,0.0807000026,25.1285
112245,"Gaia DR3 2211393521580984320","Gaia DR2 2211393521580984320","Gaia DR1 2211393517279840896",39.82,0.71,39.796,0.0141000003,25.1282
94981,"Gaia DR3 2051069711047203712","Gaia DR2 2051069711047203712","Gaia DR1 2051069706747074688",39.64,0.56,39.8305,0.0925000012,25.1064
33373,"Gaia DR3 950395658954590080","Gaia DR2 950395658954590080","Gaia DR1 950395654660064896",41.53,1.41,39.8698,0.0228000004,25.0816
10925,"Gaia DR3 4963661822446609792","Gaia DR2 4963661822446609792",\N,39.3,1.07,39.9014,0.1665000021,25.0618
65477,"Gaia DR3 1565090003967879424","Gaia DR2 1565090003969283968",\N,40.19,0.57,39.91,0.1299999952,25.0564
70308,"Gaia DR3 5846770973285176960","Gaia DR2 5846770973285176960","Gaia DR1 5846770968964962560",42.29,1.47,39.9221,0.2117000073,25.0488
4454,"Gaia DR3 532855499837123584","Gaia DR2 532855499837123584","Gaia DR1 532855495538626176",41.45,1.01,39.9285,0.0116999997,25.0448
59280,"Gaia DR3 1536064958579187840","Gaia DR2 1536064958579187840","Gaia DR1 1536064954283597696",41.07,0.98,39.9292,0.0207000002,25.0443
21223,"Gaia DR3 4865826693691966464","Gaia DR2 4865826693691482496",\N,39.93,0.93,39.9733,0.0173000004,25.0167
83451,"Gaia DR3 1437124683199761920","Gaia DR2 1437124683199761920","Gaia DR1 1437124678903935744",39.71,1.57,39.9765,0.0149999997,25.0147
64550,"Gaia DR3 6088054505011960832","Gaia DR2 6088054505011960832","Gaia DR1 6088054500713602560",40.87,0.84,39.9859,0.0221999995,25.0088
116491,"Gaia DR3 6523442177391053312","Gaia DR2 6523442177391053312","Gaia DR1 6523442173093167360",42.13,1.67,39.991,0.0177999996,25.0056
83454,"Gaia DR3 1437124683199762304","Gaia DR2 1437124683199762304",\N,40.18,4.76,39.9955,0.0121999998,25.0028
29067,"Gaia DR3 1105408965770145920","Gaia DR2 1105408965770145920","Gaia DR1 1105408961471405312",40.12,1.78,40.0653,0.0137999998,24.9593
114252,"Gaia DR3 2410011260521088512","Gaia DR2 2410011256225662208","Gaia DR1 2410011256225662208",45.75,2.6,40.0995,0.0234999992,24.938
114886,"Gaia DR3 1909581805999126784","Gaia DR2 1909581805999126784","Gaia DR1 1909581801702706560",41.33,0.97,40.1543,0.0199999996,24.9039
28360,\N,"Gaia DR2 196656661174768512",\N,39.72,0.78,40.21,0.2300000042,24.8694
33537,"Gaia DR3 3379989457790428416","Gaia DR2 3379989457790428416","Gaia DR1 3379989453493244032",41.25,0.88,40.2733,0.0192000009,24.8303
114570,"Gaia DR3 1990723839987250176","Gaia DR2 1990723839987250176",\N,40.82,0.57,40.294,0.112999998,24.8176
116936,"Gaia DR3 2639991331699321472","Gaia DR2 2639991331699321472",\N,42.42,2.07,40.2969,0.1706999987,24.8158
102101,"Gaia DR3 2187263158355763072","Gaia DR2 2187263158355763072","Gaia DR1 2187263154059233152",41.74,1.15,40.3214,0.0119000003,24.8007
59774,"Gaia DR3 1575287046603605888","Gaia DR2 1575287046603149056",\N,40.05,0.6,40.3279,0.1944999993,24.7967
72981,"Gaia DR3 1174189362318863488","Gaia DR2 1174189362317947776","Gaia DR1 1174189358023347328",44.46,2.6,40.3302,0.0392999984,24.7953
113244,"Gaia DR3 2711324381934051200","Gaia DR2 2711324381934051200","Gaia DR1 2711324377639008384",41.15,2.65,40.3474,0.0237000007,24.7847
64048,"Gaia DR3 1468036318743647616","Gaia DR2 1468036318743647616","Gaia DR1 1468036314447534976",41.9,1.52,40.3737,0.0156999994,24.7686
51933,"Gaia DR3 3754435186374119424","Gaia DR2 3754435186374119424",\N,40.67,0.68,40.3975,0.1086999997,24.754
56936,"Gaia DR3 1057879895596316416","Gaia DR2 1057879895596316416",\N,44.28,2.83,40.4156,0.0146000003,24.7429
102226,"Gaia DR3 1817769836303393280","Gaia DR2 1817769836303393280",\N,39.38,1.03,40.4178,0.0230999999,24.7416
101345,"Gaia DR3 6904703228801028864","Gaia DR2 6904703228801028864",\N,41.26,0.87,40.4241,0.0496999994,24.7377
58803,"Gaia DR3 6148648281576023424","Gaia DR2 6148648281576023424",\N,41.32,0.76,40.4345,0.0883999988,24.7314
1598,"Gaia DR3 379582273249916416","Gaia DR2 379582273249916416","Gaia DR1 379582268954107520",40.25,0.81,40.4392,0.0181000009,24.7285
9269,"Gaia DR3 304991163902854784","Gaia DR2 304991163902854784","Gaia DR1 304991159606878336",40.74,0.9,40.4424,0.0256999992,24.7265
64690,"Gaia DR3 5765846127180770432","Gaia DR2 5765846127180770432","Gaia DR1 5765846122884217600",40.52,0.56,40.4757,0.0146000003,24.7062
24786,"Gaia DR3 2981583790287411200","Gaia DR2 2981583790287411200","Gaia DR1 2981583785990414720",40.11,0.76,40.4785,0.0254999995,24.7045
66840,"Gaia DR3 3662358955927624960","Gaia DR2 3662358955927624960","Gaia DR1 3662358951632047616",42.19,1.63,40.4853,0.0197000001,24.7003
101983,"Gaia DR3 6454967273273436416","Gaia DR2 6454967273272504960",\N,41.33,0.73,40.5683,0.0895000026,24.6498
60994,\N,\N,"Gaia DR1 3528362362908431616",40.03,0.98,40.57,0.6000000238,24.6488
66886,"Gaia DR3 3661492609484469504","Gaia DR2 3661492609484469504","Gaia DR1 3661492639548577792",41.22,1.41,40.6135,0.0209999997,24.6224
26373,"Gaia DR3 4795598309045006208","Gaia DR2 4795598309045006208","Gaia DR1 4795598304748572544",41.9,1.74,40.6567,0.0137,24.5962
1276,"Gaia DR3 4977352700720504192","Gaia DR2 4977352700719796864",\N,41.32,3.89,40.6718,0.5252000093,24.5871
117697,"Gaia DR3 2390021451933103616","Gaia DR2 2390021451933103616",\N,39.4,3.4,40.6908,0.0186999999,24.5756
118162,"Gaia DR3 1940954617956840192","Gaia DR2 1940954617956840192","Gaia DR1 1940954613654313984",41.35,0.76,40.7348,0.0557999983,24.549
26369,"Gaia DR3 4795596831576255488","Gaia DR2 4795596831576255488","Gaia DR1 4795596827281131904",41.23,15.54,40.7575,0.0395000018,24.5354
15131,"Gaia DR3 4847282124418880256","Gaia DR2 4847282124418880256","Gaia DR1 4847281913964276480",41.05,0.59,40.7774,0.0160000008,24.5234
87579,"Gaia DR3 4576863905365412736","Gaia DR2 4576863905365412736","Gaia DR1 4576863901065332480",40.22,1.04,40.7788,0.0175999999,24.5225
68030,"Gaia DR3 1230894097540611968","Gaia DR2 1230894097540611968","Gaia DR1 1230899968760552960",41.28,0.79,40.7997,0.0271000005,24.51
107625,"Gaia DR3 6584461671116752128","Gaia DR2 6584461671116752128","Gaia DR1 6584461701180431488",42.12,1.06,40.8138,0.0201999992,24.5015
19930,"Gaia DR3 177425034575534464","Gaia DR2 177425034575534464","Gaia DR1 177425030278833408",39.08,1.16,40.9036,0.0255999994,24.4477
93871,"Gaia DR3 4307162018124573312","Gaia DR2 4307162018124573312","Gaia DR1 4307162013825208448",41.19,1.34,40.9448,0.0207000002,24.4231
12158,"Gaia DR3 2495442626804315392","Gaia DR2 2495442626804315392","Gaia DR1 2495489557911665152",41.09,1.25,40.9518,0.0386000015,24.419
88945,"Gaia DR3 4590489981163831296","Gaia DR2 4590489981163831296","Gaia DR1 4590489976865508480",39.62,0.68,40.9645,0.0166999996,24.4114
29432,"Gaia DR3 3319126988068404096","Gaia DR2 3319126988068404096","Gaia DR1 3319126983769640320",43.26,0.87,40.9764,0.0240000002,24.4043
60310,"Gaia DR3 6149747002930436352","Gaia DR2 6149747002930436352","Gaia DR1 6149746998632670976",41.49,1.23,40.9891,0.0241999999,24.3967
104436,"Gaia DR3 6348288635054855680","Gaia DR2 6348288635054855680",\N,41.28,0.58,41.0626,0.0201999992,24.3531
42333,"Gaia DR3 5755064487956174720","Gaia DR2 5755064487956174720","Gaia DR1 5755064483659664512",42.32,1.04,41.0649,0.0228000004,24.3517
6344,"Gaia DR3 565471721996476160","Gaia DR2 565471721996476160","Gaia DR1 565471717699614080",41.44,1.05,41.0677,0.0125000002,24.35
43797,"Gaia DR3 5317114850417299584","Gaia DR2 5317114850417299584","Gaia DR1 5317114846104331264",41.41,0.44,41.0816,0.0359999985,24.3418
897,"Gaia DR3 2443632711191439104","Gaia DR2 2443632711190063872","Gaia DR1 2443632706895035136",39.19,2.29,41.0917,0.0313000008,24.3358
35943,"Gaia DR3 3027559353615045760","Gaia DR2 3027559353615045760","Gaia DR1 3027559349309579264",41.56,1.7,41.105,0.0165999997,24.3279
7765,"Gaia DR3 2589107273595379584","Gaia DR2 2589107273595379584",\N,61.3,36.67,41.1075,0.0237000007,24.3265
84607,"Gaia DR3 4575374857376398976","Gaia DR2 4575374857376398976",\N,41.58,1.04,41.1103,0.0168999992,24.3248
95575,"Gaia DR3 2129771310248902016","Gaia DR2 2129771310248902016","Gaia DR1 2129771271592838272",39.73,1.03,41.1132,0.2138999999,24.3231
113829,"Gaia DR3 2832641058969396864","Gaia DR2 2832641058969396864","Gaia DR1 2832641054673513600",41.19,0.87,41.1604,0.0231999997,24.2952
54513,"Gaia DR3 3788517916531415552","Gaia DR2 3788517916531415552","Gaia DR1 3788517912236278400",39.87,2.45,41.1801,0.0211999994,24.2836
106231,"Gaia DR3 1797276382668029440","Gaia DR2 1797276382668029440","Gaia DR1 1797276378371105024",39.91,1.18,41.2912,0.0168999992,24.2182
85810,"Gaia DR3 1335880415564253312","Gaia DR2 1335880415564253312","Gaia DR1 1335880411268656128",42.2,0.56,41.318,0.0151000004,24.2025
102119,"Gaia DR3 6855358349537379840","Gaia DR2 6855358349537379840","Gaia DR1 6855358345240967168",43.42,1.48,41.3264,0.0423000008,24.1976
102333,"Gaia DR3 6471630024096107008","Gaia DR2 6471630024096107008",\N,41.38,0.82,41.3357,0.115699999,24.1922
66587,"Gaia DR3 3632451071421231360","Gaia DR2 3632451071421231360","Gaia DR1 3632451067125660544",40.27,2.1,41.3379,0.0196000002,24.1909
56630,"Gaia DR3 767326526253334400","Gaia DR2 767326526253334400","Gaia DR1 767326521957305472",40.99,1.55,41.3473,0.0144999996,24.1854
81813,"Gaia DR3 1648568843759668480","Gaia DR2 1648568843759668480","Gaia DR1 1648565884526014336",41.15,0.57,41.3671,0.0138999997,24.1738
5944,"Gaia DR3 373349657227961472","Gaia DR2 373349657227961472","Gaia DR1 373349652931556352",42.3,0.75,41.3803,0.0241999999,24.1661
116416,"Gaia DR3 2871343486014101888","Gaia DR2 2871343486014101888","Gaia DR1 2871343486014101888",42.63,0.93,41.382,0.0227000006,24.1651
73362,"Gaia DR3 5908246317645043200","Gaia DR2 5908246317645043200","Gaia DR1 5908246313340913664",39.27,1.5,41.4009,0.0156999994,24.1541
86340,"Gaia DR3 1651145102583323136","Gaia DR2 1651145102583323136","Gaia DR1 1651145098287579264",41.82,0.81,41.4032,0.0136000002,24.1527
45839,"Gaia DR3 5746426720312132608","Gaia DR2 5746426720312132608","Gaia DR1 5746426720312132608",41.4,1.38,41.4146,0.0184000004,24.1461
46549,"Gaia DR3 3824731809460825728","Gaia DR2 3824731809460825728",\N,42.47,1.53,41.448,0.0168999992,24.1266
70849,"Gaia DR3 6099000589942631424","Gaia DR2 6099000589942631424","Gaia DR1 6099000585642900864",41.71,2.02,41.4618,0.0175000001,24.1186
88622,"Gaia DR3 4471087175915086080","Gaia DR2 4471087175915086080",\N,41,0.88,41.4741,0.0210999995,24.1114
99137,"Gaia DR3 6472858766996632704","Gaia DR2 6472858766996632704",\N,43.08,0.79,41.5069,0.0280000009,24.0924
28267,"Gaia DR3 3022685626580347392","Gaia DR2 3022685626580347392","Gaia DR1 3022685626580347392",43.1,0.93,41.5366,0.0209999997,24.0752
7576,"Gaia DR3 2477815222028038272","Gaia DR2 2477815222028038272","Gaia DR1 2478002890623968128",42.35,0.96,41.5636,0.0238000005,24.0595
5799,"Gaia DR3 2475331528340199936","Gaia DR2 2475331528340199936",\N,41.01,0.89,41.5747,0.1058000028,24.0531
114066,"Gaia DR3 2207738916728293888","Gaia DR2 2207738916728293888","Gaia DR1 2207738912429172608",40.09,1.48,41.6161,0.0125000002,24.0292
35872,"Gaia DR3 3163201979956736000","Gaia DR2 3163201979956736000","Gaia DR1 3163201975660314752",39.91,1.14,41.6164,0.0280000009,24.029
84223,"Gaia DR3 1354166805762941184","Gaia DR2 1354166805762941184","Gaia DR1 1354166045553287808",41.97,4.53,41.6183,0.0940999985,24.0279
74273,"Gaia DR3 5876112300125320448","Gaia DR2 5876112300125320448","Gaia DR1 5876112295743277824",41.41,0.77,41.6198,0.0201999992,24.027
8275,"Gaia DR3 2575383100738086656","Gaia DR2 2575383100738086656","Gaia DR1 2575383096443042176",43.37,1.38,41.646,0.0223999992,24.0119
15442,"Gaia DR3 3261878613062758144","Gaia DR2 3261878613062758144","Gaia DR1 3261878608767523712",40.52,0.98,41.671,0.0219000001,23.9975
109980,"Gaia DR3 2220169200616370432","Gaia DR2 2220169200616370432","Gaia DR1 2220169200616370432",41.69,0.88,41.6775,0.0109000001,23.9938
99031,"Gaia DR3 2059103120983068160","Gaia DR2 2059103120983068160",\N,41.34,0.54,41.6804,0.0518000014,23.9921
39064,"Gaia DR3 670853314448533888","Gaia DR2 670853314448533888",\N,43.21,0.96,41.687,0.1877000034,23.9883
12886,"Gaia DR3 340780267388505344","Gaia DR2 340780267388505344","Gaia DR1 340780263091643008",42.59,2.21,41.7126,0.0209999997,23.9736
93185,"Gaia DR3 2041085973668754176","Gaia DR2 2041085973668754176","Gaia DR1 2041085866285258112",42.68,0.64,41.7143,0.0146000003,23.9726
2072,"Gaia DR3 4992538055808271360","Gaia DR2 4992538055807707776",\N,42.51,0.69,41.7228,0.135800004,23.9677
39896,"Gaia DR3 902175202130167936","Gaia DR2 902175202130167936",\N,48.26,3.16,41.7312,0.9261999726,23.9629
91605,"Gaia DR3 2090051761936884864","Gaia DR2 2090051761936884864",\N,41.88,1.59,41.7451,0.0164999999,23.9549
72387,"Gaia DR3 1294776032353235968","Gaia DR2 1294776032353235968","Gaia DR1 1294776028057627648",41.26,1.47,41.7463,0.0129000004,23.9542
96395,"Gaia DR3 2142179058450057856","Gaia DR2 2142179058450057856","Gaia DR1 2142179054152209792",41.24,0.49,41.759,0.0247000009,23.9469
72603,"Gaia DR3 6309706875115188224","Gaia DR2 6309706875115188224",\N,42.26,1.04,41.7742,0.3770999908,23.9382
32366,"Gaia DR3 5584019442620181760","Gaia DR2 5584019442620181760","Gaia DR1 5584019438321010432",41.2,0.56,41.7838,0.0270000007,23.9327
12623,"Gaia DR3 335144892337326336","Gaia DR2 335144892337326336",\N,40.52,1.25,41.7962,0.295599997,23.9256
8486,"Gaia DR3 2461045711199481472","Gaia DR2 2461045711199481472",\N,43.47,4.48,41.8,0.2578999996,23.9234
12493,"Gaia DR3 2501948402746099456","Gaia DR2 2501948402746099456","Gaia DR1 2501948398450800896",44.84,1.46,41.8223,0.0208000001,23.9107
15673,"Gaia DR3 443016706832479488","Gaia DR2 443016706832479488","Gaia DR1 443016702534800640",44.03,1.24,41.8285,0.0192000009,23.9071
66781,"Gaia DR3 1562668432688194688","Gaia DR2 1562668432687758976","Gaia DR1 1562668428391618560",42.12,0.76,41.8503,0.0177999996,23.8947
5957,"Gaia DR3 294517800251711616","Gaia DR2 294517800251711616","Gaia DR1 294517795956289664",44.03,1.59,41.8758,0.0208999999,23.8801
30314,"Gaia DR3 5481848424118748672","Gaia DR2 5481848424118748672","Gaia DR1 5481848419822114560",42.56,0.49,41.8877,0.0137999998,23.8734
60093,"Gaia DR3 4010201828880793984","Gaia DR2 4010201828880793984","Gaia DR1 4010201858944875392",40.58,1.94,41.9016,0.0307999998,23.8654
17666,"Gaia DR3 231113736385994624","Gaia DR2 231113736385994624","Gaia DR1 231113736385994624",40.83,2.24,41.9035,0.0237000007,23.8644
52369,"Gaia DR3 3750995604764854400","Gaia DR2 3750995604764854400",\N,42.73,0.82,41.9082,0.0293000005,23.8617
68337,"Gaia DR3 1250801855073489280","Gaia DR2 1250801855073489280","Gaia DR1 1250801850778220928",41.97,1.17,41.9416,0.0173000004,23.8427
112117,"Gaia DR3 6519024545827374336","Gaia DR2 6519024545827374336",\N,42.47,0.72,41.9811,0.0309999995,23.8202
39780,"Gaia DR3 676768820148924416","Gaia DR2 676768820148924416",\N,42.86,0.97,41.9916,0.0841000006,23.8143
105184,"Gaia DR3 6577318075351824512","Gaia DR2 6577318075351824512",\N,42.04,0.9,42.0274,0.0209999997,23.794
115058,"Gaia DR3 1941217160713765376","Gaia DR2 1941217160713765376","Gaia DR1 1941217156415119616",41.19,1.87,42.0397,0.0173000004,23.787
738,"Gaia DR3 2333676738050041728","Gaia DR2 2333676738049780352",\N,42.82,2.61,42.0592,0.0324000008,23.776
60866,"Gaia DR3 3517119173615245824","Gaia DR2 3517119173615245824","Gaia DR1 3517119169320007808",40.09,1.23,42.0768,0.0186999999,23.7661
13976,"Gaia DR3 8479094371605632","Gaia DR2 8479094371605632","Gaia DR1 8479090076267264",42.66,1.22,42.0781,0.0277999993,23.7653
85582,"Gaia DR3 4599020335968830976",\N,\N,42.4,3.76,42.09,2.5,23.7586
46733,"Gaia DR3 1064092789129355136","Gaia DR2 1064092789128664960",\N,43.2,0.64,42.0904,0.1615999937,23.7584
86201,"Gaia DR3 1637717179389828224","Gaia DR2 1637717179389828224",\N,42.62,0.53,42.0939,0.1424999982,23.7564
24874,"Gaia DR3 2983256662869643776","Gaia DR2 2983256662869643776","Gaia DR1 2983256658572698880",41.09,1.26,42.094,0.0160000008,23.7564
6097,"Gaia DR3 2456594647612706432","Gaia DR2 2456594643316646784","Gaia DR1 2456594643316646784",45.22,3.65,42.1036,0.0423000008,23.7509
9829,"Gaia DR3 104453918172129792","Gaia DR2 104453918172129792",\N,43.14,0.94,42.1141,0.0205000006,23.745
10337,"Gaia DR3 5124636303346779008","Gaia DR2 5124636303346779008","Gaia DR1 5124636299050940672",43,1.67,42.1225,0.0166999996,23.7403
51271,"Gaia DR3 5357886734438478848","Gaia DR2 5357886734438478848","Gaia DR1 5357886730128255744",41.16,0.96,42.1312,0.0132999998,23.7354
77908,"Gaia DR3 6235558525363302912","Gaia DR2 6235558525363302912","Gaia DR1 6235558521063056640",39.45,8.88,42.1347,0.0179999992,23.7334
71743,"Gaia DR3 6286606170175267840","Gaia DR2 6286606170175267840","Gaia DR1 6286606165879650944",42.43,0.97,42.1376,0.0273000002,23.7318
44899,"Gaia DR3 5624529024402652288","Gaia DR2 5624529024402652288","Gaia DR1 5624529020101066880",44.75,1.58,42.1477,0.0120999999,23.7261
55052,"Gaia DR3 3482765551281619456","Gaia DR2 3482765551281619456","Gaia DR1 3482765546984850176",39.68,2.2,42.1618,0.0240000002,23.7182
108567,"Gaia DR3 6409473742721612544","Gaia DR2 6409473742721612544","Gaia DR1 6409473738424713472",43.04,1.53,42.1732,0.0153999999,23.7117
105911,"Gaia DR3 6576209007420385792","Gaia DR2 6576209007420385792","Gaia DR1 6576209007420385792",42.52,1.29,42.1989,0.0460000001,23.6973
109537,"Gaia DR3 1958031442283263616","Gaia DR2 1958031442281432448","Gaia DR1 1958031369264905472",44.84,3.24,42.2036,0.0206000004,23.6947
20222,"Gaia DR3 177391907491420032","Gaia DR2 177391907491420032","Gaia DR1 177391907491420032",43.27,7.18,42.2073,0.0173000004,23.6926
80229,"Gaia DR3 5941478335062267392","Gaia DR2 5941478335062267392","Gaia DR1 5941478330735352192",41.01,3.69,42.2128,0.0201999992,23.6895
45116,"Gaia DR3 1011390516749963392","Gaia DR2 1011390516749963392","Gaia DR1 1011390512454209024",39.89,2.32,42.2251,0.0160000008,23.6826
64880,"Gaia DR3 1474445475101294848","Gaia DR2 1474445475101294848","Gaia DR1 1474445470805026176",46.25,2.12,42.2253,0.0171000008,23.6825
1322,"Gaia DR3 4973763482448692096","Gaia DR2 4973763482448692096","Gaia DR1 4973763478151548544",44.82,3.44,42.2327,0.0315999985,23.6783
76267,"Gaia DR3 1222646935698492160",\N,\N,43.65,0.79,42.2408,0.9769999981,23.6738
107772,"Gaia DR3 6572326052043362304","Gaia DR2 6572326052043362304","Gaia DR1 6572326047746888832",44.45,2.15,42.2883,0.0141000003,23.6472
117559,"Gaia DR3 2867514406706887808","Gaia DR2 2867514406706887808","Gaia DR1 2867514402411146112",40.24,1.36,42.2919,0.0165999997,23.6452
6008,"Gaia DR3 2456487788826106112","Gaia DR2 2456487788826106112","Gaia DR1 2456487784530308352",41.14,2.69,42.3277,0.0174000002,23.6252
3143,"Gaia DR3 4980466929965023104","Gaia DR2 4980466929964496128","Gaia DR1 4980466925668414208",43.64,2.59,42.332,0.0248000007,23.6228
98316,"Gaia DR3 6449124395465377920","Gaia DR2 6449124395465377920","Gaia DR1 6449124395468033408",43.91,1.17,42.3356,0.0219999999,23.6208
55642,"Gaia DR3 3915612630249291008","Gaia DR2 3915612630249291008",\N,41.26,1.16,42.3548,0.3984000087,23.6101
103256,"Gaia DR3 1758463038092175232","Gaia DR2 1758463038092175232","Gaia DR1 1758463033794900224",44.04,1.19,42.3677,0.0995000005,23.6029
90306,"Gaia DR3 2108544241842459648","Gaia DR2 2108544241842459648",\N,39.4,1.79,42.3792,0.0108000003,23.5965
19233,"Gaia DR3 4675955810263106432","Gaia DR2 4675955810262461184","Gaia DR1 4675955805965522560",43.12,0.5,42.382,0.0274999999,23.5949
94368,"Gaia DR3 6643046944883125376","Gaia DR2 6643046944883125376","Gaia DR1 6643046944883125376",50.04,2.72,42.4143,0.0149999997,23.577
73005,"Gaia DR3 1606148310770764288","Gaia DR2 1606148310770764288","Gaia DR1 1606148306474379008",41.83,0.63,42.4215,0.0173000004,23.573
72875,"Gaia DR3 1265702917689682944","Gaia DR2 1265702917689682944","Gaia DR1 1265702913393573760",43.66,1.2,42.4219,0.0582000017,23.5727
28153,\N,\N,"Gaia DR1 4801001545405754880",42.17,1.77,42.43,1.1200000048,23.5682
14286,"Gaia DR3 466294295706341760","Gaia DR2 466294295706341760","Gaia DR1 466294291405221504",43.74,0.84,42.4587,0.0201999992,23.5523
10312,"Gaia DR3 5143621433184275200","Gaia DR2 5143621433184275200","Gaia DR1 5143621428888732416",39.26,2.63,42.464,0.0183000006,23.5494
114456,"Gaia DR3 1935133906477014016","Gaia DR2 1935133906475484544","Gaia DR1 1935133902176382720",42.65,0.74,42.464,0.0227000006,23.5494
57493,"Gaia DR3 791297254127958784","Gaia DR2 791297254127958784","Gaia DR1 791297318552301184",40.61,1.52,42.4658,0.0126999998,23.5484
98106,"Gaia DR3 6416143002299883904","Gaia DR2 6416143002299883904","Gaia DR1 6416142998001770240",42.78,1,42.4829,0.0171000008,23.5389
63406,"Gaia DR3 1527631807474248448","Gaia DR2 1527631807474248448",\N,41.36,1.48,42.4878,0.7573000193,23.5362
113201,"Gaia DR3 6512664180298450688","Gaia DR2 6512664180298450688",\N,40.44,3.02,42.4928,0.2213999927,23.5334
51468,"Gaia DR3 1047559604579391872","Gaia DR2 1047559604579391872","Gaia DR1 1047559600284372480",44.83,1.22,42.5344,0.0165999997,23.5104
8497,"Gaia DR3 2461043306017773696","Gaia DR2 2461043306017773696",\N,42.35,0.87,42.5848,0.1248999983,23.4826
89805,"Gaia DR3 6629790584164277376","Gaia DR2 6629790584164277376",\N,43.64,0.72,42.5918,0.0274,23.4787
117886,"Gaia DR3 2341178362288721536","Gaia DR2 2341178362288721536","Gaia DR1 2341178357993353856",40.44,2.41,42.5957,0.0239000004,23.4765
55718,"Gaia DR3 770435567178890624","Gaia DR2 770435567178890624","Gaia DR1 770435562888270336",43.89,1.49,42.6234,0.0164000001,23.4613
36827,"Gaia DR3 3054448838181163520","Gaia DR2 3054448838181163520","Gaia DR1 3054448833879666688",40.32,1.26,42.6341,0.0252999999,23.4554
56242,"Gaia DR3 3966121308211393920","Gaia DR2 3966121308211393920","Gaia DR1 3966121303915627136",43.42,1.1,42.6536,0.0725999996,23.4447
53580,"Gaia DR3 1072844970405231104","Gaia DR2 1072844970405231104",\N,43.43,1.45,42.6684,0.0120999999,23.4365
45963,"Gaia DR3 812477352773908608","Gaia DR2 812477352773908608","Gaia DR1 812477451555831936",41.19,1.08,42.6689,0.0197999999,23.4363
110719,"Gaia DR3 6357835488360338560","Gaia DR2 6357835488360338560",\N,60.24,20.25,42.692,0.2478999943,23.4236
12961,"Gaia DR3 5077642283022422656","Gaia DR2 5077642283022422656","Gaia DR1 5077642278726840832",42.01,1.58,42.6929,0.0141000003,23.4231
98066,"Gaia DR3 6754990976787039872","Gaia DR2 6754990976785694336",\N,42.03,0.94,42.7159,0.5537999868,23.4105
110712,"Gaia DR3 6357835694518769408","Gaia DR2 6357835694518769408",\N,43.39,0.96,42.7219,0.0196000002,23.4072
90959,"Gaia DR3 4535144998232287232","Gaia DR2 4535144998232287232","Gaia DR1 4535144993929524736",42.67,1.26,42.7251,0.0142000001,23.4054
1499,"Gaia DR3 2430102808294101760","Gaia DR2 2430102808294101760",\N,42.67,0.85,42.7308,0.0298999995,23.4023
50156,"Gaia DR3 628827128175694976","Gaia DR2 628827128175694976",\N,48.95,1.71,42.7417,0.189199999,23.3964
3810,"Gaia DR3 2781872793183604096","Gaia DR2 2781872793183604096",\N,41.8,0.75,42.7505,0.1116999984,23.3915
70873,"Gaia DR3 1491593733326694912","Gaia DR2 1491593733326694912",\N,42.43,0.59,42.7526,0.0174000002,23.3904
36635,"Gaia DR3 1108529414127974656","Gaia DR2 1108529409830717184","Gaia DR1 1108529409830717184",40.48,2.14,42.759,0.023,23.3869
106972,"Gaia DR3 1800750014779745152","Gaia DR2 1800750014778522240",\N,39.78,3.7,42.8021,0.5033000112,23.3633
37606,"Gaia DR3 5531762678610961664","Gaia DR2 5531762678610961664",\N,41.43,0.81,42.8213,0.3774999976,23.3529
13258,"Gaia DR3 33439176553394048","Gaia DR2 33439176553394048","Gaia DR1 33439206617713792",44.61,1.33,42.8445,0.0252,23.3402
102766,"Gaia DR3 1859954627138933888","Gaia DR2 1859954627138933888","Gaia DR1 1859954622830328320",42.23,0.98,42.8598,0.0179999992,23.3319
34673,"Gaia DR3 3032390401547521024","Gaia DR2 3032390401547521024","Gaia DR1 3032390397243449216",39.4,1.44,42.8656,0.0178999994,23.3287
45637,"Gaia DR3 5300714225746375424","Gaia DR2 5300714225746375424","Gaia DR1 5300714221429136128",42.59,1.09,42.8736,0.0114000002,23.3244
111983,"Gaia DR3 6519227714961476352","Gaia DR2 6519227714961476352","Gaia DR1 6519227710665462912",43.65,1.3,42.878,0.0132999998,23.322
75798,"Gaia DR3 6258382634409906560","Gaia DR2 6258382634409906560","Gaia DR1 6258382561387715072",39.78,2,42.8809,0.0211999994,23.3204
90496,"Gaia DR3 4076915349846977664","Gaia DR2 4076915349748285952",\N,42.2,0.9,42.9198,0.2127999961,23.2993
89474,"Gaia DR3 2115351387048328832","Gaia DR2 2115351387048328832","Gaia DR1 2115351382751264512",44.08,0.51,42.9348,0.0157999992,23.2911
6917,"Gaia DR3 288781167053300480","Gaia DR2 288781167053300480","Gaia DR1 288781162757755008",43.16,0.93,42.9461,0.0749000013,23.285
49366,"Gaia DR3 3766401961693098368","Gaia DR2 3766401961693098368","Gaia DR1 3766401957398155136",43.14,1.11,42.9562,0.0243999995,23.2795
106400,"Gaia DR3 2216158427021654528","Gaia DR2 2216158427021654528","Gaia DR1 2216158422717646336",43.2,0.95,42.9756,0.0127999997,23.269
27922,"Gaia DR3 2966316109264052096","Gaia DR2 2966316109264052096",\N,43.86,1.19,42.9759,0.0154999997,23.2689
78913,"Gaia DR3 1379416712336909440","Gaia DR2 1379416712336909440","Gaia DR1 1379416708040819328",42.57,0.86,43.0188,0.0164000001,23.2457
114954,"Gaia DR3 2384877214983800448","Gaia DR2 2384877214983800448","Gaia DR1 2384877210688388736",47.58,1.99,43.0269,0.0175000001,23.2413
72622,"Gaia DR3 6309703507861332736",\N,\N,42.25,1.05,43.03,0.1899999976,23.2396
108028,"Gaia DR3 1781003885454165888","Gaia DR2 1781003885454165888","Gaia DR1 1781003881159720576",41.71,0.98,43.0319,0.0223999992,23.2386
56284,"Gaia DR3 3547944531854903168","Gaia DR2 3547944531854903168","Gaia DR1 3547944527560319104",43.66,2.55,43.0899,0.0212999992,23.2073
89490,"Gaia DR3 4526778333217510656","Gaia DR2 4526778333217510656","Gaia DR1 4526778328916444160",43.1,2.18,43.1216,0.1724999994,23.1902
102488,"Gaia DR3 1869302503206674304","Gaia DR2 1869302503184405760",\N,45.26,0.53,43.1769,0.9383999705,23.1605
89348,"Gaia DR3 2161275788716592256","Gaia DR2 2161275788716592256",\N,42.56,0.45,43.1837,0.0939999968,23.1569
73241,"Gaia DR3 5901924435035073152","Gaia DR2 5901924435035073152","Gaia DR1 5901924430717349632",40.79,0.86,43.1904,0.1371999979,23.1533
10542,\N,\N,"Gaia DR1 5143341362663177216",44.96,1.69,43.2,1.3200000525,23.1481
84212,"Gaia DR3 4364702279101280256","Gaia DR2 4364702279101280256",\N,47.05,3.27,43.2586,0.3562000096,23.1168
15099,"Gaia DR3 14163878724940672","Gaia DR2 14163878724940672","Gaia DR1 14163874429353728",44.96,1.09,43.2649,0.0252,23.1134
3813,"Gaia DR3 4926529081393983104","Gaia DR2 4926529081393983104","Gaia DR1 4926529077097016192",46.32,2.06,43.2683,0.0144999996,23.1116
81520,"Gaia DR3 5927236979422123264","Gaia DR2 5927236979422123264","Gaia DR1 5927236975095622656",46.13,0.91,43.2721,0.0222999994,23.1096
11852,"Gaia DR3 4644127147661088256","Gaia DR2 4644127147661088256","Gaia DR1 4644127143365405184",44.31,0.8,43.3064,0.0133999996,23.0913
46417,"Gaia DR3 1144584084028819072","Gaia DR2 1144584084028819072","Gaia DR1 1144584457689559296",43.54,1.05,43.3068,0.0160000008,23.0911
105905,"Gaia DR3 6460163255986109056","Gaia DR2 6460163255986109056","Gaia DR1 6460163251690092416",43.12,1.17,43.3617,0.0183000006,23.0618
59000,"Gaia DR3 3518916943846357376","Gaia DR2 3518916943846357376","Gaia DR1 3518916939550517248",44.41,1.51,43.3654,0.0917999968,23.0599
54922,\N,\N,"Gaia DR1 3538007416345998592",44.12,1.66,43.39,1.2000000477,23.0468
84379,"Gaia DR3 4573412435280434560","Gaia DR2 4573412435276520320",\N,41.55,0.65,43.41,0.150000006,23.0362
51502,"Gaia DR3 1146337324038514176","Gaia DR2 1146337324038514176",\N,46.54,0.55,43.4367,0.5982999802,23.022
111449,"Gaia DR3 6628926642897745664","Gaia DR2 6628926642897745664",\N,43.97,0.75,43.4396,0.0828000009,23.0205
3008,"Gaia DR3 416135846558362112","Gaia DR2 416135846558362112","Gaia DR1 416135842258661248",43.4,1.94,43.4445,0.0164999999,23.0179
61722,"Gaia DR3 1542896911520969600",\N,"Gaia DR1 1542896907225026048",39.08,4.64,43.5216,0.0450000018,22.9771
56199,"Gaia DR3 863776987616459392","Gaia DR2 863776987616459392","Gaia DR1 863776987616459392",42.74,1.3,43.5261,0.0137,22.9747
54966,"Gaia DR3 3558078971047964800","Gaia DR2 3558078971047964800",\N,48.47,15.62,43.6578,0.0154999997,22.9054
14954,"Gaia DR3 3265335443260522112","Gaia DR2 3265335443260522112",\N,44.69,0.75,43.7027,0.1324999928,22.8819
90265,"Gaia DR3 4536614495522394112","Gaia DR2 4536614495522394112","Gaia DR1 4536614491219597440",45.91,1.83,43.7265,0.0120000001,22.8694
66249,"Gaia DR3 3662636823132300032","Gaia DR2 3662636823132020480",\N,44.55,0.9,43.7467,0.3330000043,22.8589
1386,"Gaia DR3 2860379125997924480","Gaia DR2 2860379125997924480","Gaia DR1 2860379121703334912",42.65,2.77,43.7733,0.0204000007,22.845
1608,"Gaia DR3 2367938722962185088","Gaia DR2 2367938722962185088",\N,39.31,3.03,43.7865,0.0178999994,22.8381
59748,"Gaia DR3 1545795533411708032","Gaia DR2 1545795529110395136","Gaia DR1 1545795529110395136",43.25,2,43.7974,0.0922000036,22.8324
86282,"Gaia DR3 4557198933740208768","Gaia DR2 4557198933740208768","Gaia DR1 4557198929439005568",45.17,4.41,43.8639,0.0146000003,22.7978
77070,"Gaia DR3 4429785739602747392","Gaia DR2 4429785739601541504",\N,44.54,0.71,43.945,0.467599988,22.7557
114996,"Gaia DR3 6492406743706907776","Gaia DR2 6492406709348385280",\N,45.4,0.61,44.0808,0.5332000256,22.6856
66193,"Gaia DR3 1469230212276302080","Gaia DR2 1469230212276302080","Gaia DR1 1469230212276302080",43.66,1.2,44.0921,0.0190999992,22.6798
80817,"Gaia DR3 4325701192912743424","Gaia DR2 4325701192912743424",\N,45.35,5.06,44.1607,0.1585000008,22.6446
5663,"Gaia DR3 5040737312674978816","Gaia DR2 5040737312674978816","Gaia DR1 5040737308379430144",45.4,1.55,44.1914,0.0176999997,22.6288
79551,"Gaia DR3 1322906861255829376","Gaia DR2 1322906861255829376",\N,43.82,5.69,44.2674,0.1586000025,22.59
47201,"Gaia DR3 641154096631794432","Gaia DR2 641154096631794432","Gaia DR1 641154092336907776",45.51,1.49,44.3085,0.0168999992,22.569
107968,"Gaia DR3 2693940725141960192","Gaia DR2 2693940725141960192",\N,39.84,4.47,44.3255,0.0428000018,22.5604
69962,"Gaia DR3 3639984066101401344","Gaia DR2 3639984066101401344",\N,46.46,1.73,44.3763,0.7670000196,22.5346
70950,"Gaia DR3 1480314599451475712","Gaia DR2 1480314599451475712","Gaia DR1 1480314595154625920",45.46,1.03,44.4383,0.1111999974,22.5031
4849,"Gaia DR3 2552288133874677760","Gaia DR2 2552288133874677760",\N,46.61,1.61,44.4596,0.1284999996,22.4923
13772,"Gaia DR3 5076269164798851712",\N,\N,44.49,2.55,44.51,2.0899999142,22.4669
6365,"Gaia DR3 4933912198895807104","Gaia DR2 4933912198893332224","Gaia DR1 4933912194598735616",42.73,3.53,44.5348,0.0266999993,22.4544
26844,"Gaia DR3 3347826784173590656","Gaia DR2 3347826784173590656",\N,46.51,2.35,44.5629,0.0200999994,22.4402
82333,"Gaia DR3 1352483797057853440","Gaia DR2 1352483797057853440","Gaia DR1 1352483792761352064",44.16,1.15,44.6995,0.0098000001,22.3716
59750,"Gaia DR3 3581001280225616128","Gaia DR2 3581001280225616128",\N,44.34,1.01,44.74,0.8100000024,22.3514
27288,"Gaia DR3 2996171698248699904","Gaia DR2 2996171698248345984",\N,46.47,0.68,44.794,0.2466000021,22.3244
49526,"Gaia DR3 806893276814027008","Gaia DR2 806893276814027008","Gaia DR1 806893272516904448",45.04,2.56,44.8795,0.0485999994,22.2819
50384,"Gaia DR3 725398123501434496","Gaia DR2 725398123501434496",\N,44.01,0.75,44.9008,0.0698999986,22.2713
5215,"Gaia DR3 2783324526489670144","Gaia DR2 2783324526489429504",\N,45.24,2.56,44.9835,0.0410999991,22.2304
110980,"Gaia DR3 2702655587447223168","Gaia DR2 2702655587447223168","Gaia DR1 2702655587447223168",45.69,1.92,45.0254,0.0243999995,22.2097
84652,"Gaia DR3 4367318326501438976","Gaia DR2 4367318326501438976",\N,48.26,1.99,45.0299,0.1907999963,22.2075
15973,"Gaia DR3 4847829165813317504","Gaia DR2 4847829165813317504","Gaia DR1 4847829161517532288",40.18,1.9,45.0929,0.0861999989,22.1764
96121,"Gaia DR3 4287473578816247936","Gaia DR2 4287473578816247936","Gaia DR1 4287473643220887168",43.86,1.92,45.1424,0.0193000007,22.1521
33560,"Gaia DR3 2949560479775040256","Gaia DR2 2949560475474885760",\N,44.83,2.28,45.1477,0.0873000026,22.1495
44263,"Gaia DR3 583257319006770176","Gaia DR2 583257319006770176","Gaia DR1 583257314711142656",40.77,6.57,45.1497,0.0375000015,22.1485
33805,"Gaia DR3 1002898644851988352","Gaia DR2 1002898644851988352","Gaia DR1 1002898640556047872",43.88,2.21,45.2441,0.0164999999,22.1023
59378,"Gaia DR3 1536232908980349952","Gaia DR2 1536232908980349952","Gaia DR1 1536232904684913408",47.05,1.88,45.2827,0.0148,22.0835
69701,"Gaia DR3 3640828731549972480","Gaia DR2 3640828731549668608",\N,46.74,0.87,45.4014,0.28580001,22.0258
78734,"Gaia DR3 6036117973770712448","Gaia DR2 6036117973770712448",\N,43,1.95,45.4054,0.5332999825,22.0238
67105,"Gaia DR3 3725115471868587904","Gaia DR2 3725115471868587904","Gaia DR1 3725115467573236992",47.63,1.16,45.4298,0.0299999993,22.012
15360,"Gaia DR3 5058175086056319616","Gaia DR2 5058175086056319616","Gaia DR1 5058175081759732864",42.72,2.53,45.4521,0.0148999998,22.0012
88348,"Gaia DR3 4582680493669880704","Gaia DR2 4582680493669880704","Gaia DR1 4582680558091221760",45.61,0.71,45.4954,0.0166999996,21.9802
85126,"Gaia DR3 5979367986779538432","Gaia DR2 5979367986779538432",\N,42.5,4.11,45.4993,0.0172000006,21.9784
67808,"Gaia DR3 3728535399707693696","Gaia DR2 3728535399707693696",\N,47.95,1.77,45.6154,0.1697999984,21.9224
108467,"Gaia DR3 2280191304155597184","Gaia DR2 2280191304155597184","Gaia DR1 2280191265498726656",47.95,1.08,45.6642,0.0099999998,21.899
31711,"Gaia DR3 5479778765278589568","Gaia DR2 5479778765278589568",\N,46.15,0.64,45.7052,0.4449000061,21.8793
86722,"Gaia DR3 4556066746008265344","Gaia DR2 4556066746008265344",\N,42.45,0.98,45.7443,0.4304000139,21.8606
15439,"Gaia DR3 5046897017332803584","Gaia DR2 5046897017332803584",\N,48.81,2.61,45.8737,0.1706999987,21.799
88976,"Gaia DR3 4591351448523805312","Gaia DR2 4591351448523805312","Gaia DR1 4591351444224868608",43.68,7.73,45.8818,0.0126999998,21.7951
12444,"Gaia DR3 5173902189571919872","Gaia DR2 5173902189571919872",\N,46.42,0.82,45.916,0.1536999941,21.7789
102207,"Gaia DR3 6857939315643803776","Gaia DR2 6857939315643803776",\N,47.39,4.04,45.933,0.0428000018,21.7708
1768,\N,"Gaia DR2 2323302296085774464",\N,44.57,7.12,45.9535,0.3434999883,21.7611
687,"Gaia DR3 2772804845911842944","Gaia DR2 2772804845911842944","Gaia DR1 2772804841615919616",45.64,1.92,45.9905,0.0205000006,21.7436
6290,"Gaia DR3 413391568618906880","Gaia DR2 413391568618906880",\N,52.71,5.18,46.0083,0.0142999999,21.7352
102264,"Gaia DR3 6795261758382370560","Gaia DR2 6795261758382370560","Gaia DR1 6795261754085868928",44.57,0.87,46.0511,0.2289000005,21.715
63742,"Gaia DR3 3677911582262521728","Gaia DR2 3677911582262521728",\N,45.2,1.27,46.1,0.8100000024,21.692
3362,"Gaia DR3 365548347350541952","Gaia DR2 365548347350541952","Gaia DR1 365548411774588288",42.03,1.98,46.1253,0.0188999996,21.6801
24472,"Gaia DR3 3207120455805080832","Gaia DR2 3207120460100680448",\N,41.94,3.43,46.2462,0.0141000003,21.6234
88499,"Gaia DR3 4606406992522938240","Gaia DR2 4606406992522938240","Gaia DR1 4606406988226429440",46.71,1.85,46.2491,0.0126999998,21.622
40118,"Gaia DR3 902007870203594880","Gaia DR2 902007870203594880",\N,46.05,0.92,46.3415,0.060899999,21.5789
32313,"Gaia DR3 1113055759899565568","Gaia DR2 1113055759899565568",\N,44.43,4.88,46.4946,0.0700000003,21.5079
86916,"Gaia DR3 1362592672604119168","Gaia DR2 1362592668307182592","Gaia DR1 1362592668307182592",44.5,1.41,46.5344,0.0355999991,21.4895
81655,"Gaia DR3 1328078796458810240","Gaia DR2 1328078796458810240","Gaia DR1 1328078792154016640",51.88,4.66,46.5669,0.0518999994,21.4745
92919,"Gaia DR3 4533301804432654976","Gaia DR2 4533301804432654976",\N,46.64,1.03,46.8828,0.0307999998,21.3298
111685,"Gaia DR3 1908305169922494208","Gaia DR2 1908305169922494208",\N,52.94,1.94,46.8867,0.5641999841,21.328
98416,"Gaia DR3 4191794317470513664","Gaia DR2 4191794317470513664",\N,40.75,1.35,46.9328,0.92900002,21.3071
104440,"Gaia DR3 6371557530914670976","Gaia DR2 6371557530914670976",\N,53.38,2.18,46.993,0.8751000166,21.2798
105336,"Gaia DR3 6399966162596931712","Gaia DR2 6399966162596931712",\N,50.15,3.31,47.0217,0.3059999943,21.2668
2762,"Gaia DR3 2528433919872925312","Gaia DR2 2528433919872925312",\N,47.51,1.15,47.05,0.6700000167,21.254
106803,\N,\N,"Gaia DR1 6403170375701631616",47.58,5.17,47.06,2.5499999523,21.2495
4845,"Gaia DR3 2473055951588089088","Gaia DR2 2473055951588089088","Gaia DR1 2473055947291890816",46.22,4.48,47.3825,0.0175999999,21.1048
77514,"Gaia DR3 1404213517041788800","Gaia DR2 1404213517041788800",\N,57.78,3.37,47.4181,0.0159000009,21.089
77725,"Gaia DR3 4456127942261895808","Gaia DR2 4456127942261895808","Gaia DR1 4456127937963691136",44.27,1.56,47.4303,0.1460999995,21.0836
96702,"Gaia DR3 2263910113928117632","Gaia DR2 2263910113928117632","Gaia DR1 2263910109632311040",45.88,1.29,47.5306,0.0140000004,21.0391
108890,"Gaia DR3 6558265325547297536","Gaia DR2 6558265325547297536",\N,45.87,8.09,47.7566,0.0250000004,20.9395
86707,"Gaia DR3 4473756480908157184","Gaia DR2 4473756480908157184",\N,50.8,3.38,47.828,0.6564999819,20.9083
112312,"Gaia DR3 6603693881832177792","Gaia DR2 6603693881832177792","Gaia DR1 6603693877537306112",42.35,3.37,47.9218,0.0252,20.8673
84195,"Gaia DR3 4548462729742343296","Gaia DR2 4548462729742343296",\N,48.69,1.03,48.0464,0.0190999992,20.8132
105712,\N,"Gaia DR2 6399747669021004928",\N,48.86,0.81,48.0625,0.3420000076,20.8062
61495,"Gaia DR3 6131930516518662144","Gaia DR2 6131930516518662144",\N,55.29,9.42,48.2102,0.5963000059,20.7425
7646,"Gaia DR3 2510475768254568832","Gaia DR2 2510475768254568832","Gaia DR1 2510475763959112704",52.95,2.92,48.2163,0.0307,20.7399
83846,"Gaia DR3 5965924361179144832","Gaia DR2 5965924361179144832",\N,44.44,1.52,48.254,0.5568000078,20.7237
72511,"Gaia DR3 6228695270698475392","Gaia DR2 6228695270697905280",\N,235.24,22.43,48.2572,0.0340999998,20.7223
106694,\N,"Gaia DR2 1953952391581618432",\N,46.8,3.37,48.2934,0.1827999949,20.7068
84277,"Gaia DR3 4359809585500446720","Gaia DR2 4359809585500446720",\N,52.76,4.18,48.4843,0.3289999962,20.6252
103768,"Gaia DR3 6781117812601143168","Gaia DR2 6781117812601143168","Gaia DR1 6781117808303414016",48.87,1.71,48.7902,0.0225000009,20.4959
94225,"Gaia DR3 6661911579416783616","Gaia DR2 6661911579416783616",\N,49.84,1.51,48.8217,0.1339000016,20.4827
31592,"Gaia DR3 2939555954755196160","Gaia DR2 2939555954747554176",\N,50.41,0.7,48.849,0.1323000044,20.4712
64408,"Gaia DR3 6141742283401003264","Gaia DR2 6141742283401003264",\N,48.83,0.79,48.8691,0.1058000028,20.4628
70016,"Gaia DR3 3642413746280598784","Gaia DR2 3642413746280598784",\N,48.12,1.11,48.9015,0.0445000008,20.4493
26505,"Gaia DR3 215395053733297024","Gaia DR2 215395053733297024",\N,48.72,1,48.9274,0.0214000009,20.4384
66222,"Gaia DR3 3714667225186824064","Gaia DR2 3714667225186824064",\N,48.78,1.62,48.9678,0.0256999992,20.4216
101150,\N,"Gaia DR2 1856712201709083136",\N,43.24,4.37,49.0286,0.9089000225,20.3963
68570,"Gaia DR3 1229977414080680192","Gaia DR2 1229977414080680192","Gaia DR1 1229977409785837952",51.21,2.17,49.1193,0.0196000002,20.3586
45170,"Gaia DR3 607464716759460480","Gaia DR2 607464716759460480","Gaia DR1 607464712464224384",48.83,0.92,49.1493,0.3467000127,20.3462
104887,"Gaia DR3 1964791583368233088","Gaia DR2 1964791583368232832",\N,47.8,0.61,49.16,0.400000006,20.3417
38657,"Gaia DR3 670216834655936128","Gaia DR2 670216834655936128","Gaia DR1 670216830358639872",50.05,1.05,49.2443,0.287800014,20.3069
27803,"Gaia DR3 3022099969137163904","Gaia DR2 3022099969137163904","Gaia DR1 3022099964839887872",49.74,1.66,49.2485,0.0185000002,20.3052
41689,"Gaia DR3 1090049716041842816","Gaia DR2 1090049716041842816","Gaia DR1 1090049711743739904",52.33,1.73,49.2888,0.0165999997,20.2886
36215,"Gaia DR3 866016662739803008","Gaia DR2 866016662739803008",\N,50.93,2.71,49.3444,0.0174000002,20.2657
105152,"Gaia DR3 2689454850844597504","Gaia DR2 2689454850844597504","Gaia DR1 2689454850844597504",52.03,1.23,49.4804,0.0222999994,20.21
62374,"Gaia DR3 1542683331386097280","Gaia DR2 1542683327089641600",\N,49.89,2.32,49.5087,0.0335999988,20.1985
16445,"Gaia DR3 41840029505514496","Gaia DR2 41840029505514496",\N,41.67,9.1,49.5329,0.0357000008,20.1886
79796,"Gaia DR3 1429437378934511616","Gaia DR2 1429437378934511616",\N,48.36,1.16,49.6303,0.4244999886,20.149
9044,"Gaia DR3 4714571105305843456","Gaia DR2 4714571105305843456","Gaia DR1 4714571101010006016",50.76,0.78,49.7123,0.0192000009,20.1157
113421,"Gaia DR3 2648914040357320576","Gaia DR2 2648914040357320576","Gaia DR1 2648914036061905664",50.71,0.75,49.7846,0.0263,20.0865
63366,"Gaia DR3 3626268998574790656","Gaia DR2 3626268998574790656","Gaia DR1 3626268994279065984",47.6,0.86,49.8263,0.3896000087,20.0697
95149,"Gaia DR3 6742873637093574400","Gaia DR2 6742873637093574400",\N,47.95,1.28,50.2864,0.3959000111,19.8861
10072,"Gaia DR3 5148602083419126016","Gaia DR2 5148602083419126016",\N,50.34,3.34,50.5071,0.0264999997,19.7992
25119,"Gaia DR3 3234412606443085824","Gaia DR2 3234412606443085824",\N,50.24,1.52,50.5171,0.0368000008,19.7953
83405,"Gaia DR3 4364314662596822528","Gaia DR2 4364314662596822528","Gaia DR1 4364314662596822528",44.29,8.22,50.5513,0.0197999999,19.7819
62229,"Gaia DR3 6060965699625586176","Gaia DR2 6060965699625586176","Gaia DR1 6060965695299412608",49.71,0.95,50.5533,0.0200999994,19.7811
38625,"Gaia DR3 3082317193037072256","Gaia DR2 3082317193037072256",\N,52.01,1.85,50.7142,0.5134999752,19.7183
70857,"Gaia DR3 1721626615421969408","Gaia DR2 1721626615421969408",\N,51.04,0.58,50.7601,0.4339999855,19.7005
113602,"Gaia DR3 2384000217021721600","Gaia DR2 2384000217021721600","Gaia DR1 2384000212726694144",49.15,3.03,50.7631,0.0189999994,19.6993
102357,"Gaia DR3 1814070838667074560","Gaia DR2 1814070838668707840",\N,50.18,1.99,50.8044,0.5724999905,19.6833
109812,"Gaia DR3 1892539307049423872","Gaia DR2 1892539307048908928","Gaia DR1 1892539302752452864",50.56,1.68,50.8194,0.0269000009,19.6775
3261,"Gaia DR3 5006921282807193856","Gaia DR2 5006921282807193856","Gaia DR1 5006921312871229184",50.29,1.93,50.9245,0.0197000001,19.6369
42430,"Gaia DR3 5702029029197580160","Gaia DR2 5702029063555481088",\N,50.2,0.98,50.9663,0.3068000078,19.6208
75718,"Gaia DR3 6317854874752594048","Gaia DR2 6317854874752594048",\N,50.34,1.11,51.1421,0.7369999886,19.5534
112527,"Gaia DR3 2299942278201276288","Gaia DR2 2299942278201276288","Gaia DR1 2299942273904859264",50.15,0.64,51.1561,0.0184000004,19.548
82396,"Gaia DR3 6026152137856166912",\N,\N,49.85,0.81,51.19,0.2199999988,19.5351
8796,"Gaia DR3 299464296907113984","Gaia DR2 299464296906886016",\N,50.87,0.82,51.331,0.5562999845,19.4814
39757,"Gaia DR3 5698015743046182272","Gaia DR2 5698015743040715264",\N,51.99,0.66,51.3999,0.2444999963,19.4553
69824,"Gaia DR3 1505214930047542784","Gaia DR2 1505214930047542784","Gaia DR1 1505214925751800448",53.64,1.33,51.4578,0.0131000001,19.4334
38910,\N,"Gaia DR2 5594041731633230720",\N,54.62,4.31,51.4977,0.554700017,19.4183
110778,\N,"Gaia DR2 2595463996992115840",\N,49.8,2.54,51.5079,0.1296000034,19.4145
107089,"Gaia DR3 6356375508718385024","Gaia DR2 6356375508717699584",\N,47.22,2.9,51.5172,0.6524999738,19.411
9236,"Gaia DR3 4713424658275847168","Gaia DR2 4713424658274227456",\N,45.74,0.55,51.5547,0.8302999735,19.3969
1720,"Gaia DR3 4978625041828782848","Gaia DR2 4978625041828782848","Gaia DR1 4978625037532840832",50.1,3.98,51.5693,0.0445999987,19.3914
57459,"Gaia DR3 3573119499842945280","Gaia DR2 3573119564265842432",\N,48.95,3,51.5762,0.0427000001,19.3888
11565,"Gaia DR3 5130446359011574528","Gaia DR2 5130446359011574528",\N,52.9,1.95,51.6064,0.1360000074,19.3774
29860,"Gaia DR3 3317901165746471552","Gaia DR2 3317901165746471552",\N,51.76,0.78,51.6165,0.123499997,19.3736
112800,"Gaia DR3 1891459758430361088","Gaia DR2 1891459758427316352",\N,52.82,3.04,51.7718,0.0362000018,19.3155
56829,"Gaia DR3 772395274857111552","Gaia DR2 772395274857111552","Gaia DR1 772395270561409920",50.61,1.15,51.8077,0.1150999963,19.3022
15774,"Gaia DR3 4737533237421005952","Gaia DR2 4737533237421005952","Gaia DR1 4737533233124796672",50.64,1.73,51.8155,0.0142000001,19.2992
54677,"Gaia DR3 3562962623740696576","Gaia DR2 3562962623740696576",\N,44,1.93,51.8748,0.6600000262,19.2772
67153,"Gaia DR3 6171375049483037696","Gaia DR2 6171375049482587776",\N,51.91,0.75,51.9074,0.2258999944,19.2651
57361,"Gaia DR3 3542490095189596544","Gaia DR2 3542490095189596544","Gaia DR1 3542490090892828032",49.63,3.55,52.0845,0.1520999968,19.1996
71957,"Gaia DR3 6337717036911729024","Gaia DR2 6337717036910714112",\N,53.54,0.95,52.1815,0.3855000138,19.1639
110400,"Gaia DR3 6404403585367962752","Gaia DR2 6404403585367962752","Gaia DR1 6404403477993572352",62.4,3.67,52.1842,0.0188999996,19.1629
17750,\N,"Gaia DR2 493650660396520064",\N,57.53,2.68,52.3391,0.6474999785,19.1062
89825,"Gaia DR3 4270814637616488064","Gaia DR2 4270814637616488064","Gaia DR1 4270814633314361856",51.81,1.43,52.3963,0.0171000008,19.0853
102235,"Gaia DR3 6858312737278836736","Gaia DR2 6858312737278836736",\N,50.17,13.14,52.4349,0.0195000004,19.0713
89962,"Gaia DR3 4269932382607207040","Gaia DR2 4269932382606282112",\N,52.81,0.75,52.4413,0.2036000043,19.0689
73786,"Gaia DR3 1156846524895814144","Gaia DR2 1156846524895814144","Gaia DR1 1156846520599860480",52.11,1.97,52.5048,0.0234999992,19.0459
14165,"Gaia DR3 5152365363828101632","Gaia DR2 5152365363828101632","Gaia DR1 5152365363828101632",47.81,3.85,52.6437,0.0342999995,18.9956
4012,"Gaia DR3 424422281584852352","Gaia DR2 424422281584852352","Gaia DR1 424424854261983616",54.23,2.12,52.6723,0.0137999998,18.9853
34392,"Gaia DR3 1102868303634261632","Gaia DR2 1102868303634261632","Gaia DR1 1102868299337845632",56.51,2.19,52.7203,0.1031000018,18.968
34017,"Gaia DR3 887822001246832384","Gaia DR2 887822001246832384",\N,52.37,0.84,52.7712,0.0438000001,18.9497
12709,"Gaia DR3 84675937371332608","Gaia DR2 84675937371332608",\N,53.89,1.27,53.5579,0.181400001,18.6714
32919,"Gaia DR3 954713853434626176","Gaia DR2 954713853434626176",\N,53.12,1.23,53.6322,0.0177999996,18.6455
7170,"Gaia DR3 5042734468172061440","Gaia DR2 5042734468172061440","Gaia DR1 5042734468172061440",56.42,2.12,53.6727,0.0259000007,18.6314
117059,"Gaia DR3 2871730307948650368","Gaia DR2 2871730307948650368",\N,60.11,11.58,53.7619,0.0269000009,18.6005
35550,"Gaia DR3 866177431955478144","Gaia DR2 866177431953646464",\N,55.45,0.85,53.7692,0.2402999997,18.598
67620,"Gaia DR3 6190970236474307200","Gaia DR2 6190970236474307200",\N,50.2,0.85,53.8785,0.3427000046,18.5603
42881,\N,"Gaia DR2 5522248290957129088",\N,54.68,3.89,53.89,2.2000000477,18.5563
81018,"Gaia DR3 4459548626016199168","Gaia DR2 4459548724797475200",\N,61.08,5.13,54.0197,0.0436000004,18.5118
105312,"Gaia DR3 6791154257817212672","Gaia DR2 6791154257817212672",\N,53.4,1.09,54.0288,0.2926999927,18.5086
104858,"Gaia DR3 1743871762876699776","Gaia DR2 1743871762876699776",\N,54.11,0.85,54.09,0.6600000262,18.4877
44295,"Gaia DR3 610304720934423424","Gaia DR2 610304720934423424","Gaia DR1 610304716638785664",54.57,3.21,54.1456,0.0188999996,18.4687
38939,"Gaia DR3 5698188160215537920","Gaia DR2 5698188160215537920","Gaia DR1 5698188155904152960",54.91,1.15,54.1565,0.0183000006,18.465
32362,"Gaia DR3 3352485999058854912","Gaia DR2 3352485999057276672",\N,57.02,0.83,54.1894,0.2369000018,18.4538
19921,"Gaia DR3 4678664766393829504","Gaia DR2 4678664766394767616",\N,54.84,0.5,54.2286,0.1018999964,18.4405
42499,"Gaia DR3 602079652404802688","Gaia DR2 602079652404802688","Gaia DR1 602079648108533888",53.98,1.04,54.2513,0.0225000009,18.4327
54810,"Gaia DR3 3815264842546968192","Gaia DR2 3815264842546968192","Gaia DR1 3815264838251197440",55.72,1.29,54.5058,0.0210999995,18.3467
49699,"Gaia DR3 747266452000257280","Gaia DR2 747266452000257280","Gaia DR1 747266447704593408",55.37,0.94,54.6678,0.0295000002,18.2923
89517,"Gaia DR3 4497494077967197568","Gaia DR2 4497494077967197568","Gaia DR1 4497494073667422336",52.57,4.26,54.7331,0.0159000009,18.2705
46816,"Gaia DR3 5739942011185493888","Gaia DR2 5739942011185493888","Gaia DR1 5739942006889651584",54.52,0.99,54.7362,0.0243999995,18.2694
56466,"Gaia DR3 3540112504374165888","Gaia DR2 3540112504374165888","Gaia DR1 3540112500078348416",56.35,2.06,54.8476,0.0248000007,18.2323
35495,"Gaia DR3 893214796542513280","Gaia DR2 893214796542513280","Gaia DR1 893214796542513280",50.59,2.45,54.8692,0.0302000009,18.2252
55848,"Gaia DR3 3812355294262255104","Gaia DR2 3812355294261019904","Gaia DR1 3812355324326780544",55.59,3.31,55.0618,0.0304000005,18.1614
94557,"Gaia DR3 4516199313406309504","Gaia DR2 4516199240734836608",\N,52.45,2.75,55.1862,0.0439000018,18.1205
14731,"Gaia DR3 4267552520347776","Gaia DR2 4267552520347776","Gaia DR1 4267548224787200",57.53,4.24,55.2406,0.0328000002,18.1026
65721,"Gaia DR3 3740176925743994752","Gaia DR2 3740176925743650688","Gaia DR1 3740176921448479488",55.22,0.73,55.2511,0.0778999999,18.0992
95995,"Gaia DR3 2238597054155896832","Gaia DR2 2238597054155896832","Gaia DR1 2238597049857612160",59.84,0.64,55.2767,0.3519000113,18.0908
1734,"Gaia DR3 2316867885320845696","Gaia DR2 2316867885320845696","Gaia DR1 2316867881025472640",54.91,2.19,55.4757,0.0204000007,18.0259
49973,"Gaia DR3 5669429299704388352","Gaia DR2 5669429299703228416",\N,58.59,1.66,55.4931,0.396600008,18.0203
54872,"Gaia DR3 3990320597065899776",\N,\N,56.52,0.83,55.82,0.25,17.9147
78843,"Gaia DR3 6244076338858859776","Gaia DR2 6244076338858859776","Gaia DR1 6244076334563088000",53.93,1.11,55.8809,0.2206999958,17.8952
117966,"Gaia DR3 2442996678074668288","Gaia DR2 2442996678074668288","Gaia DR1 2442996673778447616",57.97,11.8,55.92,0.0439000018,17.8827
45383,"Gaia DR3 579567598501642368","Gaia DR2 579567598502090240",\N,54.25,1.14,55.9338,0.1606999934,17.8783
75312,"Gaia DR3 1276781047094217216",\N,\N,53.7,1.24,55.98,0.7799999714,17.8635
65109,"Gaia DR3 6165699748417797504","Gaia DR2 6165699748415726848",\N,55.64,0.74,56.0571,1.1146999598,17.839
64241,"Gaia DR3 3937881211045638400",\N,\N,69.81,27.58,56.1,0.8899999857,17.8253
63253,"Gaia DR3 1515952176488267008","Gaia DR2 1515952176488267008",\N,55.27,3.15,56.1107,0.2843999863,17.8219
38594,"Gaia DR3 5602386058511578368","Gaia DR2 5602386058511578368","Gaia DR1 5602386058511578368",51.16,1.57,56.2356,0.0126999998,17.7823
52341,"Gaia DR3 5443051537858529792","Gaia DR2 5443051537858529792","Gaia DR1 5443039782529956480",61.18,3.85,56.3104,0.0160000008,17.7587
106147,"Gaia DR3 6891134705556330880","Gaia DR2 6891134705556330880",\N,55.38,1.42,56.4265,0.0236000009,17.7222
38931,"Gaia DR3 3083867749248355456","Gaia DR2 3083867749248355456","Gaia DR1 3083867744950459392",57.26,1.45,56.6412,0.0253999997,17.655
92444,"Gaia DR3 4072260704719970944","Gaia DR2 4072260704719970944",\N,57.87,1.92,56.6602,0.0179999992,17.6491
1696,"Gaia DR3 4978671015158662528","Gaia DR2 4978671015158662528","Gaia DR1 4978671079582592512",55.68,2.02,56.848,0.0190999992,17.5908
9007,"Gaia DR3 4937200425857908992","Gaia DR2 4937200425855463936",\N,57.19,0.62,56.8508,0.1627999991,17.5899
63618,"Gaia DR3 6187271616797377152","Gaia DR2 6187271616797377152","Gaia DR1 6187271612501676160",56.87,1.11,56.9407,0.194600001,17.5621
17743,"Gaia DR3 3270590765246119168","Gaia DR2 3270590765246119168","Gaia DR1 3270590760948633472",57.59,2.56,56.987,0.0243999995,17.5479
84893,"Gaia DR3 4115142207982341504","Gaia DR2 4115142276696645632",\N,57.48,0.93,57.082,0.1851000041,17.5187
80644,"Gaia DR3 4439625337884136064","Gaia DR2 4439625337884136064","Gaia DR1 4439625333582465024",56.43,1.31,57.0866,0.0233999994,17.5172
34052,"Gaia DR3 5559266893257154176","Gaia DR2 5559266893257154176",\N,58.89,0.94,57.7938,0.3355000019,17.3029
45617,"Gaia DR3 695614900422221440",\N,\N,57.05,1.08,57.92,0.7599999905,17.2652
67960,\N,\N,"Gaia DR1 6176833914259261568",59.57,2.65,57.93,1.4800000191,17.2622
14669,"Gaia DR3 434690036555954304","Gaia DR2 434690036554889856",\N,64.83,4.26,58.1231,0.5900999904,17.2049
25716,"Gaia DR3 3390818582171734656","Gaia DR2 3390818582171734656","Gaia DR1 3390818577875037440",57.5,2.16,58.1993,0.0216000006,17.1823
11452,"Gaia DR3 2515752565074318720","Gaia DR2 2515752565074318720",\N,60.22,1.75,58.33,1.0800000429,17.1438
118212,"Gaia DR3 1927184643563033856","Gaia DR2 1927184643563033856",\N,57.62,2.82,58.4067,0.8984000087,17.1213
32560,"Gaia DR3 943770757800160384","Gaia DR2 943770757800160384",\N,64.91,3.37,58.5336,0.0436000004,17.0842
93858,"Gaia DR3 6718894388002453120","Gaia DR2 6718894388002453120",\N,58.24,0.91,58.986,0.0375999995,16.9532
118200,"Gaia DR3 2746709861572970624","Gaia DR2 2746709861572970624",\N,58.62,2.92,59.0942,0.2779999971,16.9221
94739,"Gaia DR3 6664255566408783872","Gaia DR2 6664255566408783872",\N,63.43,2.16,59.2783,0.6441000104,16.8696
65016,"Gaia DR3 1472718211053416320","Gaia DR2 1472718211053416320","Gaia DR1 1472718206757028480",57.52,2.3,59.3148,0.0186000001,16.8592
12351,"Gaia DR3 4726387007013852672","Gaia DR2 4726387007013852672",\N,60.51,1.3,59.37,1.2200000286,16.8435
32769,"Gaia DR3 1003351437484254464","Gaia DR2 1003351437484254464","Gaia DR1 1003351055230895744",60.96,1.3,59.3934,0.0248000007,16.8369
746,"Gaia DR3 423018377034969216",\N,\N,59.89,0.56,59.58,0.3799999952,16.7842
105932,"Gaia DR3 6898272528885931008","Gaia DR2 6898272524589700608",\N,61.57,2.61,59.6316,0.0328000002,16.7696
92311,"Gaia DR3 4511416609607124352","Gaia DR2 4511416609607124352","Gaia DR1 4511416605288965376",58.6,1.6,59.7779,0.0182000007,16.7286
101955,"Gaia DR3 1735416587180214528","Gaia DR2 1735416587178908544",\N,53.82,2.21,59.8,3.4200000763,16.7224
43510,"Gaia DR3 659951725379878272","Gaia DR2 659951725377466880",\N,55.46,3.5,59.8412,0.0306000002,16.7109
65143,"Gaia DR3 1472903753640492160","Gaia DR2 1472903753640492160","Gaia DR1 1472903749348431744",62.13,1.76,60.0294,0.0193000007,16.6585
41824,"Gaia DR3 662732046688476288","Gaia DR2 662732046688476288",\N,78.05,5.69,60.0602,0.0355999991,16.65
23147,"Gaia DR3 256487136159035136","Gaia DR2 256487136159035136","Gaia DR1 256487131862739072",60.48,1.56,60.1852,0.0197999999,16.6154
98906,"Gaia DR3 2185710338703934976","Gaia DR2 2185710338703934976",\N,63.23,6.44,60.2958,0.0265999995,16.5849
111571,"Gaia DR3 2653762573103102592","Gaia DR2 2653762573103102592","Gaia DR1 2653762573103102592",57.04,1.77,60.3836,0.0410000011,16.5608
80268,"Gaia DR3 6049221163063960320","Gaia DR2 6049221163063960320",\N,59.46,2.05,60.4043,0.0233999994,16.5551
8709,"Gaia DR3 356922880493142016","Gaia DR2 356922880493142016",\N,63.08,3.79,60.5643,0.0309999995,16.5114
38382,"Gaia DR3 3035507276491946368",\N,\N,59.98,0.95,60.59,0.5899999738,16.5044
114233,"Gaia DR3 2661803855688028800","Gaia DR2 2661803855688028800","Gaia DR1 2661803851392231680",63.85,2.04,60.6658,0.0215000007,16.4838
107705,"Gaia DR3 6371169987426204928","Gaia DR2 6371169987425471232",\N,62,2.43,60.7763,0.0688999966,16.4538
112447,"Gaia DR3 2719475542667772416","Gaia DR2 2719475542666622976",\N,61.54,0.77,60.9161,0.1738999933,16.416
71908,"Gaia DR3 5849837854861497856","Gaia DR2 5849837854817580672",\N,60.97,0.58,60.993,0.2259999961,16.3953
85667,"Gaia DR3 4373199682919943808",\N,\N,60.8,1.42,61.19,0.6800000072,16.3425
70536,"Gaia DR3 1254694882149817728","Gaia DR2 1254694882149817728",\N,63.35,1.81,61.2005,0.0194000006,16.3397
70529,"Gaia DR3 1254695603704323712","Gaia DR2 1254695603704323712",\N,59.54,1.73,61.2364,0.0197999999,16.3302
63833,"Gaia DR3 6080301367488384896","Gaia DR2 6080301367488384896",\N,63.66,1.34,61.3202,0.0200999994,16.3078
43948,"Gaia DR3 604756890202697728","Gaia DR2 604756890202697728",\N,60.99,3.45,61.3238,0.1049999967,16.3069
99438,"Gaia DR3 6749419923164242816","Gaia DR2 6749419923164242816",\N,65.06,3.85,61.6935,0.0322999991,16.2092
108752,"Gaia DR3 1775651840806925312","Gaia DR2 1775651840806925312",\N,60.94,2.14,61.79,2.2300000191,16.1838
65877,"Gaia DR3 3630035787972473600","Gaia DR2 3630035787972473600",\N,55.5,3.77,62.1485,0.0443999991,16.0905
44248,"Gaia DR3 816649002967779584","Gaia DR2 816649002967779584",\N,60.86,1.3,62.23,0.6800000072,16.0694
77349,"Gaia DR3 6268621389764361344","Gaia DR2 6268621389764361344",\N,64.16,2.49,62.5155,0.2773000002,15.996
85647,"Gaia DR3 5925209583053212800","Gaia DR2 5925209583053212800","Gaia DR1 5925209510013598336",61.98,1.81,62.5786,0.0303000007,15.9799
15366,"Gaia DR3 235383247412615936","Gaia DR2 235383247412615936",\N,57.75,2.19,62.6417,0.0241,15.9638
116003,"Gaia DR3 2391670474561181440","Gaia DR2 2391670474561181440","Gaia DR1 2391670474561181440",67.57,7.83,62.8679,0.0759000033,15.9064
109638,"Gaia DR3 2723557788822526720","Gaia DR2 2723557788822526720","Gaia DR1 2723557784528599936",71.97,4.34,62.8785,0.0222999994,15.9037
80093,"Gaia DR3 1380821338441693312","Gaia DR2 1380821338441693312","Gaia DR1 1380821334145812608",62.86,0.9,63.3405,0.0144999996,15.7877
82099,"Gaia DR3 4558856584955186432","Gaia DR2 4558856584955186432","Gaia DR1 4558856580658367360",60.34,3.39,63.3656,0.0211999994,15.7814
71284,"Gaia DR3 1284257623084916480","Gaia DR2 1284257623084916480",\N,64.66,0.72,63.4679,0.1172999963,15.756
34104,"Gaia DR3 3046530292874936448","Gaia DR2 3046530292874936448",\N,64.96,2.74,63.5507,0.5142999887,15.7355
48477,"Gaia DR3 3823307284773157248","Gaia DR2 3823307284773157248","Gaia DR1 3823307284773157248",63.81,1.84,63.6117,0.0737000033,15.7204
66765,"Gaia DR3 6164998500516764160","Gaia DR2 6164998500516764160","Gaia DR1 6164998496222020096",64.08,0.81,63.7263,0.0291000009,15.6921
56662,"Gaia DR3 4019458647338779648","Gaia DR2 4019458647338779648",\N,65.28,3.61,63.7329,0.0388999991,15.6905
52296,\N,"Gaia DR2 5443030196164951168",\N,61.3,2.42,63.9761,0.0544999987,15.6308
36349,"Gaia DR3 5605469402661155968","Gaia DR2 5605469398353836544",\N,64.24,2.68,64.1401,0.4729000032,15.5909
91128,"Gaia DR3 2118424350249708800","Gaia DR2 2118424350249708800",\N,64.61,1.03,64.2358,0.0120000001,15.5676
108159,"Gaia DR3 6561146458331160320","Gaia DR2 6561146458331160320","Gaia DR1 6561146454034124928",66.12,3.51,64.3881,0.0227000006,15.5308
95501,"Gaia DR3 4289041379340453376","Gaia DR2 4289041379334773888",\N,65.05,0.81,64.41,1,15.5255
42762,"Gaia DR3 598180646733241216","Gaia DR2 598180646733241216","Gaia DR1 598180642438136704",64.56,3.92,64.7054,0.0214000009,15.4547
42748,\N,\N,"Gaia DR1 598180814236806656",74.95,13.82,64.8,2.3499999046,15.4321
65520,"Gaia DR3 6188331614726318720","Gaia DR2 6188331614726318720","Gaia DR1 6188331610431110912",61.5,2.29,64.9887,0.0240000002,15.3873
4022,"Gaia DR3 2349206308999273984","Gaia DR2 2349206308999273984","Gaia DR1 2349206304704172544",65.81,1.44,65.0902,0.0247000009,15.3633
1295,"Gaia DR3 2797745549200763520","Gaia DR2 2797745549200763520",\N,49.91,21.56,65.1081,0.0412999988,15.3591
52596,"Gaia DR3 5454500168322239872","Gaia DR2 5454500168322239872","Gaia DR1 5454500164025682816",72.19,2.45,65.2656,0.0211999994,15.322
10812,"Gaia DR3 4966414930843912320","Gaia DR2 4966414930843373184","Gaia DR1 4966414926546926976",71.56,2.99,65.5851,0.0910999998,15.2474
19394,"Gaia DR3 4780294722094459904","Gaia DR2 4780294722094459904","Gaia DR1 4780294683438958976",66.82,2.01,66.0705,0.0172000006,15.1353
84521,"Gaia DR3 4395113396338721024","Gaia DR2 4395113392038461312","Gaia DR1 4395113392038461312",66.92,2.86,66.1343,0.0311999992,15.1207
66675,"Gaia DR3 3633926753464638592","Gaia DR2 3633926753464638592",\N,68.8,1.43,66.201,0.0249000005,15.1055
37288,"Gaia DR3 3135225421986581504","Gaia DR2 3135225421986581504","Gaia DR1 3135225417687835520",67.27,1.51,66.3374,0.0208000001,15.0745
5247,"Gaia DR3 523433578540463488","Gaia DR2 523433578540463488","Gaia DR1 523427904882251776",66.46,1.27,66.3666,0.0161000006,15.0678
104092,"Gaia DR3 1736838805468812160","Gaia DR2 1736838805468812160","Gaia DR1 1736838801172533120",67.38,1.35,66.4626,0.0225000009,15.0461
105199,"Gaia DR3 2193192137376175488",\N,\N,66.84,0.49,66.5,0.1099999994,15.0376
103655,"Gaia DR3 1873073175244118784","Gaia DR2 1873073175244118784",\N,66.21,2.54,66.5535,0.0722000003,15.0255
3937,\N,"Gaia DR2 2805045756653326080",\N,83.2,9.08,66.8084,0.1229000017,14.9682
49189,"Gaia DR3 823228721067307392","Gaia DR2 823228721066990720",\N,67.14,1.66,66.8448,0.023,14.96
86032,"Gaia DR3 4493746564376875520",\N,\N,69.84,0.88,67.13,1.0599999428,14.8965
108405,"Gaia DR3 6558208838138808576","Gaia DR2 6558208838138808576","Gaia DR1 6558208833842960384",61.63,2.67,67.2743,0.0205000006,14.8645
25647,"Gaia DR3 4660766641264343680","Gaia DR2 4660766641264343680","Gaia DR1 4660766258998862592",66.92,0.54,67.3331,0.4413999915,14.8515
114361,"Gaia DR3 6391176735363140480","Gaia DR2 6391176735363140480","Gaia DR1 6391176731067540096",66.36,0.95,67.3957,0.0197999999,14.8377
101516,"Gaia DR3 1831553382794173824","Gaia DR2 1831553382794173824",\N,67.65,2.32,67.4085,0.0366999991,14.8349
14445,"Gaia DR3 630505494719360","Gaia DR2 630505494719360","Gaia DR1 677436601666432",67.69,1.78,67.9335,0.0274,14.7203
101997,"Gaia DR3 6854626246593473792","Gaia DR2 6854626246593473792",\N,68.28,0.82,68.1557,0.0299999993,14.6723
102485,"Gaia DR3 6805455124526007424","Gaia DR2 6805455124524918400",\N,68.16,0.91,68.337,0.1823000014,14.6334
30630,"Gaia DR3 3372159045216183552","Gaia DR2 3372159045216183552","Gaia DR1 3372159040917375360",68.2,1.1,68.4142,0.0983000025,14.6168
35296,"Gaia DR3 5510446584122149120","Gaia DR2 5510446511101630208",\N,67.69,0.86,68.52,0.5600000024,14.5943
62145,"Gaia DR3 1568219729458240128","Gaia DR2 1568219729458240128",\N,66.4,0.78,68.9516,0.4864000082,14.5029
44722,"Gaia DR3 5743705394673617664","Gaia DR2 5743705394673617664","Gaia DR1 5743705394673617664",68.86,1.8,68.9762,0.0178999994,14.4978
67308,\N,\N,"Gaia DR1 6171492074455952128",61.07,2.93,69.01,1.3500000238,14.4907
103441,"Gaia DR3 1838855376946302720","Gaia DR2 1838855376946302720",\N,73.24,3.24,69.2976,0.0244999994,14.4305
102422,"Gaia DR3 2195115561168483712","Gaia DR2 2195115561163064960",\N,69.73,0.49,69.5976,0.1279000044,14.3683
36985,"Gaia DR3 3060788519149063680","Gaia DR2 3060788514846284032","Gaia DR1 3060788514846284032",69.85,1.53,70.2749,0.131099999,14.2298
42220,"Gaia DR3 1093918828739878528","Gaia DR2 1093918828739148672",\N,71.96,1.26,70.6195,0.2251999974,14.1604
86963,"Gaia DR3 4055584308787727488","Gaia DR2 4055584308787727488",\N,161.77,11.29,70.7335,0.1163000017,14.1376
61901,"Gaia DR3 3934198156329809152","Gaia DR2 3934198156329809152","Gaia DR1 3934198152034691584",69.94,1.1,70.8793,0.0265999995,14.1085
52190,\N,"Gaia DR2 5442691069843124992",\N,68.38,3.76,71.51,2.4800000191,13.9841
60910,"Gaia DR3 3902745286187581312","Gaia DR2 3902745286187581312",\N,73.77,3.67,72.2664,0.6963999867,13.8377
116727,"Gaia DR3 2281778105594488192","Gaia DR2 2281778105591104768",\N,72.5,0.52,72.5167,0.1469999999,13.7899
97241,"Gaia DR3 2034628782438989440","Gaia DR2 2034628782438989440","Gaia DR1 2034628778100458752",87.57,4.8,72.7,0.0140000004,13.7552
61094,"Gaia DR3 3902785006045478656","Gaia DR2 3902785109124370432",\N,74.58,1.48,72.8932,0.0288999993,13.7187
65011,"Gaia DR3 1473166433840438016","Gaia DR2 1473166433840438016","Gaia DR1 1473166429543995136",75.96,3.31,72.9733,0.3217000067,13.7036
52600,\N,"Gaia DR2 776067089642433664",\N,70.87,2.36,72.9871,0.2603000104,13.7011
76832,"Gaia DR3 1706907487621086464","Gaia DR2 1706907487620624000",\N,76.57,2.27,73.2573,0.3007999957,13.6505
16711,"Gaia DR3 4833654227548585856","Gaia DR2 4833654227548585856","Gaia DR1 4833654223252552192",74.86,0.83,73.5199,0.0164000001,13.6018
98036,"Gaia DR3 4296708789290712064","Gaia DR2 4296708789289486080",\N,72.95,0.83,73.5249,0.1414999962,13.6008
79537,"Gaia DR3 5835113573101867520","Gaia DR2 5835113573101867520","Gaia DR1 5835113603092103424",72.75,0.82,73.5482,0.0184000004,13.5965
46853,"Gaia DR3 1018776176872261248","Gaia DR2 1018776176871826048",\N,74.15,0.74,73.8284,0.2046000063,13.5449
8070,"Gaia DR3 512129087182637696","Gaia DR2 512129087182637696",\N,74.45,1.11,73.9769,0.0183000006,13.5177
27188,"Gaia DR3 283569928616960768","Gaia DR2 283569928616960768","Gaia DR1 283569924319916416",73.04,1.11,74.1187,0.0179999992,13.4919
110443,"Gaia DR3 6508401923473282432","Gaia DR2 6508401923473282432","Gaia DR1 6508401850458365056",74.75,1.32,76.1595,0.0197000001,13.1303
91438,"Gaia DR3 4079684229322231040","Gaia DR2 4079684229322231040",\N,77.02,0.85,76.7405,0.0494000018,13.0309
27887,"Gaia DR3 4758877919212831104","Gaia DR2 4758877919212831104",\N,77.95,0.53,77.3261,0.0170000009,12.9322
25623,"Gaia DR3 3210731015768096000","Gaia DR2 3210731015767419520","Gaia DR1 3210731011470628608",77.03,0.91,77.3499,0.0197999999,12.9283
80300,"Gaia DR3 6018034958869558912","Gaia DR2 6018034958869558912",\N,78.04,2.4,77.4545,0.0432999991,12.9108
10395,"Gaia DR3 4971496564348436352","Gaia DR2 4971496564348094336",\N,80.79,2.81,78.1168,0.0329999998,12.8013
56998,"Gaia DR3 5378886891123024512","Gaia DR2 5378886891122066560","Gaia DR1 5378886886821510912",79.91,0.92,78.2268,0.0182000007,12.7833
16134,"Gaia DR3 5101578445000656128","Gaia DR2 5101578445000656128",\N,79.26,2.25,80.04,0.9900000095,12.4938
77952,"Gaia DR3 5826168461855385472","Gaia DR2 5826168461827543168",\N,81.24,0.62,80.4854,0.2187000066,12.4246
22627,"Gaia DR3 3288082758293022848","Gaia DR2 3288082758293022848","Gaia DR1 3288082753998763904",82.52,3.99,80.5623,0.0236000009,12.4128
171,"Gaia DR3 2853900872207888768","Gaia DR2 2853900872207150720",\N,80.63,3.03,81.179,0.449000001,12.3185
84790,"Gaia DR3 1348028919540189056","Gaia DR2 1348028919539503872","Gaia DR1 1348028915244282112",80.98,1.77,81.7394,0.0282000005,12.234
55691,"Gaia DR3 5334356223546961536","Gaia DR2 5334356223546961536",\N,77.58,1.82,82.5253,1.5119999647,12.1175
77257,"Gaia DR3 4430238051199001216","Gaia DR2 4430238051199001216",\N,85.08,0.8,83.9214,0.1500999928,11.9159
107556,"Gaia DR3 6838311796136238976",\N,\N,84.58,0.88,84.27,0.1899999976,11.8666
47650,"Gaia DR3 1071195187567668480","Gaia DR2 1071195187567668480","Gaia DR1 1071195183271656320",86.69,2.24,84.2983,0.0182000007,11.8626
36834,"Gaia DR3 1088813933689615872","Gaia DR2 1088813933689615872","Gaia DR1 1088813929393877888",87.01,2.17,84.7001,0.0166999996,11.8064
4569,"Gaia DR3 5032683355641241472","Gaia DR2 5032683355641241472",\N,76.32,2.88,84.979,0.461499989,11.7676
23708,"Gaia DR3 4763897739549071744","Gaia DR2 4763897739549071744","Gaia DR1 4763897735255373184",86.76,0.89,85.5301,0.0149999997,11.6918
49969,"Gaia DR3 3828751074215823872","Gaia DR2 3828751074215823872",\N,81.23,2.37,86.6489,0.701399982,11.5408
63510,"Gaia DR3 3737308025029348608","Gaia DR2 3737308025028857600",\N,87.5,1.51,86.901,0.1169999987,11.5073
75187,"Gaia DR3 1214160733157163008","Gaia DR2 1214160733157163008","Gaia DR1 1214160728861204224",87.79,1.93,87.3251,0.0214000009,11.4515
116745,"Gaia DR3 6380214844952702848","Gaia DR2 6380214844952702848",\N,87.72,0.64,87.3724,0.0186999999,11.4453
26335,"Gaia DR3 3339921875389105152","Gaia DR2 3339921875389105152","Gaia DR1 3339921875389105152",87.9,1.29,87.5297,0.0241999999,11.4247
29052,"Gaia DR3 2911981886751531648","Gaia DR2 2911981886751531648","Gaia DR1 2911981882453266176",87.64,2.61,87.702,0.0186999999,11.4022
67927,"Gaia DR3 1244946371540479616","Gaia DR2 1244946371540223872",\N,88.17,0.75,87.75,1.2400000095,11.396
72896,\N,"Gaia DR2 1266092694561970432",\N,97.83,5.99,87.935,0.1779000014,11.372
473,\N,\N,"Gaia DR1 386653743629274880",85.1,2.74,88.44,1.5599999428,11.3071
48331,"Gaia DR3 5412947081295024896","Gaia DR2 5412947081287925504","Gaia DR1 5412947076991921280",89.67,0.82,88.6737,0.0173000004,11.2773
21556,"Gaia DR3 3184351876391975808","Gaia DR2 3184351876391975808","Gaia DR1 3184351872093838592",90.23,1.81,89.1897,0.0198999997,11.2121
8768,"Gaia DR3 5134635708766250752","Gaia DR2 5134635708766250752","Gaia DR1 5134635704470855936",90.17,1.37,90.4171,0.0212999992,11.0599
57050,"Gaia DR3 772430527947893632","Gaia DR2 772430527947893632","Gaia DR1 772430901610348032",90.66,3.03,90.6896,0.0258000009,11.0266
86400,"Gaia DR3 4377160604838377600","Gaia DR2 4377160604838377600",\N,93.36,1.25,90.91,0.6700000167,10.9999
82257,"Gaia DR3 1431783457574556672","Gaia DR2 1431783457574556672","Gaia DR1 1431783457574556672",91.13,2.33,91.34,0.0219999999,10.9481
33142,"Gaia DR3 1003752587430126464","Gaia DR2 1003752587429472768",\N,94.02,2.18,91.6112,0.503099978,10.9157
29316,"Gaia DR3 3329959136109041536","Gaia DR2 3329959337967090048",\N,92.77,4.56,91.65,3.5,10.9111
10644,"Gaia DR3 326173044957518080","Gaia DR2 326173044957518080",\N,92.2,0.84,91.6504,0.4271000028,10.911
48659,"Gaia DR3 5657274198660921472","Gaia DR2 5657274194366761088","Gaia DR1 5657274194364599552",87.26,3.1,91.7371,0.0388999991,10.9007
70975,"Gaia DR3 6324308389531786112","Gaia DR2 6324308389531786112",\N,89.76,3.47,91.8962,0.0359000005,10.8818
115332,"Gaia DR3 2817999068780218368","Gaia DR2 2817999068780218368",\N,93.5,3.58,94.3667,0.0286999997,10.597
95071,"Gaia DR3 4201781696994073472","Gaia DR2 4201781696994073472","Gaia DR1 4201781727042370176",89.08,7.16,95.1758,0.0292000007,10.5069
14754,"Gaia DR3 4646535078125821568","Gaia DR2 4646535078125821568",\N,98.5,1.46,96.1834,0.0288999993,10.3968
83043,"Gaia DR3 4572835535272627712","Gaia DR2 4572835535272064768","Gaia DR1 4572835737133711744",96.9,1.48,96.2333,0.0243999995,10.3914
25578,"Gaia DR3 3338097377577012480","Gaia DR2 3338097377577012480",\N,115.04,5.22,97.8868,0.0287999995,10.2159
62556,\N,"Gaia DR2 1677568527365572224",\N,98.14,1.67,97.91,1.8300000429,10.2135
84123,\N,"Gaia DR2 4367834169251323136",\N,92.58,5.11,98.19,12.0900001526,10.1843
46706,\N,"Gaia DR2 5690031948585514496",\N,94.95,4.31,99.88,3.5999999046,10.012
102409,"Gaia DR3 6794047652729201024","Gaia DR2 6794047652729201024",\N,100.59,1.35,102.9432,0.0230999999,9.7141
76901,"Gaia DR3 6254033894121581952","Gaia DR2 6254033894120917760",\N,121.86,43.95,103.1798,0.3158999979,9.6918
21932,"Gaia DR3 3409711211681795584","Gaia DR2 3409711211681795584","Gaia DR1 3409711211297795584",106.16,2.51,105.4275,0.0209999997,9.4852
94349,"Gaia DR3 4268226078065241600","Gaia DR2 4268226078065241600",\N,98.56,2.66,106.2794,1.0634000301,9.4092
9724,"Gaia DR3 5138510181584617856","Gaia DR2 5138510181584617856",\N,105.94,2.04,107.2972,0.2307000011,9.3199
15457,"Gaia DR3 3269362645115584640","Gaia DR2 3269362645115584640",\N,109.18,0.78,107.8023,0.183799997,9.2762
23512,"Gaia DR3 2976850598890749824","Gaia DR2 2976850598890038784","Gaia DR1 2976850697671077376",107.86,2.95,108.2732,0.0397999994,9.2359
23932,"Gaia DR3 2976507997939000064","Gaia DR2 2976507997939000064","Gaia DR1 2976508062359392512",107.3,2,108.3254,0.0975999981,9.2314
66906,"Gaia DR3 1470462322431834880","Gaia DR2 1470462322431520384",\N,109.89,3.18,108.7903,0.0439999998,9.192
108706,"Gaia DR3 1893189736896880640","Gaia DR2 1893189736896880640",\N,111.57,3.19,109.8548,0.0259000007,9.1029
65026,"Gaia DR3 1552921051659352960","Gaia DR2 1552921051659352960",\N,96.41,2.02,109.9837,0.8292000294,9.0923
17378,"Gaia DR3 5164120762333028736","Gaia DR2 5164120762332790528",\N,110.58,0.88,110.0254,0.1943999976,9.0888
38956,"Gaia DR3 922225002820369152","Gaia DR2 922225002820369152",\N,122.53,11.52,112.9927,0.0259000007,8.8501
31292,"Gaia DR3 5260759175761502976","Gaia DR2 5260759175761502976",\N,119.54,13.42,113.1318,0.0175999999,8.8392
64924,"Gaia DR3 3507879565090229888","Gaia DR2 3507879565090229888",\N,117.3,0.71,117.1726,0.145600006,8.5344
23452,\N,"Gaia DR2 2974726131970829952",\N,117.38,1.81,119.3399,0.1538999975,8.3794
86974,"Gaia DR3 4594497769766809216","Gaia DR2 4594497769763697792",\N,119.05,0.62,119.9248,0.1543000042,8.3386
5496,"Gaia DR3 4704272495284592512","Gaia DR2 4704272495284592512",\N,122.86,7.53,121.4487,1.192999959,8.2339
89937,"Gaia DR3 2266693630693936512","Gaia DR2 2266693630693473024",\N,124.11,0.48,124.11,0.8700000048,8.0574
80346,"Gaia DR3 1411178510887026048","Gaia DR2 1411178510887026048",\N,124.34,1.16,127.4785,0.4817999899,7.8445
85295,"Gaia DR3 4375233191015944192","Gaia DR2 4375233191015944192","Gaia DR1 4375233191015944192",129.54,0.95,129.6459,0.0175000001,7.7133
5336,"Gaia DR3 411413822074322432","Gaia DR2 411413822074322432",\N,132.4,0.6,130.2881,0.434799999,7.6753
83945,"Gaia DR3 1355264565043431040","Gaia DR2 1355264565043431040",\N,137.84,8.95,131.5996,0.4284999967,7.5988
2021,"Gaia DR3 4683897617110115200","Gaia DR2 4683897617108299136",\N,133.78,0.51,134.07,0.1099999994,7.4588
106255,"Gaia DR3 6894054664842632448","Gaia DR2 6894054664842632448",\N,124.82,28.85,134.0831,1.1124999523,7.4581
12114,"Gaia DR3 19316224572460416","Gaia DR2 19316224572460416",\N,138.72,1.04,138.34,0.3176999986,7.2286
84709,"Gaia DR3 5975663422846187008",\N,\N,143.45,17.12,146.29,9.029999733,6.8357
106106,"Gaia DR3 1784473016438653056","Gaia DR2 1784473016438653056",\N,148.29,1.85,147.4958,0.0256999992,6.7799
114622,"Gaia DR3 2009481748875806976","Gaia DR2 2009481748875806976",\N,153.24,0.65,152.864,0.0494000018,6.5418
120005,"Gaia DR3 1022456104850892928","Gaia DR2 1022456104850892928","Gaia DR1 1022456100555749632",159.48,6.61,157.8825,0.0210999995,6.3338
82817,"Gaia DR3 4339465085630200960","Gaia DR2 4339465085630200960",\N,174.23,3.9,161.41,5.6399998665,6.1954
34603,"Gaia DR3 946632924007399936","Gaia DR2 946632924006923776",\N,157.24,3.32,165.2147,0.0636000037,6.0527
99461,"Gaia DR3 6697578465310949376","Gaia DR2 6697578465310949376",\N,165.24,0.9,166.3272,0.1064999998,6.0122
84140,\N,"Gaia DR2 1364668825433454848",\N,158.17,3.26,167.29,5.0199999809,5.9776
73182,\N,"Gaia DR2 6232511675556408320",\N,133.63,33.56,168.77,21.5400009155,5.9252
29295,"Gaia DR3 2940856402123426176","Gaia DR2 2940856402123426176","Gaia DR1 2940856397828565760",173.19,1.12,173.574,0.0170000009,5.7612
25878,"Gaia DR3 3209938366665770752","Gaia DR2 3209938366665770752","Gaia DR1 3209938366665770752",175.72,1.2,175.3131,0.0204000007,5.7041
21088,"Gaia DR3 470826482637310080","Gaia DR2 470826482635704064",\N,181.36,3.67,181.2438,0.0498999991,5.5174
112460,"Gaia DR3 1934263333784036736","Gaia DR2 1934263333784036736",\N,198.07,2.05,197.9573,0.0219999999,5.0516
19849,"Gaia DR3 3195919528989223040","Gaia DR2 3195919528988725120",\N,198.24,0.84,199.608,0.1208000034,5.0098
1242,"Gaia DR3 2368293487261055488","Gaia DR2 2368293487260807040",\N,191.86,17.24,200.53,9.4099998474,4.9868
57367,"Gaia DR3 5332606522595645952","Gaia DR2 5332606522595645952","Gaia DR1 5332606518269523072",216.4,2.11,215.6753,0.0181000009,4.6366
3829,"Gaia DR3 2552928187080872832","Gaia DR2 2552928187080872832",\N,226.95,5.35,231.78,0.0183000006,4.3144
80824,"Gaia DR3 4330690742322011520","Gaia DR2 4330690742322011520","Gaia DR1 4330690909825212928",234.51,1.82,232.139,0.0267999992,4.3078
30920,\N,"Gaia DR2 3117120863523946368",\N,242.89,2.64,242.9659,0.8833000064,4.1158
105090,"Gaia DR3 6583272171336048640","Gaia DR2 6583272171335359360",\N,253.37,1.13,251.9124,0.0351999998,3.9696
5643,"Gaia DR3 2358524597030794112","Gaia DR2 2358524597030794112",\N,269.05,7.57,269.0573,0.0337000005,3.7167
8102,"Gaia DR3 2452378776434477184","Gaia DR2 2452378776434276992",\N,274.17,0.8,273.8097,0.1701000035,3.6522
