designation, HIP, HD, ra, declination, parallax, parallax_error, pm, pmra, pmdec, ruwe, phot_g_mean_mag, phot_bp_mean_mag, phot_rp_mean_mag, teff_gspphot, teff_gspphot_lower, teff_gspphot_upper, logg_gspphot, logg_gspphot_lower, logg_gspphot_upper, mh_gspphot, mh_gspphot_lower, mh_gspphot_upper, distance_gspphot, distance_gspphot_lower, distance_gspphot_upper, Mg, Mg_error, MRp, MRp_error, Bp_minus_Rp, Vmag, RAdeg, DEdeg, RAhms, DEdms, Plx, e_Plx, distance_Plx, pmRA, pmDE, BTmag, VTmag, MV, MV_error, MVt, MVt_error, B_minus_V, BT_minus_VT
"Gaia DR3 1103079616027292416",34115,\N,106.11224825269632,68.28901639536176,61.14318891505325,0.019764476,349.8263,346.1836139003026,50.35217922966151,1.2830627,10.8454,12.2086115,9.691687,3147.6594,3146.692,3160.1362,4.129,4.1255,4.1701,-0.8097,-0.8145,-0.761,16.3859,16.3468,16.4149,9.777140427764456,0.0007019263564593814,8.623427427764456,0.0007019263564593814,2.5169245,11.95,106.10581565,68.28866968,7,68,65.44,2.88,15.2812,346.92,54.34,\N,\N,11.029216453316334,0.09562779407289224,\N,\N,1.527,\N
"Gaia DR3 111379432679196672",15332,\N,49.442359174881396,25.25015392509532,46.06079767926949,0.020293385,865.98773,786.5359285178403,-362.3478232742765,1.125629,10.901909,12.024303,9.842851,3577.252,3574.8215,3577.743,4.7973,4.7928,4.7979,-0.1071,-0.1321,-0.1035,21.6509,21.6375,21.6658,9.218566273949284,0.0009567035460671391,8.159508273949283,0.0009567035460671391,2.181452,11.84,49.43638216,25.25264566,3,25,47.29,3.44,21.1461,784.25,-364,\N,\N,10.213846570077132,0.15823816153836212,\N,\N,1.46,\N
"Gaia DR3 114207651462714880",12781,\N,41.068881780380345,25.52175109435131,130.19563405443222,0.028051848,937.71783,864.5251260254983,-363.19555086835487,1.080172,9.467294,10.816531,8.316322,3179.169,3157.587,3238.1348,4.318,4.2492,4.524,-0.7115,-0.7846,-0.4589,7.6778,7.6447,7.6891,10.040276104806804,0.00046786372947860144,8.889304104806804,0.00046786372947860144,2.500209,10.55,41.06229453,25.52424901,2,25,132.42,2.48,7.5517,864.77,-367.17,\N,\N,11.159767917726494,0.04067271810638573,\N,\N,1.53,\N
"Gaia DR3 1155276250492687616",74190,\N,227.39562087412435,3.1689590731574753,68.45044122753534,0.019924864,770.80707,-602.1219360871316,481.24076352495507,1.0353637,10.37806,11.712266,9.23603,3166.075,3164.047,3177.0474,4.0886,4.082,4.1227,-0.8098,-0.8169,-0.7711,14.6035,14.5896,14.6199,9.554941259579135,0.0006320820273097993,8.412911259579136,0.0006320820273097993,2.476236,11.46,227.39976594,3.1656499,15,3,68.99,2.63,14.4949,-601.06,482.52,\N,\N,10.653930724732973,0.08281984830890288,\N,\N,1.511,\N
"Gaia DR3 1175938925836488448",70475,\N,216.23573184749154,8.888339518893313,76.78255940783944,0.04487608,570.87573,547.7841798597909,160.72202829528786,1.6540773,11.102701,12.4818735,9.946034,3125.8486,3114.6067,3280.0005,4.3363,4.2769,4.7998,-0.8357,-0.9159,-0.3114,13.0434,12.8768,13.1407,10.529013922221328,0.001269131706658655,9.372346922221325,0.001269131706658655,2.5358395,12.23,216.23192023,8.88723465,14,8,69.73,4.28,14.341,546.31,158.16,\N,\N,11.447098326024593,0.13345188330655944,\N,\N,1.613,\N
"Gaia DR3 1193030490492925824",78072,"142860",239.11469743534354,15.655912590196278,89.56466413447797,0.18347327,1319.9719,311.18254717012934,-1282.7670369101927,1.5415206,3.694426,3.9963472,3.2928677,6182.6055,6180.3726,6184.639,4.079,4.0755,4.0825,-0.3494,-0.3679,-0.3321,11.167,11.1432,11.1929,3.4551095082287633,0.0044482687991531655,3.0535512082287637,0.0044482687991531655,0.7034795,3.85,239.11247598,15.66473327,15,15,89.92,0.72,11.121,311.2,-1282.17,\N,\N,3.619281491124929,0.01738760619804447,\N,\N,0.478,\N
"Gaia DR3 1229089524081628416",70865,\N,217.36887348196421,15.538414038335086,70.32487493126503,0.021143159,1673.5492,-1054.7757849507702,1299.3132065676791,1.2632816,9.732934,10.90645,8.651203,3343.8218,3343.596,3344.3616,3.9396,3.9394,3.9405,-1.2692,-1.2698,-1.2683,14.1729,14.167,14.1803,8.96847884235116,0.0006528527472919876,7.886747842351161,0.0006528527472919876,2.255247,10.67,217.37640041,15.52948103,14,15,70.06,2.25,14.2735,-1053.37,1300.01,\N,\N,9.89735066490837,0.06976154289216918,\N,\N,1.471,\N
"Gaia DR3 1244644727396803584",67090,\N,206.27327486352382,17.777287971454683,77.44122245908348,0.017091446,1887.907,450.9738430630764,-1833.2526914896066,1.0069798,9.108179,10.003153,8.1753845,3846.104,3845.6584,3847.2422,4.7656,4.7641,4.7677,-0.3924,-0.3943,-0.3881,12.8899,12.8824,12.8991,8.553039999849048,0.00047924868502580154,7.620245499849048,0.00047924868502580154,1.8277685,9.79,206.27001884,17.78989211,13,17,76.7,1.46,13.0378,451.03,-1831.59,\N,\N,9.213976819744905,0.04133940958093785,\N,\N,1.42,\N
"Gaia DR3 1341113541156480768",84099,\N,257.89598966788463,38.44254560681901,83.06866367689253,0.01781857,217.8079,212.68792342388429,-46.94817915362118,1.0543015,10.420489,11.85787,9.238903,3197.2703,3177.3823,3299.817,4.1525,4.0982,4.7521,-1.0463,-1.1091,-0.0903,12.0478,12.0147,12.1694,10.01767512019547,0.00046578976972533326,8.83608912019547,0.00046578976972533326,2.618967,11.54,257.89412267,38.44286912,17,38,83.13,2.13,12.0294,211.77,-44.85,\N,\N,11.13878890250947,0.05565077358115911,\N,\N,\N,\N
"Gaia DR3 1350714133093019904",87938,\N,269.4622611288724,46.59121608783237,71.49516298997698,0.015178036,578.33594,-15.069704345036971,578.139595462519,1.1434925,10.570074,11.951392,9.411464,3145.5625,3136.4148,3276.3958,4.1782,4.1437,4.5533,-0.7534,-0.7884,-0.3165,13.9707,13.8972,14.0024,9.84145730286405,0.0004609918422655568,8.682847302864051,0.0004609918422655568,2.539928,11.79,269.46241105,46.58724154,17,46,73.75,1.84,13.5593,-17.74,575.75,\N,\N,11.128810123251004,0.05418764147038235,\N,\N,1.56,\N
"Gaia DR3 1413099460779606528",81563,\N,249.87835576274384,50.565835382779426,48.36520902642757,0.016310694,514.3785,320.6464973851058,-402.2076997781927,1.1293374,10.984402,12.050353,9.960774,3396.4197,3396.1345,3396.8635,4.085,4.0844,4.086,-1.5102,-1.5107,-1.5091,20.6859,20.6761,20.6996,9.407067345311411,0.0007323078728855847,8.383439345311412,0.0007323078728855847,2.089579,11.88,249.8748842,50.56860064,16,50,45.89,1.98,21.7912,321.16,-403.03,\N,\N,10.188590288473296,0.09374997594390244,\N,\N,1.77,\N
"Gaia DR3 1473166433840437888",65012,\N,199.8965960574404,35.10343086902767,73.9230605881877,0.033322293,883.6546,372.8263631681323,-801.1528987788727,1.677979,11.011088,12.371564,9.857584,3125.6838,3123.8225,3126.645,4.2475,4.2353,4.251,-0.8958,-0.904,-0.8918,13.5468,13.53,13.6831,10.354987696975094,0.0009788345368342277,9.201483696975092,0.0009788345368342277,2.51398,12.03,199.89345734,35.10894812,13,35,55.48,39.3,18.0245,380.37,-783.48,\N,\N,10.750682262006238,1.9193454677178217,\N,\N,1.47,\N
"Gaia DR3 1584088431025057792",60398,\N,185.7438361631177,64.03248298122433,54.44735322749599,0.019417007,769.7052,-673.1157390294371,373.31127424004893,1.4072167,10.552364,11.82523,9.429114,3243.4312,3242.58,3246.3918,4.1747,4.1722,4.1817,-0.6699,-0.6727,-0.6608,18.3882,18.3764,18.4476,9.232247864294425,0.0007743902001458025,8.108997864294427,0.0007743902001475789,2.396116,11.63,185.75439425,64.02991823,12,64,55.5,2.27,18.018,-667.21,375.52,\N,\N,10.35146491561338,0.08886475342164513,\N,\N,1.61,\N
"Gaia DR3 1615982823805660544",73734,\N,226.07118760325147,60.38537932190289,58.544572315840405,0.014767674,681.02576,-657.3080971622794,178.16335290508448,1.2150067,10.117958,11.232963,9.068951,3608.4868,3607.643,3609.0078,4.7451,4.7428,4.7463,-0.0305,-0.0342,-0.0268,17.0425,17.0339,17.0537,8.955391188541004,0.0005477467176779882,7.906384188541004,0.0005477467176779882,2.164012,11,226.08033108,60.38415455,15,60,56.94,1.44,17.5623,-654.95,177.55,\N,\N,9.777087314054683,0.05492776882329853,\N,\N,1.5,\N
"Gaia DR3 1669449084967071872",71898,\N,220.58662378500725,66.05561864866871,91.47905102923112,0.0156019805,301.51407,-299.0311092008317,-38.615056152959184,1.125203,9.854037,11.057698,8.761355,3254.3323,3251.1985,3280.9893,4.2191,4.21,4.2929,-0.9213,-0.9328,-0.846,10.9319,10.9246,10.9482,9.66064525371673,0.00037035004339092126,8.56796325371673,0.00037035004339092126,2.296343,10.88,220.59172751,66.05588609,14,66,101.34,12.77,9.8678,-310.62,-59.22,\N,\N,10.908904499773262,0.27509265172871533,\N,\N,1.615,\N
"Gaia DR3 170639948323693952",19337,"281621",62.15864195363978,33.63759679656128,71.82205959553683,0.018904958,541.73645,526.8736624635442,126.02597411315382,1.038892,9.371755,10.422763,8.35289,3639.0974,3616.9912,3650.5967,4.6228,4.557,4.6425,-0.4621,-0.6166,-0.3593,13.8921,13.8334,13.9699,8.65304427477674,0.0005715736346090239,7.63417927477674,0.0005715736346090239,2.069873,10.18,62.15429045,33.63673008,4,33,73.01,2.19,13.6968,524.64,126.47,\N,\N,9.496911742203938,0.06515479542387492,\N,\N,1.495,\N
"Gaia DR3 1872046609345556480",104214,"201091",316.7484792940004,38.76386244649797,285.99494829578117,0.05989728,5282.104,4164.2086922846665,3249.613883848584,1.2043179,4.766713,5.4397926,3.977203,4353.7437,4349.8877,4367.35,4.6322,4.6255,4.6499,0.2244,0.2049,0.301,3.4904,3.4792,3.4946,7.048504809934679,0.0004547817840903079,6.258994809934679,0.0004547817840903079,1.4625896,5.2,316.71181258,38.74149446,21,38,287.13,1.51,3.4827,4155.1,3258.9,\N,\N,7.490392854746412,0.011419752609224343,\N,\N,1.069,\N
"Gaia DR3 1889703529122914560",112909,\N,342.9758008163989,31.754005503153618,66.20519427385788,0.04352633,526.02374,523.7997213332408,-48.31995310468763,1.4225554,10.501047,11.875741,9.336546,3110.1282,3109.4214,3111.1016,3.9763,3.9726,3.9811,-0.859,-0.8626,-0.8523,15.1346,15.1207,15.1663,9.605507321517084,0.0014276257223757582,8.441006321517083,0.0014276257223766464,2.539195,11.66,342.97156518,31.75433773,22,31,70.3,2.71,14.2248,527.01,-50.59,\N,\N,10.89477662509912,0.08374975499323511,\N,\N,1.5,\N
"Gaia DR3 1940584323054654592",117383,\N,357.01731862552737,49.01622835324005,61.25738022622941,0.021546135,630.0848,626.2088480177963,69.78013860817649,1.3833959,11.175468,12.322246,10.109758,3353.103,3352.777,3354.171,4.3187,4.3168,4.3213,-1.3642,-1.3649,-1.3619,16.3452,16.3117,16.3977,10.111260097708547,0.0007637747393189898,9.045550097708547,0.0007637747393189898,2.212488,12.06,357.01075418,49.01574852,23,49,60.56,3.24,16.5125,626.93,69.67,\N,\N,10.97092933246008,0.11628624248963959,\N,\N,1.63,\N
"Gaia DR3 2090085056523454464",91699,\N,280.4944113394081,31.830526444225434,92.61274331836513,0.017430982,300.4369,-300.32391163555053,8.237984564903643,1.1358266,10.201433,11.531231,9.061658,3379.8118,3379.5742,3380.0623,4.8718,4.8708,4.8723,-0.1081,-0.1094,-0.1069,10.7731,10.7694,10.7772,10.034786743996714,0.0004087007421933464,8.895011743996713,0.0004087007421933464,2.469573,11.27,280.49684034,31.83046912,18,31,88.14,2.27,11.3456,-303.3,8.59,\N,\N,10.995865230869502,0.055937515861672615,\N,\N,1.579,\N
"Gaia DR3 2171727299589482112",106557,\N,323.71302482042864,51.538502503558405,56.71539972127668,0.03268682,555.57715,458.9052458276693,313.164423366211,1.1644818,10.724582,12.027866,9.584763,3212.401,3211.5652,3220.764,4.177,4.1739,4.2054,-0.7273,-0.7306,-0.6919,17.6702,17.6497,17.7308,9.493086986343311,0.0012514861217995943,8.353267986343312,0.0012514861217995943,2.443103,12.01,323.70795231,51.53634769,21,51,57.37,2.59,17.4307,456.12,310.81,\N,\N,10.803424249412206,0.09809899064574878,\N,\N,1.8,\N
"Gaia DR3 219057458247921536",18915,"25329",60.82191799513742,35.26721591490448,54.04215963609338,0.025973938,2204.4902,1731.5573033901283,-1364.3629900603064,1.011684,8.232109,8.697253,7.5901484,4819.093,4817.4263,4821.432,4.7214,4.7142,4.729,-0.9487,-0.9677,-0.915,18.4522,18.4209,18.4887,6.895772479997324,0.0010436609946053998,6.253811879997325,0.0010436609946053998,1.1071046,8.51,60.80733764,35.27659465,4,35,54.14,1.08,18.4706,1732.49,-1365.5,\N,\N,7.1775912571724385,0.04332289164233538,\N,\N,0.863,\N
"Gaia DR3 2245095683274908672",102300,\N,310.9255265030433,64.28123970484519,46.58405246101683,0.019417845,326.1823,309.81195697555546,-102.03653007671687,1.0884627,10.629359,11.622256,9.64281,3486.609,3484.789,3513.4436,4.0352,4.0276,4.1142,-1.61,-1.6238,-1.5131,21.4405,21.3897,21.6361,8.970545330922874,0.0009051448915302629,7.983996330922877,0.000905144891530707,1.979446,11.87,310.92061816,64.28194099,20,64,46.11,1.76,21.6873,310.37,-100.54,\N,\N,10.188975611097039,0.08292450828550813,\N,\N,1.997,\N
"Gaia DR3 2379962604166006016",114411,\N,347.56913828705433,-25.93119473911205,67.10138026989291,0.022839904,716.21765,715.7831790724741,24.942465882986564,1.4749031,10.325614,11.514855,9.245406,3302.5571,3302.2,3302.9795,4.0174,4.0164,4.0182,-1.3612,-1.3619,-1.3579,14.9106,14.8984,14.9499,9.459271268313868,0.0007391237421341401,8.379063268313867,0.0007391237421323638,2.269449,11.27,347.56366641,-25.93136597,23,-25,63.73,3.17,15.6912,716.81,19.43,\N,\N,10.291719592399328,0.10810062818951671,\N,\N,1.566,\N
"Gaia DR3 2383999392388000640",113605,\N,345.15340839394395,-23.971174013637587,50.77758394634132,0.017188543,397.95554,194.13144484107667,-347.39255735629183,1.040946,10.691419,11.82505,9.636045,3354.6865,3309.53,3501.2515,4.2769,4.1181,4.6641,-0.8389,-1.0272,-0.3791,19.7086,19.581,19.8967,9.21977916408528,0.000735057586618737,8.164405164085279,0.000735057586618737,2.189005,11.6,345.15194834,-23.96878507,23,-23,49.36,3.19,20.2593,195.27,-346.33,\N,\N,10.066875755125928,0.14053211453279957,\N,\N,1.51,\N
"Gaia DR3 2386898972054841088",114719,\N,348.57136695717173,-19.644029228906422,47.41964942705923,0.017339377,444.83707,441.1978154472954,56.78469504211246,1.1070641,9.733671,10.7356825,8.743459,3762.0674,3756.5117,3771.646,4.5783,4.542,4.5835,-0.0921,-0.1312,-0.0473,21.0978,21.0327,22.5467,8.11346269459882,0.0007940164232911329,7.123250694598819,0.0007940164232906888,1.9922235,10.46,348.56814681,-19.64441927,23,-19,51.44,5.79,19.4401,447.7,57.87,\N,\N,9.01650479958083,0.2454574100951783,\N,\N,1.449,\N
"Gaia DR3 2395031273585836288",116215,"221503",353.20741018274816,-16.846618522179938,68.73564590379422,0.0271539,405.45023,341.1472420300318,-219.10830778537118,1.0748491,8.085915,8.828512,7.25084,4036.3137,4020.5015,4045.8267,4.4835,4.4486,4.4985,-0.6133,-0.6916,-0.5137,14.5924,14.5538,14.9387,7.271825090282835,0.0008578365264901855,6.436750090282835,0.0008578365264901855,1.577672,8.59,353.20496028,-16.84511194,23,-16,71.7,1.36,13.947,343.55,-217.65,\N,\N,7.867595778339,0.04119325973743537,\N,\N,1.29,\N
"Gaia DR3 2460983348274381696",8691,\N,27.955434457117235,-10.80586697964623,58.2409207733023,0.027337851,783.74786,568.6177622079103,-539.3835152227974,1.2623228,10.863001,12.043837,9.77686,3306.2104,3305.5571,3307.434,4.1156,4.1137,4.1181,-1.3196,-1.3218,-1.3155,17.2028,17.1911,17.2381,9.68914216219139,0.001019272922777148,8.603001162191388,0.001019272922777148,2.266977,11.8,27.95145439,-10.80215939,1,-10,56.35,3.05,17.7462,568.32,-537.78,\N,\N,10.554469601910629,0.11764808988655329,\N,\N,1.475,\N
"Gaia DR3 2515037264041041536",10279,\N,33.07959930325112,3.567385154970191,95.16060614858952,0.024669407,2557.187,-1762.4057179489491,-1852.8711000327555,1.3375835,9.205841,10.280927,8.165198,3619.5676,3618.4233,3620.0605,4.79,4.7802,4.7906,-0.1119,-0.1224,-0.1069,10.5004,10.4947,10.5063,9.098126998591024,0.0005629318688455953,8.057483998591024,0.0005629318688455953,2.115729,10.04,33.09173956,3.58012318,2,3,96.28,1.8,10.3864,-1761.07,-1852.82,\N,\N,9.957680408014962,0.04060143142220429,\N,\N,1.431,\N
"Gaia DR3 2560771312759450496",8051,\N,25.832196670357842,4.318255356429924,88.30597070744219,0.023291193,873.9037,-422.4133313786974,-765.0324158439888,1.0700988,9.907381,11.157849,8.797398,3452.291,3452.0503,3452.543,4.8241,4.8237,4.8247,-0.0772,-0.0783,-0.075,11.2891,11.2847,11.2931,9.637331344480728,0.0005727379898754492,8.527348344480727,0.0005727379898754492,2.360451,10.93,25.83510906,4.32351508,1,4,88.86,1.99,11.2537,-420.14,-763.36,\N,\N,10.673531544524261,0.04863777532766633,\N,\N,1.525,\N
"Gaia DR3 2564324345929277184",6069,\N,19.472269673905735,5.471111484456794,55.24816047250359,0.02136127,640.23865,87.8131010306212,-634.1879464126924,1.1507359,10.203821,11.260263,9.178536,3386.2861,3384.751,3395.702,4.0967,4.0898,4.1251,-1.1117,-1.1205,-1.07,18.1302,18.1165,18.2283,8.91541011224359,0.0008395828992666665,7.89012511224359,0.0008395828992662224,2.081727,11.02,19.4716633,5.4754696,1,5,65.3,14.87,15.3139,88.17,-629.73,\N,\N,10.094565906375369,0.5033072885956367,\N,\N,1.478,\N
"Gaia DR3 259731623173675904",23140,\N,74.69517197267011,50.94232725155364,47.49678089820916,0.017995318,604.8183,502.40443910267913,-336.7416620102787,0.9737834,10.1602545,11.19085,9.151585,3680.0913,3662.41,3695.8936,4.6281,4.5977,4.6598,-0.3732,-0.5168,-0.1985,21.007,20.9004,21.1009,8.543575381227544,0.0008227155118358809,7.5349058812275445,0.0008227155118358809,2.039265,10.97,74.68968885,50.94464233,4,50,51.51,2.45,19.4137,502.53,-335.69,\N,\N,9.529457749402896,0.10336099282374889,\N,\N,1.432,\N
"Gaia DR3 2603090003484152064",113020,\N,343.3241110018443,-14.266689393516607,214.0379888743159,0.035619885,1170.8784,957.7147312894218,-673.6012364809744,1.3398496,8.875059,10.453005,7.6437206,3185.4407,3183.7886,3185.9514,4.7813,4.7756,4.7824,-0.0011,-0.0112,-0.0001,4.665,4.6631,4.6664,10.527513308201183,0.00036137322457729937,9.296174908201182,0.00036137322457818755,2.8092844,10.16,343.31731628,-14.26205842,22,-14,212.69,2.1,4.7017,960.33,-675.64,\N,\N,11.79873535626228,0.021440783539954822,\N,\N,1.597,\N
"Gaia DR3 2627117287488522240",109388,\N,332.4231515660494,-4.64083481515791,113.4447215072131,0.029997606,1132.7999,1132.5832654528356,-22.15730652565566,1.353798,9.237196,10.61174,8.070007,3229.764,3153.1143,3303.7212,4.3425,4.1161,4.4983,-0.4062,-0.6696,-0.2356,8.8094,8.7725,8.8476,9.511117466568788,0.0005741913280168376,8.343928466568787,0.0005741913280168376,2.541733,10.41,332.41534076,-4.64068104,22,-4,113.97,2.1,8.7742,1134.9,-19.71,\N,\N,10.693952741371914,0.04001586589984374,\N,\N,1.531,\N
"Gaia DR3 2644439955745152512",116317,\N,353.5094798297434,0.17524273262485965,71.23393039944308,0.022930454,1365.8391,-993.091286898187,-937.702601927091,1.1814288,10.176725,11.397374,9.073014,3277.7864,3277.153,3279.0588,4.247,4.2451,4.2515,-0.7789,-0.7808,-0.7742,14.0407,14.035,14.0486,9.440159538071129,0.0006990046686921048,8.33644853807113,0.0006990046686929929,2.32436,11.16,353.51630754,0.18168871,23,0,71.56,4.77,13.9743,-997.02,-936.24,\N,\N,10.433351659476678,0.14495954729215743,\N,\N,1.454,\N
"Gaia DR3 2700417192226894976",107317,\N,326.0526781021926,6.640727017702199,48.62484721396324,0.04405844,364.34656,-324.0922786769462,-166.4710252141255,2.0311973,10.9909,12.334681,9.842359,3144.4558,3140.2224,3154.6294,4.0002,3.9806,4.04,-0.8113,-0.8317,-0.7661,20.7115,20.6124,20.8307,9.42519124861104,0.001967547838813033,8.276650248611041,0.001967547838813033,2.492322,12.06,326.05491855,6.64186705,21,6,47.3,3.84,21.1416,-326.46,-166.9,\N,\N,10.434305703689057,0.17667750426452677,\N,\N,1.522,\N
"Gaia DR3 2717105133036645760",111313,\N,338.26170115162523,9.37860496034321,77.03461200556988,0.021512639,556.3815,538.1796824250598,141.1487996279024,1.2107295,9.542259,10.620544,8.511597,3634.9204,3634.6848,3635.138,4.7653,4.765,4.7656,-0.1411,-0.142,-0.1396,12.9583,12.9542,12.9627,8.975688497654073,0.0006064040830802142,7.945026497654073,0.0006064040830802142,2.108947,10.36,338.25794972,9.37763447,22,9,78.07,2.45,12.809,537.93,140.05,\N,\N,9.822420896823438,0.06816773297525014,\N,\N,1.501,\N
"Gaia DR3 2724890053318383232",108380,\N,329.36098703370953,8.13764621566758,47.722729778733175,0.023664718,386.94595,373.79878698478524,100.00820709010259,1.095068,10.135839,11.255583,9.079977,3597.1438,3593.0742,3600.2336,4.5901,4.5835,4.5955,-0.1279,-0.1614,-0.1006,20.9051,20.8896,20.9195,8.529465388521848,0.0010767884960953822,7.4736033885218465,0.001076788496094938,2.175606,11.02,329.35839099,8.13695772,21,8,50.43,2.48,19.8295,380.83,103.22,\N,\N,9.533444840795667,0.1068728750634369,\N,\N,1.439,\N
"Gaia DR3 2738145555048846080",110951,\N,337.19219373733154,18.93112935160685,44.908885690314705,0.018845936,210.4688,167.19829020279946,-127.83521957238048,1.1376401,10.015258,10.980068,9.046482,3557.435,3550.4678,3581.5454,4.2263,4.2074,4.2907,-0.9513,-0.973,-0.8701,22.2563,22.2364,22.3817,8.27691939593801,0.0009112546844285419,7.308143395938011,0.0009112546844285419,1.933586,10.73,337.19097878,18.93200777,22,18,44.34,1.81,22.553,166.13,-128.26,\N,\N,8.963978443892348,0.08869080661976891,\N,\N,1.359,\N
"Gaia DR3 2761162254724651776",115680,\N,351.55386179032695,8.894783689773401,44.356514360159686,0.029906025,561.1487,518.9894359023966,213.39596665953542,1.0397055,9.8656845,10.782609,8.925722,3633.9927,3630.9097,3664.8396,4.2627,4.2547,4.3423,-0.9915,-0.9995,-0.8784,22.5005,22.4421,22.6856,8.100471554650518,0.0014640491693844737,7.160509054650519,0.0014640491693840296,1.856887,10.56,351.55025,8.89331651,23,8,42.25,2.13,23.6686,519.2,211.67,\N,\N,8.689133566428557,0.10956593386902291,\N,\N,1.461,\N
"Gaia DR3 2802397960855105920",3093,"3651",9.838652915455736,21.24883304644718,90.02481648583029,0.048158985,591.6235,-461.94828899560946,-369.6242681666145,0.87889403,5.6543193,6.0807157,5.0626116,5110.9243,5109.8975,5112.083,4.4555,4.4545,4.4563,-0.0824,-0.087,-0.0775,11.1092,11.0992,11.1286,5.4261305237088395,0.0011616343276843466,4.834422823708841,0.0011616343276843466,1.0181041,5.88,9.84206107,21.2513739,0,21,90.03,0.72,11.1074,-461.07,-370.88,\N,\N,5.651936250722577,0.017366360854408125,\N,\N,0.85,\N
"Gaia DR3 2832827391830929920",112120,\N,340.666609852525,17.671546295388705,50.465337293092624,0.041062165,1218.0983,1102.4027518701967,518.1424833828972,0.9116612,10.713328,12.002386,9.581546,3214.9697,3213.782,3216.6345,4.0481,4.0429,4.0525,-0.8156,-0.821,-0.8108,19.8743,19.846,19.9566,9.228293901375352,0.0017668638085632793,8.09651190137535,0.0017668638085632793,2.42084,11.78,340.65865688,17.66798381,22,17,47.13,2.96,21.2179,1106.85,514.8,\N,\N,10.146487198798182,0.13655908107780768,\N,\N,1.501,\N
"Gaia DR3 2929062902976882304",34361,\N,106.84643706065182,-21.458520145746682,56.933600757437695,0.017264288,286.77148,195.14755951077632,-210.1316520736746,1.0762309,10.150474,11.341142,9.058939,3343.1187,3338.0278,3352.0374,3.9606,3.9523,3.9884,-1.2023,-1.2122,-1.1754,17.528,17.381,17.7019,8.927317257862764,0.0006584675079785995,7.835782257862764,0.0006584675079785995,2.282203,11.11,106.84499498,-21.45707442,7,-21,58.04,2.46,17.2295,195.2,-210.99,\N,\N,9.928637018828493,0.09209208052778983,\N,\N,1.44,\N
"Gaia DR3 2979590513145784192",22762,\N,73.46015657149674,-17.776283502998492,83.68966533704628,0.015969025,763.0572,408.5727310537092,-644.4568537651821,1.1063225,9.938216,11.13577,8.850999,3257.2832,3254.5913,3293.669,4.1827,4.1758,4.2864,-0.9377,-0.946,-0.8462,11.9395,11.825,11.9532,9.551575155903794,0.00041434384371896726,8.464358155903795,0.00041434384371896726,2.284771,10.9,73.4572069,-17.7718526,4,-17,80.89,1.97,12.3625,408.76,-644.35,\N,\N,10.439474177081415,0.05289463095530422,\N,\N,1.547,\N
"Gaia DR3 301785537751949824",8043,\N,25.8193232578451,27.841965507046456,45.423858575128754,0.01962417,551.80707,550.8844648256097,-31.89538549443339,1.3827711,9.65533,10.612588,8.69036,3673.0574,3611.0273,3727.44,4.4371,4.2493,4.4686,-0.4983,-0.7851,-0.4106,22.0834,21.8618,22.6454,7.941750115150631,0.000938126960204233,6.976780115150632,0.000938126960204233,1.922228,10.4,25.81504023,27.84218426,1,27,48.11,2.01,20.7857,550.97,-33.26,\N,\N,8.811176784512822,0.09077534233116058,\N,\N,1.46,\N
"Gaia DR3 3023711269067191296",27435,"38858",87.1458581131804,-4.095664047742017,65.74459508507027,0.030716265,237.37677,61.42699725421628,-229.29120099564255,1.0174928,5.805881,6.1297007,5.3133903,5647.247,5645.939,5648.3726,4.4267,4.4256,4.4275,-0.5255,-0.5343,-0.5168,15.2071,15.1987,15.2176,4.895181274690027,0.0010145248706403542,4.402690574690028,0.0010145248706403542,0.8163104,5.97,87.14543446,-4.09408727,5,-4,64.25,1.19,15.5642,62.39,-230.65,\N,6.39,5.009365660016661,0.040223310628451525,5.429365660016661,0.040223310628451525,0.639,\N
"Gaia DR3 3060641356390249728",36338,\N,112.19128658651584,-3.301647006516706,85.2176772433136,0.051778194,902.5795,439.4107055546798,-788.395834334682,1.088353,10.296098,11.681078,9.137914,3124.4966,3121.8374,3158.3237,4.1537,4.1429,4.2904,-0.808,-0.82,-0.657,11.6938,11.5369,11.7323,9.948746462854245,0.0013193850989461353,8.790562462854245,0.0013193850989470235,2.543164,11.47,112.18825996,-3.29622688,7,-3,79.65,2.61,12.5549,435.61,-794.36,\N,\N,10.975928900685751,0.07118107764169501,\N,\N,1.486,\N
"Gaia DR3 3136952686035250688",37766,\N,116.1658359308822,3.5504844454883244,166.97689652666736,0.034340866,565.3336,-347.78160133471783,-445.7017799350484,1.3503697,9.692206,11.416927,8.419889,3098.9648,3095.17,3109.087,4.7247,4.719,4.7581,0.0003,-0.0015,0.0535,5.9792,5.9728,5.994,10.805487924447565,0.0004465901908607961,9.533170924447564,0.0004465901908607961,2.997038,11.19,116.16823269,3.55354943,7,3,168.59,2.67,5.9315,-344.87,-450.84,\N,\N,12.324159053293606,0.03439300160199377,\N,\N,1.6,\N
"Gaia DR3 3139847906307949696",36208,\N,111.85462844259372,5.209382701706996,264.12689775460655,0.04127979,3735.4224,571.2323467293181,-3691.4865653792745,1.2387705,8.576388,10.111705,7.3539467,3024.395,3023.8254,3025.0127,4.2393,4.2369,4.2418,-0.7638,-0.7665,-0.761,3.786,3.7853,3.787,10.685451152410561,0.00033937446942200467,9.463009852410561,0.00033937446942200467,2.7577583,9.84,111.85068549,5.23476432,7,5,263.26,1.43,3.7985,571.27,-3694.25,\N,\N,11.941924384802038,0.011795320543632748,\N,\N,1.573,\N
"Gaia DR3 3177407910705445888",21086,\N,67.78690866447533,-13.515564765720292,53.47853785030081,0.019237503,269.0745,-164.67186352876146,-212.8009849444797,1.2792518,10.52517,11.784351,9.4088125,3250.524,3221.8745,3410.328,4.1111,4.0214,4.5267,-0.7656,-0.8588,-0.327,18.7133,18.3889,18.9051,9.166067623818584,0.0007811303463700625,8.049710123818585,0.0007811303463700625,2.3755385,11.47,67.7880736,-13.5141006,4,-13,49.73,3.24,20.1086,-161.78,-206.99,\N,\N,9.953092296161124,0.14167606688127599,\N,\N,\N,\N
"Gaia DR3 3223516063958808064",26081,\N,83.43563711932828,1.9447191815123406,63.35970667464679,0.047742654,278.07013,-231.5393115276151,-153.98875225290712,2.4280112,10.379727,11.680991,9.250252,3144.3054,3142.7195,3148.0034,3.8871,3.8804,3.9005,-0.9908,-0.9965,-0.9763,15.8711,15.8416,15.932,9.388792790044405,0.0016362429843885806,8.259317790044403,0.0016362429843885806,2.430739,11.53,83.4372323,1.94577889,5,1,59.45,3.88,16.8209,-241.34,-156.61,\N,\N,10.400759294773554,0.1419227281048494,\N,\N,1.576,\N
"Gaia DR3 3250328209054347264",17695,\N,56.848058493838735,-1.973425581033519,59.431993718697555,0.028811961,328.2008,180.64020406949945,-274.01623129845035,1.5196763,10.5057745,11.839527,9.359375,3164.815,3161.9062,3181.299,4.0207,4.012,4.0766,-0.8127,-0.8246,-0.7361,16.8453,16.8204,16.9436,9.375875997202664,0.0010527054430147231,8.229476497202665,0.0010527054430147231,2.480152,11.59,56.84681692,-1.97154152,3,-1,61.45,3.02,16.2734,186.74,-271.77,\N,\N,10.532609436112365,0.1068044597520954,\N,\N,1.511,\N
"Gaia DR3 3338162729799839104",25953,\N,83.06025541111765,9.819849871438162,77.13592907940472,0.026556814,281.95676,-180.3283108626894,-216.75172918493794,1.1508523,10.259625,11.754766,9.057943,3045.9395,3033.6704,3075.946,3.9224,3.8664,4.0321,-0.785,-0.8345,-0.6599,12.9219,12.8494,13.17,9.69590857419255,0.0007476073971286468,8.494226574192549,0.0007476073971277586,2.696823,11.55,83.06151141,9.8213408,5,9,78.3,3.37,12.7714,-177.94,-219.44,\N,\N,11.018808810289718,0.09351705747600292,\N,\N,1.637,\N
"Gaia DR3 3340477717172813568",26857,\N,85.547707594821,12.482359917793618,172.67623105398982,0.028589318,2540.128,1997.3418701227267,-1569.3549468971642,1.114727,10.11378,11.743633,8.873728,3000.0286,3000.0056,3000.3103,4.4424,4.442,4.4436,-0.7013,-0.7022,-0.6989,5.7885,5.7867,5.791,11.299942804440551,0.0003595220687424572,10.05989080444055,0.000359522068741569,2.869905,11.56,85.53363564,12.493155,5,12,172.78,3.88,5.7877,1999.05,-1570.64,\N,\N,12.747467348343639,0.04877144132469535,\N,\N,1.675,\N
"Gaia DR3 3359074685047632640",31635,"260655",99.29143146487576,17.566316517740663,100.02319547433648,0.020844575,835.7596,-764.4141395476029,337.88323421402026,1.0874019,8.878268,9.855305,7.9017057,3503.4954,3499.3684,3511.1643,4.2336,4.2031,4.2952,-1.1919,-1.2407,-1.0943,10.0009,9.9887,10.0129,8.878771624918638,0.0004525292352557386,7.902209324918639,0.0004525292352557386,1.9535993,9.63,99.29694468,17.56399483,6,17,101.59,2.35,9.8435,-775.53,331.8,\N,\N,9.664254801621361,0.050239892216672466,\N,\N,1.48,\N
"Gaia DR3 3407785622839603968",24284,\N,78.17726253072034,19.666725360748927,82.31042963149854,0.020309998,368.86935,279.35379655139565,240.88599949362003,1.1119194,9.814525,11.001734,8.729942,3267.8757,3262.6987,3313.9207,4.1542,4.138,4.3309,-0.9167,-0.9416,-0.7118,12.1545,12.1052,12.1858,9.391799342794362,0.000535808176277186,8.307216342794362,0.0005358081762762978,2.271792,10.82,78.17522082,19.6650702,5,19,78.5,8.94,12.7389,275.09,238.42,\N,\N,10.294348283726263,0.24837643902742812,\N,\N,1.55,\N
"Gaia DR3 3460347849221303296",58170,\N,178.9583533444811,-38.28168277300529,43.678833029933806,0.022908688,690.65344,624.1210522003835,-295.7618913008721,1.1283365,11.115173,12.191074,10.084187,3582.9517,3540.7686,3621.3643,4.7195,4.4891,4.8033,-0.6634,-1.0272,-0.3982,22.9938,22.745,23.3512,9.316528133896583,0.0011388946324979443,8.285542133896584,0.0011388946324979443,2.106887,12.01,178.95288715,-38.27964825,11,-38,42.82,2.81,23.3536,620.42,-294.68,\N,\N,10.1682333147921,0.14270479348415943,\N,\N,1.477,\N
"Gaia DR3 3517841209157902720",59406,\N,182.79799193877028,-19.96139412325039,78.48142288055584,0.023615887,281.53973,-212.8680095348506,-184.26024089784488,1.0918617,10.58782,11.947852,9.4342,3140.9067,3140.1465,3143.3545,4.1958,4.1931,4.205,-0.8509,-0.8538,-0.841,12.7444,12.7347,12.7518,10.061654341353092,0.000653418945685047,8.908034341353092,0.000653418945685047,2.513652,11.67,182.79954834,-19.96012739,12,-19,78.14,2.8,12.7975,-214.86,-183.44,\N,\N,11.13436703444383,0.07784396047074793,\N,\N,1.558,\N
"Gaia DR3 3519785523672576384",60559,\N,186.22388950027022,-18.25255602337988,112.673969367493,0.024117958,2555.7559,1095.591559687199,-2309.018760859054,1.1037108,10.290013,11.536975,9.179356,3218.6958,3217.7913,3219.659,4.4619,4.4586,4.4646,-0.9277,-0.9312,-0.9229,8.8792,8.8748,8.9002,10.549130971276302,0.0004648055044542687,9.438473971276302,0.0004648055044542687,2.357619,11.28,186.21595803,-18.23667929,12,-18,112.52,2.51,8.8873,1095.9,-2307.48,\N,\N,11.53614861746582,0.048447387777701856,\N,\N,1.574,\N
"Gaia DR3 3592769731134725248",56157,\N,172.6726859278835,-8.094129760812047,74.20466310328092,0.024746155,437.48712,-353.5785395243239,257.6377384941805,0.98348266,10.820291,12.26453,9.640134,3177.7312,3177.337,3179.2039,4.1614,4.1597,4.1628,-1.0956,-1.0964,-1.0942,13.4787,13.4658,13.5409,10.172446988416056,0.0007241538815616622,8.992289988416056,0.0007241538815598858,2.624396,11.98,172.67514083,-8.09590028,11,-8,71.64,4.02,13.9587,-354.75,262.48,\N,\N,11.25577788588497,0.12197792631743809,\N,\N,1.548,\N
"Gaia DR3 3595317540095019520",57959,\N,178.31630085251615,-7.3766048414037835,51.24901005587501,0.032233085,534.4442,-166.75753431209648,-507.76230452081796,1.5194023,10.850741,12.095081,9.739248,3241.7988,3235.5972,3289.2292,4.149,4.1235,4.3196,-0.8349,-0.8617,-0.6544,19.5225,19.3448,19.6174,9.39916840410987,0.0013657486047842227,8.287675404109871,0.0013657486047842227,2.355833,11.89,178.31745565,-7.37311375,11,-7,48.63,3.34,20.5634,-171.27,-512.35,\N,\N,10.32452134784089,0.14937599034975602,\N,\N,1.54,\N
"Gaia DR3 3683687763520080384",61941,"110379J",190.41242708810614,-1.4490230625523142,83.19347753572258,0.5074141,611.21405,-605.1760034503509,85.70058806691729,1.483704,3.4332993,3.5128007,2.9142544,6740.179,6735.5854,6744.599,4.0977,4.0935,4.1011,-0.4252,-0.4334,-0.4182,12.1133,12.0601,12.1703,3.0337456921937953,0.01324442028591033,2.5147007921937954,0.01324442028591033,0.5985463,2.74,190.41667557,-1.44952231,12,-1,84.53,1.18,11.8301,-616.66,60.66,\N,\N,2.375054344878256,0.030314727345952974,\N,\N,0.368,\N
"Gaia DR3 3686261307923490688",65083,\N,200.10449812912944,-1.658640842787398,44.3909202962868,0.024662437,284.52548,129.2667478426666,-253.46568628231702,1.4228985,10.741152,11.832629,9.701089,3399.9287,3356.8308,3487.9739,4.252,4.1209,4.4189,-0.8758,-1.0117,-0.5976,22.5348,22.3201,24.9416,8.977622743763467,0.0012064135334313164,7.937559743763467,0.0012064135334317605,2.13154,11.6,200.10360789,-1.65689717,13,-1,48.18,3.05,20.7555,128.79,-250.88,\N,\N,10.014333978311624,0.13764755589048772,\N,\N,1.51,\N
"Gaia DR3 3712538708114516736",65352,"116442",200.91319573299,2.7242125878217274,60.281691403362,0.02312667,199.68074,12.466559339996707,199.2912011499005,0.9869559,6.85049,7.2541194,6.2704644,5149.093,5146.4478,5154.2515,4.5127,4.5106,4.518,-0.586,-0.609,-0.529,16.5769,16.5609,16.5894,5.751417146948982,0.0008330709892780952,5.171391546948981,0.0008330709892780952,0.983655,7.06,200.91311092,2.72284228,13,2,62.41,1.41,16.0231,13.4,198.62,\N,\N,6.036270912904415,0.04906741211681176,\N,\N,0.78,\N
"Gaia DR3 3735000631158990976",62452,\N,191.98138882517026,9.749354230882224,123.77563788382407,0.03286869,1108.2571,-1008.267067199613,-460.0339460837744,1.0942307,10.105141,11.642647,8.88834,3038.983,3038.6274,3039.318,4.2507,4.2493,4.2519,-0.7116,-0.7133,-0.7102,8.0817,8.0792,8.0842,10.56831686583607,0.000576635728726238,9.35151586583607,0.000576635728726238,2.754307,11.39,191.98842235,9.75251785,12,9,121.78,2.9,8.2115,-1007.72,-461.01,\N,\N,11.817879848592518,0.0517199929707548,\N,\N,1.563,\N
"Gaia DR3 3765772972322477696",50341,\N,154.18955538043878,-11.9644646700575,74.23803517451385,0.026174312,734.47974,-417.6142950797529,-604.2009759421849,1.2108444,9.934185,11.224539,8.803616,3420.5334,3395.9612,3421.837,4.6612,4.5489,4.6643,-0.1149,-0.3727,-0.1085,13.4515,13.4357,13.4733,9.287317345407573,0.0007656021413762204,8.156748345407575,0.0007656021413762204,2.420923,10.99,154.19249019,-11.96031015,10,-11,72.79,2.37,13.7382,-417.27,-604.17,\N,\N,10.300358596899972,0.07072687673580713,\N,\N,1.506,\N
"Gaia DR3 3767878708888402816",51007,\N,156.2920240682043,-10.22815208003861,78.17457842220993,0.025267148,703.74384,-693.1814933325599,121.46945656396232,1.183827,9.275512,10.381414,8.230751,3545.8337,3474.6128,3558.7534,4.5159,4.1922,4.567,-0.5623,-1.054,-0.4485,12.8001,12.7552,12.8708,8.740839739347699,0.0007018511358438673,7.696078739347698,0.0007018511358443114,2.150663,10.15,156.29686702,-10.22898726,10,-10,80.07,1.8,12.4891,-689.12,120.68,\N,\N,9.667349142535851,0.048823641424188935,\N,\N,1.459,\N
"Gaia DR3 3774789959807192064",52186,\N,159.9158018299303,-6.924217819335643,64.19772887955008,0.022410598,725.54694,-717.93552070627,-104.81845472732408,0.9970238,10.270334,11.539175,9.153866,3217.182,3216.3271,3217.906,4.0685,4.0659,4.0711,-0.8553,-0.8583,-0.8526,15.5716,15.5632,15.578,9.307932321611736,0.0007580330030956262,8.191464321611736,0.0007580330030956262,2.385309,11.28,159.92077456,-6.92349597,10,-6,59.46,2.94,16.818,-715.86,-107.83,\N,\N,10.151124524344597,0.10745609126475753,\N,\N,1.503,\N
"Gaia DR3 3796072592206250624",57548,\N,176.93768799004127,0.7991199702364985,296.3053079139394,0.030185517,1365.5074,607.2990766811824,-1223.0283548879977,1.0825819,9.601,11.361026,8.327767,3093.4,3092.9976,3093.7583,5.0554,5.0552,5.0557,-0.2009,-0.2021,-0.1995,3.3731,3.3724,3.3738,11.959697156777356,0.00022121445619927016,10.686464156777355,0.00022121445619927016,3.033259,11.12,176.93351286,0.80752617,11,0,299.58,2.2,3.338,605.62,-1219.23,\N,\N,13.502564082193768,0.015946742707920514,\N,\N,1.746,\N
"Gaia DR3 3837697972130323456",46509,"81997",142.28773185495155,-2.7690784103141683,54.9186971699019,0.45232075,120.501,116.37442188133139,-31.264758127632703,3.1441855,4.4650126,4.7097015,4.093198,6353.532,6351.447,6356.878,4.0357,4.0171,4.0694,-0.5275,-0.5411,-0.5119,17.776,17.0154,18.2082,3.1636137298379943,0.017885060818221277,2.791799129837994,0.017885060818221277,0.6165035,4.59,142.28682816,-2.76895627,9,-2,58.48,3.8,17.0999,100.93,-3.15,\N,4.922,3.425036819749021,0.14130024500074523,3.757036819749022,0.14130024500074523,0.411,\N
"Gaia DR3 3840711729206827520",46655,\N,142.68324346444365,0.32022324371767896,100.90325241620975,0.02646633,790.9517,-569.0163126180901,-549.3860966014009,1.1048799,10.501792,11.966499,9.315035,3088.8386,3080.0486,3215.4426,4.3057,4.2706,4.6893,-0.7626,-0.801,-0.3092,9.888,9.8179,9.9127,10.521317825418835,0.0005695644621752649,9.334560825418835,0.0005695644621752649,2.651464,11.71,142.68715327,0.32400295,9,0,103.56,3.91,9.6562,-569.91,-552.23,\N,\N,11.785960208814174,0.08202486460123026,\N,\N,1.588,\N
"Gaia DR3 3864615459886222464",53020,\N,162.7129640681676,6.804489538122279,143.53906190611502,0.028598778,1184.614,-856.2894965300052,-818.5834069021728,1.0026705,10.290781,11.919469,9.050169,3000.7288,3000.0896,3005.264,4.3615,4.3596,4.3714,-0.7023,-0.7059,-0.6898,6.9687,6.9632,7.0077,11.075631517955465,0.00043264500526873917,9.835019517955464,0.000432645005267851,2.8693,11.64,162.7189047,6.81011677,10,6,177.46,23,5.6351,-804.4,-809.6,\N,\N,12.885502385914613,0.2830292387985551,\N,\N,1.679,\N
"Gaia DR3 3868080055385587840",54227,\N,166.43248238954845,10.23281932588882,55.988218415765886,0.021253275,930.72656,609.5385212838906,-703.359561191135,1.0632985,11.270958,12.609363,10.129927,3159.0452,3157.8904,3163.217,4.1953,4.1911,4.2087,-0.8798,-0.884,-0.8651,17.8706,17.8613,17.8913,10.011441240804787,0.000824296678783476,8.870410240804787,0.0008242966787825878,2.479436,12.37,166.4282228,10.23765432,11,10,54.9,4.62,18.2149,618.85,-698.39,\N,\N,11.067861722250461,0.18316913380975564,\N,\N,1.572,\N
"Gaia DR3 3903318372263850368",61413,\N,188.7509128903155,9.827071562345218,54.9739195459864,0.0269383,551.01556,-449.1789205626415,-319.14955106133675,1.4384977,10.452762,11.641875,9.360346,3505.8984,3504.6821,3506.1716,4.6983,4.6957,4.6988,-0.1449,-0.1564,-0.143,18.1061,18.0957,18.118,9.15354551259914,0.0010640642030690373,8.06112951259914,0.0010640642030690373,2.281529,11.4,188.75404727,9.82926595,12,9,55.79,2.75,17.9244,-449.22,-319.41,\N,\N,10.132781807051845,0.10712300675264164,\N,\N,1.429,\N
"Gaia DR3 3914019231742221568",55625,\N,170.93121515912574,8.564344614727185,49.58089468336488,0.018947301,1021.78394,-1003.3729518880192,193.09357181411747,1.0193926,10.332719,11.410185,9.303223,3650.8953,3642.687,3654.1558,4.7125,4.7015,4.7149,-0.107,-0.181,-0.0707,20.141,20.1166,20.2254,8.80929079656227,0.0008298265616595302,7.779794796562267,0.0008298265616599743,2.106962,11.18,170.93819255,8.5630165,11,8,47.1,2.37,21.2314,-1003.63,195.34,\N,\N,9.545104535644482,0.10935753047881125,\N,\N,1.482,\N
"Gaia DR3 3928391218812375808",61706,\N,189.71325870874674,11.69503594754184,70.11389784607175,0.029659944,1182.6686,-1155.7564214364586,-250.8624364937353,1.065039,10.335732,11.750369,9.159715,3113.632,3111.5269,3114.8528,4.0224,4.0159,4.0284,-0.7567,-0.7639,-0.7504,14.2489,14.192,14.2601,9.564752557709287,0.0009185875537403021,8.388735557709289,0.0009185875537403021,2.590654,11.49,189.72137356,11.69676063,12,11,65.04,2.76,15.3752,-1156.18,-244.87,\N,\N,10.555902662930059,0.09220272492745174,\N,\N,1.475,\N
"Gaia DR3 3980560507224374400",56238,\N,172.927987345748,22.667285749077646,63.21478181647069,0.020612067,585.5836,-584.6632692428016,32.818514798942964,1.0866101,9.469826,10.514905,8.457805,3632.1558,3614.649,3645.2637,4.5364,4.4734,4.5757,-0.5402,-0.6732,-0.4329,15.8426,15.7962,15.8821,8.473919216625301,0.0007080390866445185,7.461898216625302,0.0007080390866454067,2.0571,10.31,172.93234431,22.66706057,11,22,61.76,1.56,16.1917,-583.38,31.11,\N,\N,9.263536436638399,0.05486103733123482,\N,\N,1.439,\N
"Gaia DR3 4017860992519744384",57087,\N,175.55067547083934,26.70295395358736,102.30138546700663,0.030192282,1209.564,895.08752383054,-813.5498399187834,1.1253774,9.582008,10.893038,8.443771,3228.1418,3224.1428,3247.8481,4.0089,4.0029,4.0532,-1.2188,-1.2224,-1.1828,9.7782,9.7585,9.8043,9.631415576996844,0.000640868243842796,8.493178576996844,0.000640868243842796,2.449267,10.67,175.54378678,26.70854768,11,26,97.73,2.27,10.2323,896.37,-813.7,\N,\N,10.620139493851473,0.05044642492443785,\N,\N,1.493,\N
"Gaia DR3 4055585060376248832",86961,"318327",266.5527252424213,-32.10374822060554,70.67922356119885,0.018727412,282.8374,-76.91277910100743,-272.1790136592545,0.79522526,9.602647,10.755777,8.529942,3558.976,3555.8145,3561.9727,4.6579,4.6523,4.6619,-0.1026,-0.1334,-0.0741,14.1256,14.1145,14.1407,8.849105849834427,0.0005753608679084365,7.7764008498344275,0.0005753608679088806,2.225835,10.49,266.55276344,-32.10277328,17,-32,161.77,11.29,6.1816,-49.82,-319.82,\N,\N,11.534489927466831,0.15179479209172886,\N,\N,1.463,\N
"Gaia DR3 4075141768785646848",92403,\N,282.4587890175222,-23.83709744872712,336.0266016683708,0.031666122,668.1399,639.367850335873,-193.95792507116096,0.98801184,9.126414,10.732183,7.898147,3117.376,3109.027,3130.4165,4.776,4.7257,4.8568,-0.84,-0.9165,-0.6911,2.9762,2.9738,2.9895,11.758282299158651,0.00020463293709926944,10.53001529915865,0.00020463293709926944,2.834036,10.37,282.45398321,-23.83576457,18,-23,336.48,1.82,2.9719,637.55,-192.47,\N,\N,13.004796276711229,0.011745477673279048,\N,\N,1.51,\N
"Gaia DR3 4103671243754951296",91430,\N,279.6869546094248,-14.493090301699558,74.79177425095429,0.052843038,579.8629,111.73937976470509,-568.9949808960315,1.1540186,10.241307,11.498909,9.135763,3224.9536,3222.7979,3241.176,4.1732,4.1664,4.2287,-0.8772,-0.8859,-0.8088,13.3978,13.3707,13.4682,9.610576179572135,0.0015342224368239954,8.505032179572137,0.0015342224368231072,2.363146,11.28,279.68616017,-14.48917969,18,-14,78.52,2.87,12.7356,110.63,-569.18,\N,\N,10.754901454639844,0.07940529030513321,\N,\N,1.556,\N
"Gaia DR3 4105386688016878336",91608,\N,280.2383515645754,-13.382593004954812,58.841166860598484,0.02975004,677.85565,-94.28696578923883,-671.2661360525918,0.9137389,9.772217,10.8614855,8.737007,3644.9595,3639.7766,3649.8032,4.658,4.6522,4.6727,-0.0338,-0.0766,-0.0031,16.9185,16.6289,16.9557,8.620623382488063,0.0010978945522905903,7.5854133824880625,0.0010978945522905903,2.1244785,10.63,280.23901878,-13.37797768,18,-13,61.63,2.09,16.2259,-91.74,-669.7,\N,\N,9.578960838653378,0.0736673420459697,\N,\N,1.505,\N
"Gaia DR3 4109034455276324608",84478,"156026",259.05329410009625,-26.551146094884785,167.9616795430231,0.031054644,1222.3389,-479.57323273959537,-1124.3316833654421,0.73806286,5.889863,6.53097,5.116134,4381.2256,4380.1553,4387.8496,4.6238,4.6212,4.6352,0.136,0.1237,0.179,5.9525,5.9482,5.956,7.015914043708414,0.00040148624129754396,6.242185043708415,0.00040148624129754396,1.414836,6.33,259.05698088,-26.54341625,17,-26,167.56,1.06,5.968,-479.71,-1123.37,\N,\N,7.450851758445909,0.013737117807858468,\N,\N,1.144,\N
"Gaia DR3 4279492361332301056",92417,\N,282.5026365738456,3.0862948455300128,47.076898238197,0.018376376,448.36108,-184.8854608360472,-408.46667267205714,1.0149475,9.957573,10.964158,8.963606,3579.6604,3518.319,3638.618,4.4194,4.2237,4.5143,-0.6038,-0.846,-0.4181,21.3041,21.1534,21.6334,8.321612203481052,0.0008476300901500977,7.327645203481052,0.0008476300901496536,2.000552,10.73,282.50390954,3.08910317,18,3,45.88,1.98,21.796,-180.4,-407.12,\N,\N,9.038117046146152,0.09377043508824201,\N,\N,1.446,\N
"Gaia DR3 43335537119385216",17405,\N,55.93925502483873,16.66589025058141,58.0275673632229,0.029084502,347.2631,156.2768819919176,-310.11156313821385,0.8883366,9.925129,11.015001,8.882559,3557.9429,3497.6724,3588.2822,4.4485,4.1873,4.5816,-0.7706,-1.1311,-0.5121,17.1679,17.0439,17.2991,8.743300822073609,0.0010883826738927738,7.700730822073609,0.0010883826738923297,2.132442,10.83,55.93813416,16.66802202,3,16,61.4,2.37,16.2866,158.99,-313.21,\N,\N,9.77084185570584,0.08385908441515078,\N,\N,1.47,\N
"Gaia DR3 4339465360510320128",82809,\N,253.85142032580904,-8.32657626383978,153.87539543012036,0.047417864,1214.8705,-817.5802750580574,-898.5949677238423,1.08038,10.444497,12.005681,9.227242,3028.3591,3028.1663,3028.9875,4.4886,4.4878,4.4901,-0.7948,-0.7954,-0.7927,6.501,6.4967,6.5094,11.380342909969766,0.0006691556266389398,10.163087909969768,0.000669155626639828,2.778439,11.73,253.85710273,-8.32039997,16,-8,153.96,4.04,6.4952,-813.47,-895.23,\N,\N,12.667039512112767,0.05699378352679929,\N,\N,1.7,\N
"Gaia DR3 4344429586787123072",80612,\N,246.88751162895812,-10.009344511209727,47.78323899758434,0.020615628,384.50598,-206.0635447066127,-324.62695514105684,1.17317,10.007336,11.055633,8.991631,3691.5237,3688.4912,3692.0933,4.6274,4.6247,4.6281,-0.0047,-0.0284,-0.0007,20.8753,20.8628,20.8883,8.403713925803148,0.0009368613581584029,7.388008925803147,0.0009368613581584029,2.064002,10.82,246.88895061,-10.0071135,16,-10,46.19,2.85,21.6497,-206.22,-325.09,\N,\N,9.142739811232735,0.13415388631639935,\N,\N,1.448,\N
"Gaia DR3 4347870370990204928",78353,\N,239.97333281720185,-8.253319518751894,75.29409426657962,0.02317745,204.05798,202.4425447694917,-25.625643916501858,1.3153642,9.601218,10.726547,8.545803,3611.5408,3611.2852,3611.7986,4.7502,4.7497,4.7508,-0.0672,-0.0695,-0.0646,13.2449,13.2403,13.2488,8.985022567057936,0.0006684348258367834,7.929607567057935,0.0006684348258367834,2.180744,10.49,239.97192634,-8.25314327,15,-8,71.84,1.91,13.9198,204.3,-23.15,\N,\N,9.77183161829624,0.057746241024903,\N,\N,1.497,\N
"Gaia DR3 4364480521350598144",83599,"154363B",256.3033222371967,-5.099267007481263,95.5597040061285,0.021423033,1457.0646,-917.206570880673,-1132.152574250174,0.8968947,9.177887,10.293622,8.120326,3546.7683,3536.291,3557.599,4.6644,4.6323,4.6945,-0.4294,-0.4976,-0.3437,10.4702,10.4491,10.4923,9.07926097931636,0.00048681111301895896,8.02169997931636,0.00048681111301895896,2.173296,10.08,256.30965695,-5.09148544,17,-5,89.7,28.71,11.1483,-921.19,-1128.23,\N,\N,9.843962215220461,0.7203243693936914,\N,\N,1.476,\N
"Gaia DR3 4472832130942575872",87937,\N,269.44850252543836,4.739420051112412,546.975939730948,0.040116355,10393.349,-801.5509783684709,10362.394206546573,1.0848505,8.1939745,9.791788,6.9580913,3099.6335,3098.7573,3101.6318,4.764,4.7609,4.7848,-0.9072,-0.9135,-0.8665,1.8275,1.8268,1.8285,11.88381561547064,0.00015926031088664416,10.64793241547064,0.00015926031088664416,2.8336967,9.54,269.45402305,4.66828815,17,4,549.01,1.58,1.8215,-797.84,10326.93,\N,\N,13.237901275121736,0.006249313999980188,\N,\N,1.57,\N
"Gaia DR3 4519789081415296128",93899,"349726",286.8027296402767,20.875538401484672,113.22280917668247,0.0191646,584.5337,-480.75414112917747,-332.49823071542033,1.0152338,9.805328,11.005343,8.718459,3279.9556,3231.0833,3374.7168,4.4163,4.2612,4.757,-0.8779,-1.0505,-0.4686,8.8372,8.8089,8.8672,10.074997629919915,0.00036755315328651506,8.988128629919915,0.00036755315328651506,2.286884,10.76,286.80626789,20.87782548,19,20,112.82,2.41,8.8637,-481.05,-333.38,\N,\N,11.021930476946874,0.04639288001221775,\N,\N,1.57,\N
"Gaia DR3 4519789321942643072",93873,\N,286.7709107522999,20.88648751787881,113.25212980007824,0.029636156,592.1163,-478.2669365898841,-349.0879613011435,0.8074018,9.814883,11.012309,8.729002,3227.885,3223.4243,3253.3337,4.2259,4.2118,4.3435,-1.1127,-1.1277,-0.9791,8.8324,8.7828,8.85,10.08511489014506,0.0005682374067559337,8.99923389014506,0.0005682374067559337,2.283307,10.77,286.77443107,20.88888827,19,20,115.91,2.47,8.6274,-480.82,-345.6,\N,\N,11.09060452914811,0.046280294492108354,\N,\N,1.57,\N
"Gaia DR3 4540061704989418240",84460,\N,259.0020312412429,11.05612679548223,55.01692136213047,0.028742045,373.6493,-137.43474528232042,-347.455736828079,1.0683486,9.988781,11.073275,8.953288,3624.0293,3619.8418,3631.4238,4.6543,4.6378,4.6592,-0.2258,-0.2977,-0.1789,18.1033,18.0429,18.2909,8.691262422376035,0.001134424861357175,7.655769422376036,0.001134424861357175,2.119987,11.01,259.00299442,11.0585144,17,11,55.24,2.22,18.1028,-137.67,-349.04,\N,\N,9.72126834953297,0.08731474564713526,\N,\N,1.773,\N
"Gaia DR3 4568060562432051584",83762,\N,256.77899349986836,21.553906093733755,70.96842537636431,0.022376621,464.0011,-463.28942098720484,-25.689341515298082,1.3690546,10.5571375,11.891309,9.413489,3224.72,3224.5144,3224.9536,4.0725,4.0701,4.0734,-1.2005,-1.201,-1.2002,14.1021,14.0882,14.1497,9.81246334677692,0.0006846737330334918,8.66881484677692,0.0006846737330326036,2.47782,11.61,256.78241673,21.55408273,17,21,73.94,3.01,13.5245,-465.66,-29.36,\N,\N,10.954397231185439,0.08844666079741614,\N,\N,1.56,\N
"Gaia DR3 4574048021719710848",84794,\N,259.9747987710552,26.50241183806962,92.98565081391038,0.025243877,411.401,-214.8369360518965,350.85021715315656,1.4012246,10.147985,11.629906,8.9493,3144.511,3144.1501,3144.7888,4.0552,4.0545,4.0566,-1.0731,-1.0735,-1.071,10.7474,10.7368,10.7535,9.990064675396274,0.0005895144388583518,8.791379675396273,0.0005895144388583518,2.680606,11.26,259.97645029,26.49999989,17,26,83.01,6.03,12.0467,-221.17,348.97,\N,\N,10.855652069303073,0.15801811142019861,\N,\N,1.628,\N
"Gaia DR3 4623036865373793408",26394,"39091",84.29954054316471,-80.46445831742687,54.682509087903306,0.03544243,1094.1628,310.9088263686165,1049.0604902495015,0.81413287,5.5115805,5.8115172,5.050813,5855.533,5853.8906,5857.3237,4.2235,4.2212,4.2271,-0.2298,-0.2395,-0.2161,18.2794,18.2656,18.2931,4.200822669020875,0.0014074385197782036,3.7400551690208736,0.0014074385197782036,0.7607042,5.65,84.28663598,-80.4716745,5,-80,54.92,0.45,18.2083,311.97,1050.19,\N,\N,4.348652642823588,0.01779287059700385,\N,\N,0.6,\N
"Gaia DR3 4673947174316727040",16069,"21749",51.750298900794235,-63.50020035944183,61.227116462415786,0.015037491,432.85617,355.194886201188,-247.3884646032553,0.89594316,7.686759,8.306118,6.936548,4425.028,4420.2954,4430.365,4.5377,4.5335,4.5415,0.0913,0.0624,0.1235,16.3352,16.3264,16.3433,6.621478032443255,0.0005333175781920829,5.871267032443255,0.0005333175781920829,1.36957,8.08,51.74482544,-63.49849914,3,-63,61.07,1.42,16.3747,356.99,-247.77,\N,\N,7.009139599979328,0.0505001916526191,\N,\N,1.13,\N
"Gaia DR3 4722111590409480064",15330,"20766",49.45525439342999,-62.572432544470445,83.02397018243857,0.043765128,1487.0371,1337.5303752785856,649.8397532183421,0.9787096,5.344616,5.674381,4.8397856,5630.648,5627.4497,5633.001,4.4134,4.4121,4.4169,-0.2089,-0.2201,-0.1829,12.0322,12.012,12.0532,4.940633486883097,0.0011446667335310856,4.435803086883097,0.0011446667335310856,0.8345954,5.53,49.43528798,-62.57689893,3,-62,82.51,0.54,12.1197,1337.83,648.71,\N,\N,5.112532935575778,0.01421175425198351,\N,\N,0.641,\N
"Gaia DR3 4722135642226902656",15371,"20807",49.56622620807744,-62.5034842270098,83.06064664354982,0.060815644,1480.2639,1331.0270879085913,647.7253950157487,1.2022415,5.0796084,5.3797417,4.594065,5765.0996,5763.09,5769.038,4.3518,4.3496,4.3546,-0.3026,-0.3118,-0.2742,12.0098,11.9898,12.0277,4.676584939276971,0.0015899167890958132,4.191041539276972,0.0015899167890958132,0.7856767,5.24,49.54640411,-62.50793537,3,-62,82.79,0.53,12.0788,1331.1,646.84,\N,\N,4.829889412964542,0.013901390256380264,\N,\N,0.6,\N
"Gaia DR3 4726357491998516480",12261,\N,39.47063857709459,-58.75214686390397,71.70433964545545,0.019150116,223.32864,80.14904846450294,208.45098935214332,1.1383134,11.175619,12.662354,9.985541,3160.9446,3160.4658,3163.2708,4.2568,4.2541,4.2589,-1.0427,-1.0435,-1.0381,13.9553,13.9253,14.0199,10.4533462028189,0.0005799363013085923,9.263268202818898,0.0005799363013077041,2.676813,12.36,39.46958019,-58.75358168,2,-58,67.2,3.03,14.881,78.97,206.57,\N,\N,11.496846365269127,0.09797657281274219,\N,\N,\N,\N
"Gaia DR3 4741883764414703232",13218,\N,42.539712986926446,-53.13673320472705,75.7208110106814,0.015200389,516.0689,-114.44779836214741,503.21847181587145,1.1691872,9.801348,10.956002,8.730087,3298.9294,3296.2646,3331.836,4.1187,4.111,4.225,-0.9627,-0.9712,-0.8391,13.2155,13.205,13.2699,9.197424284222762,0.00043590692347716953,8.12616328422276,0.00043590692347628135,2.225915,10.72,42.54102469,-53.14019279,2,-53,76.45,1.46,13.0804,-117.39,502.88,\N,\N,10.136887448741696,0.041474626872310516,\N,\N,1.51,\N
"Gaia DR3 4810594479418041856",24186,"33793",77.9599373502188,-45.0438126993602,254.19859326384577,0.016842743,8644.319,6491.223339061598,-5708.614150045243,1.1701684,8.063552,9.086244,7.059598,3451.8704,3451.1313,3454.9663,4.4062,4.4034,4.4222,-1.52,-1.526,-1.4959,3.9346,3.9335,3.9364,10.089417714185153,0.00014387786851610684,9.085463714185153,0.00014387786851610684,2.026646,8.86,77.89672045,-45.00448677,5,-45,255.26,0.86,3.9176,6506.05,-5731.39,\N,\N,10.894913824504805,0.00731596543938462,\N,\N,1.543,\N
"Gaia DR3 4846689899968623744",16536,\N,53.23079051788499,-44.701350214389144,91.147672224769,0.014975108,339.07187,-311.4933816955376,133.9462435548369,1.1507744,10.390617,11.721791,9.25233,3377.3228,3376.5237,3379.3293,4.9049,4.9018,4.911,-0.1769,-0.1896,-0.1551,10.9505,10.9449,10.9566,10.189344909505346,0.0003567620911244518,9.051057909505346,0.00035676209112622814,2.469461,11.47,53.23380442,-44.70227047,3,-44,92.05,2.05,10.8637,-311.83,131.21,\N,\N,11.290118964200168,0.048367784969830296,\N,\N,1.56,\N
"Gaia DR3 4847957293278177024",15510,"20794",50.00034361894219,-43.06655252783423,165.5242095575573,0.07836173,3120.8665,3035.01731561514,726.9644815849239,1.976701,4.063915,4.440891,3.5082927,5427.3184,5422.4014,5445.7446,4.4433,4.4388,4.4746,0.0247,-0.0128,0.0915,6.0327,6.0152,6.0504,5.158222613166691,0.0010280088201239934,4.6026003131666915,0.0010280088201239934,0.9325983,4.26,49.97177014,-43.07154929,3,-43,165.02,0.55,6.0599,3038.08,726.34,\N,\N,5.347682913895685,0.007237390907532504,\N,\N,0.711,\N
"Gaia DR3 4899957905439568256",523,\N,1.5820789842236815,-65.84297370856557,57.231557668515876,0.034792162,583.70654,197.38727769069425,-549.3192316907192,1.0712636,11.108225,12.421236,9.97146,3167.824,3166.6816,3175.579,4.1687,4.1649,4.2051,-0.8839,-0.8875,-0.8452,17.5107,17.3546,17.534,9.896402831204977,0.001320079904079563,8.759637831204977,0.001320079904079563,2.449776,12.17,1.5787602,-65.83919547,0,-65,56.92,2.73,17.5685,195.8,-552.5,\N,\N,10.946324457061236,0.10422824248492457,\N,\N,1.55,\N
"Gaia DR3 4900108950849461248",1599,"1581",5.0356095474274705,-64.86961713712722,116.18257854098105,0.13336171,2066.4258,1706.7468552126231,1164.959442628905,3.2111413,4.07351,4.369477,3.6002007,5857.8096,5855.125,5861.654,4.2769,4.2744,4.2822,-0.354,-0.3691,-0.3307,8.5803,8.5547,8.5982,4.399215054611039,0.002492554430924887,3.9259057546110387,0.002492554430924887,0.7692763,4.23,5.00797581,-64.8776232,0,-64,116.38,0.64,8.5925,1707.56,1165.36,\N,\N,4.559391764286961,0.011941539367928744,\N,\N,0.576,\N
"Gaia DR3 4915139584039259392",5812,\N,18.64326696371954,-53.940731905085116,60.098407060503966,0.014054573,327.7491,103.45434947787255,310.9930528466963,1.106726,10.206263,11.313534,9.162309,3519.428,3454.807,3558.6968,4.6492,4.4825,4.6947,-0.4163,-0.6281,-0.3282,16.6583,16.555,16.7841,9.100577804772318,0.0005078190845004826,8.056623804772318,0.0005078190845004826,2.151225,11.16,18.64205953,-53.94286996,1,-53,60.76,1.94,16.4582,104.27,310.9,\N,\N,10.078088825953744,0.06935630164916518,\N,\N,1.637,\N
"Gaia DR3 4937000898856156288",10138,"13445",32.62294594706244,-50.82090583925884,92.92514044230325,0.04607932,2219.1003,2125.416146679918,637.975043070748,1.6669345,5.893562,6.3114066,5.297973,5152.9077,5146.089,5162.8096,4.5439,4.529,4.5644,-0.0118,-0.0434,0.0195,10.7084,10.6803,10.7397,5.734228130693605,0.0010767805112195106,5.138639130693607,0.0010767805112195106,1.0134336,6.12,32.60000721,-50.82531507,2,-50,91.63,0.61,10.9135,2092.84,654.32,\N,\N,5.930188432825062,0.01445615779067122,\N,\N,0.812,\N
"Gaia DR3 4971681351020953088",10617,\N,34.17520476438134,-30.98729098133992,74.57353168617364,0.035021845,728.17706,684.4354712383443,248.57585083913236,1.5152423,10.787389,12.268479,9.592127,3060.858,3053.5505,3095.2874,4.1292,4.0975,4.2658,-0.7691,-0.8004,-0.6152,13.3517,13.1561,13.4094,10.150312555435654,0.0010197850902216032,8.955050555435655,0.0010197850902216032,2.676352,12.02,34.16971499,-30.98900065,2,-30,70.16,2.88,14.2531,683.13,251.49,\N,\N,11.25044790178992,0.0891869543409669,\N,\N,1.583,\N
"Gaia DR3 4972971284318252160",1842,\N,5.831064687743837,-50.89387170116674,49.56279173859374,0.020201726,549.1457,549.1456701882129,0.14427446038961067,1.3768277,10.864488,12.13002,9.745971,3217.765,3216.6362,3222.8333,4.078,4.074,4.092,-0.8567,-0.8614,-0.8374,20.2337,20.2119,20.3098,9.340266805158436,0.0008850892277063593,8.221749805158437,0.0008850892277081357,2.384049,11.87,5.82507861,-50.89387237,0,-50,47.4,2.63,21.097,548.11,-0.91,\N,\N,10.248891708370428,0.12060852124991062,\N,\N,1.516,\N
"Gaia DR3 5013816835621197440",6005,\N,19.314706660000688,-35.716660593031186,57.46122063746988,0.019536803,195.80411,92.13259892481284,-172.77393264283643,1.177282,10.327956,11.526175,9.237621,3254.118,3232.7812,3254.981,4.0346,3.9377,4.037,-0.9397,-1.0525,-0.9376,17.4036,17.2864,17.4163,9.124830236933226,0.0007383001935696853,8.034495236933227,0.0007383001935696853,2.288554,11.31,19.31392861,-35.71547383,1,-35,60.61,2.38,16.4989,90.94,-175.85,\N,\N,10.22272142005005,0.0853120456046188,\N,\N,1.51,\N
"Gaia DR3 5020179503252128768",9786,\N,31.449610334078532,-30.17617825921,106.60957230063393,0.027331987,535.3852,-525.1906277432233,103.98124200102025,1.2542118,11.050699,12.439058,9.891173,3120.9514,3118.3809,3132.5105,4.5326,4.5228,4.5633,-0.9221,-0.933,-0.8813,9.3685,9.3581,9.4437,11.189680005193146,0.0005567103937043072,10.030154005193145,0.0005567103937043072,2.547885,12.15,31.45378802,-30.17689282,2,-30,105.64,3,9.4661,-527.75,100.08,\N,\N,12.269141962674432,0.061682783923885154,\N,\N,1.719,\N
"Gaia DR3 5041018993810217984",5410,\N,17.30355982409004,-24.689034009094083,48.933223019345114,0.048162837,301.3157,300.3315340585737,24.333429040694007,1.5707564,11.140883,12.493198,9.988733,3219.91,3204.628,3296.308,4.0157,3.9741,4.3007,-1.1675,-1.1903,-0.7292,20.322,19.9717,21.5383,9.588902108987536,0.0021372862654178704,8.436752108987537,0.0021372862654178704,2.504465,12.38,17.30128688,-24.68920246,1,-24,46.11,3.65,21.6873,298.66,22.9,\N,\N,10.698975611097037,0.17225095463195572,\N,\N,1.53,\N
"Gaia DR3 505516521175942784",9291,\N,29.850702638903563,58.52028397205597,76.29118871961205,0.025210984,374.03793,320.6190173510011,-192.6339122885026,1.3088281,10.845914,12.493327,9.599484,3001.676,3000.2346,3004.1917,4.1254,4.1161,4.1522,-0.6106,-0.6191,-0.5966,13.0586,12.5691,13.1144,10.258285909209198,0.0007175790426696693,9.011855909209197,0.0007175790426696693,2.893843,12.21,29.84648007,58.52160775,1,58,83.2,3.68,12.0192,321.81,-195.33,\N,\N,11.810616631453621,0.09610860213878691,\N,\N,1.54,\N
"Gaia DR3 5067008970494311936",11439,\N,36.878836617211526,-30.910189897667937,48.098425421442144,0.01959112,454.26334,448.74906504386865,-70.56516539291572,1.3354807,10.080581,11.12989,9.057452,3424.5432,3414.991,3477.4563,4.0986,4.0701,4.2364,-0.9355,-0.9634,-0.7678,20.8011,20.7257,21.1063,8.491235296425083,0.0008844692634193407,7.468106296425082,0.0008844692634193407,2.072438,10.89,36.8752401,-30.90970391,2,-30,48.01,1.94,20.829,448.03,-73.95,\N,\N,9.29665852984583,0.08779320077330421,\N,\N,1.449,\N
"Gaia DR3 5173999736868992512",12749,\N,40.97450185021803,-8.832723386232725,46.892076057196185,0.027057776,973.37006,615.5159999120028,-754.0485810122939,1.4009753,11.053944,12.150115,10.005981,3566.8882,3546.5542,3592.8591,4.7771,4.7392,4.8164,-0.3847,-0.5573,-0.1986,21.4318,21.1957,23.163,9.409441303620179,0.0012529882553327099,8.361478303620178,0.0012529882553318217,2.144134,11.92,40.97021936,-8.82753956,2,-8,42.19,3.45,23.7023,617.59,-754.33,\N,\N,10.046047626909406,0.17796504840771288,\N,\N,1.46,\N
"Gaia DR3 5320435203722048768",39987,\N,122.48808698705113,-52.96520145287666,61.898817830584676,0.015571885,843.4868,-514.1053476318169,668.7044686908794,1.1946942,10.653139,11.9945135,9.50806,3173.0593,3167.0344,3245.118,4.1422,4.1189,4.3745,-0.7633,-0.7892,-0.5028,16.1227,15.9911,16.1706,9.611550773811707,0.0005462773044797586,8.466471773811708,0.0005462773044797586,2.4864535,11.74,122.4939594,-52.96979883,8,-52,60.23,2.33,16.603,-516.02,669.19,\N,\N,10.639064315852902,0.08404544081088883,\N,\N,1.523,\N
"Gaia DR3 5339892367684811520",55042,"304043",168.9804069674639,-57.5423983978393,78.89223586679518,0.03193162,2737.7556,-2468.4073805783923,1184.1752819642727,1.0095482,10.486478,11.832905,9.332071,3209.3408,3205.9739,3236.7341,4.1203,4.1139,4.1966,-1.1518,-1.1554,-1.0699,12.6964,12.654,12.8238,9.971649322376319,0.0008789031625955346,8.817242322376318,0.0008789031625955346,2.500834,11.66,169.01203145,-57.55053464,11,-57,79.71,2.8,12.5455,-2465.03,1179.06,\N,\N,11.167564045649701,0.07630943940045576,\N,\N,1.49,\N
"Gaia DR3 5381537023379295232",57443,"102365",176.62052057636615,-40.498565145629904,107.30243385622761,0.08731465,1583.1964,-1530.9705104799332,403.2865748639044,0.93108606,4.701676,5.0517116,4.195356,5538.9297,5537.6953,5540.131,4.3867,4.3794,4.3885,-0.6391,-0.6645,-0.6293,9.3339,9.3129,9.4436,4.854723864179321,0.0017669813111940158,4.34840386417932,0.0017669813111940158,0.8563556,4.89,176.63436255,-40.50133452,11,-40,108.23,0.7,9.2396,-1531.69,403.41,\N,\N,5.061738292234242,0.014044644572829945,\N,\N,0.664,\N
"Gaia DR3 5382868669400908928",56244,\N,172.93957728244337,-41.045677215569405,92.92837858868671,0.025705671,737.57745,-717.4376484546574,171.18322063000505,1.1939243,10.248216,11.72855,9.04749,3145.0322,3144.5386,3146.2395,4.0933,4.0874,4.095,-1.0618,-1.0628,-1.0606,10.762,10.7374,10.8583,10.08895779830073,0.0006006685752621976,8.88823179830073,0.0006006685752621976,2.68106,11.55,172.94611808,-41.04685396,11,-41,95.46,2.59,10.4756,-715.84,170.73,\N,\N,11.449107150151127,0.05893038113942417,\N,\N,1.635,\N
"Gaia DR3 540136568911394944",1860,\N,5.853328308291732,77.18949370674841,52.26920080385856,0.0117955925,838.6441,-837.4275392665952,45.15536907999602,1.0061883,10.425796,11.551885,9.372041,3591.5615,3591.1455,3592.439,4.7541,4.753,4.7558,-0.0266,-0.0313,-0.0191,19.0837,19.0728,19.0928,9.017025298926896,0.0004900362681770076,7.963270298926896,0.0004900362681765635,2.179844,11.31,5.87929684,77.18918134,0,77,50.71,2.72,19.72,-840.75,45.38,\N,\N,9.835468052739365,0.11658606062621146,\N,\N,1.462,\N
"Gaia DR3 5463554406059006336",49091,\N,150.2891033124179,-30.387284748865923,62.000408175856805,0.040996782,1272.1312,-1096.9767380092885,644.1738118284559,1.2480768,10.327975,11.6940365,9.17036,3158.6255,3158.1,3159.1162,4.0241,4.0223,4.0257,-0.7164,-0.7181,-0.7148,16.166,16.1548,16.1858,9.289947743292782,0.0014358517401049653,8.132332743292782,0.0014358517401049653,2.5236765,11.43,150.29784725,-30.39171436,10,-30,62.33,2.35,16.0436,-1098.13,646.19,\N,\N,10.403485634459994,0.08190887452713813,\N,\N,1.485,\N
"Gaia DR3 5482827676662168832",31300,\N,98.45477358738191,-58.52492101506923,65.72201000383623,0.012851879,892.6319,-404.0495587600376,795.9495508571433,1.1203085,10.532771,11.832445,9.404608,3187.0657,3186.562,3187.7185,4.1268,4.1251,4.129,-0.8523,-0.8539,-0.85,15.2144,15.2111,15.2176,9.621325185883434,0.000424629450819225,8.493162185883433,0.000424629450819225,2.427837,11.62,98.46009459,-58.53039331,6,-58,61.28,1.89,16.3185,-400,795.86,\N,\N,10.55659378312274,0.06699387904336529,\N,\N,1.5,\N
"Gaia DR3 5559265690666327168",34069,"53706",105.99488080404734,-43.609653717189374,58.617893811854074,0.0125634335,395.8015,-101.72178632924883,382.50689610130956,0.77060956,6.653335,7.0472817,6.0827994,5192.068,5170.0615,5200.629,4.461,4.4414,4.4717,-0.5678,-0.8079,-0.4441,17.0503,17.0278,17.0708,5.493486049160797,0.000465406514252642,4.922950449160798,0.000465406514252642,0.9644823,6.83,105.99585067,-43.61228317,7,-43,66.29,6.81,15.0852,-103.02,396.46,\N,\N,5.9372400950876525,0.22386604276985977,\N,\N,0.779,\N
"Gaia DR3 5588607120530408832",37853,"63077",116.39431122718193,-34.164961809798164,65.4543891564485,0.21450691,1722.0997,-222.26726543779748,1707.6957515021272,4.23563,5.1940136,5.501337,4.7056036,5714.2935,5711.079,5716.5996,4.2364,4.2322,4.2542,-1.4071,-1.4335,-1.25,15.2201,14.9166,15.3122,4.273707471127004,0.007116367752893371,3.785297471127004,0.007116367752893371,0.7957334,5.36,116.39657467,-34.17655092,7,-34,65.79,0.56,15.1999,-220.83,1722.89,\N,\N,4.450799431985927,0.018483871694917386,\N,\N,0.589,\N
"Gaia DR3 5664814198431308288",47103,\N,144.00748512333524,-21.665200855258018,105.97890913558383,0.022696694,1000.01025,138.7217909625574,-990.3417190688432,1.1187094,9.891662,11.169435,8.773195,3204.3516,3200.2273,3282.89,4.2799,4.2661,4.5557,-0.8728,-0.8897,-0.5468,9.43,9.4132,9.4494,10.01775922455948,0.00046504767754029785,8.899292224559478,0.00046504767754029785,2.39624,10.91,144.00645894,-21.65839234,9,-21,111.41,1.99,8.9759,137.17,-989.54,\N,\N,11.144620871150176,0.03879086028859291,\N,\N,1.572,\N
"Gaia DR3 567659818855055488",15638,\N,50.351214978167995,79.9685443981029,71.65856556711978,0.013828526,501.04474,410.0899489670118,287.87506822568264,1.0171734,10.243402,11.441199,9.157168,3222.7449,3222.3345,3223.0933,4.0307,4.0288,4.0322,-1.1117,-1.1138,-1.11,13.9555,13.953,13.9582,9.51974255190795,0.00041904638766432356,8.43350855190795,0.0004190463876634354,2.284031,11.21,50.3350302,79.96656492,3,79,72.8,1.63,13.7363,410.35,284.79,\N,\N,10.520656896565187,0.048627632912365826,\N,\N,1.59,\N
"Gaia DR3 5677606810060597248",47619,\N,145.6464031860283,-19.235729064940955,58.63046978803034,0.020513618,522.623,-475.1299408418677,-217.6840044436696,1.063648,10.907699,12.195253,9.785274,3204.0808,3201.236,3236.9617,4.2009,4.19,4.3291,-0.8413,-0.8542,-0.6846,17.0473,17.0054,17.1197,9.748315870338265,0.0007597543987802879,8.625890870338266,0.0007597543987802879,2.409979,11.94,145.64986317,-19.23423153,9,-19,61.35,3.22,16.2999,-471.85,-214.09,\N,\N,10.879072835315117,0.11407615862362874,\N,\N,1.525,\N
"Gaia DR3 5715352842388433664",37217,\N,114.67284553042101,-21.226690956258572,95.66344173957205,0.021124408,659.1376,456.6288716355351,-475.3445250512318,1.1027454,10.61079,12.006372,9.445363,3319.3884,3319.0186,3320.0957,4.9397,4.939,4.9424,-0.1585,-0.1611,-0.1487,10.4335,10.4298,10.4386,10.514520008417527,0.00047950469950563956,9.34909300841753,0.0004795046995047514,2.561009,11.68,114.66947798,-21.22342385,7,-21,92.15,2.99,10.8519,454.24,-474.49,\N,\N,11.502476697775464,0.07048271818920604,\N,\N,1.588,\N
"Gaia DR3 5745027080665197696",46488,\N,142.221481136971,-7.374232498035431,57.182121245276576,0.020613998,732.01434,-160.24719942691652,-714.2589440438635,1.0615348,11.041849,12.339122,9.912987,3205.5022,3204.362,3210.682,4.2451,4.2404,4.2577,-0.8009,-0.8054,-0.7804,17.5245,17.5091,17.6642,9.828150310201734,0.0007828098865712008,8.699288310201734,0.0007828098865712008,2.426135,12.1,142.22259268,-7.36932122,9,-7,58.17,4.02,17.191,-165.77,-711.79,\N,\N,10.92349531899184,0.15030523963046072,\N,\N,1.512,\N
"Gaia DR3 5805810454276181120",82256,\N,252.0946837944212,-72.97845320821952,63.42729041392924,0.014437226,716.2782,-479.05227777255936,-532.5066968417766,1.0501585,10.445256,11.554786,9.401079,3320.7864,3319.33,3328.1943,4.1436,4.1365,4.1777,-1.1618,-1.1699,-1.1188,15.7815,15.7723,15.8233,9.456636794618273,0.0004942673455810009,8.412459794618272,0.0004942673455810009,2.153707,11.36,252.10593351,-72.97479207,16,-72,62.66,2.1,15.9591,-480.82,-531.34,\N,\N,10.344951952728431,0.07280243397329933,\N,\N,1.6,\N
"Gaia DR3 585132295569511168",44376,\N,135.58562889922385,8.46757463457545,48.955846145274364,0.023083828,651.46387,618.584127551755,-204.34982266105618,1.177638,10.721801,11.985815,9.600606,3236.4534,3235.5261,3241.9233,4.1021,4.0987,4.1219,-0.7507,-0.7543,-0.7254,20.4622,20.4421,20.5127,9.17082380623517,0.0010239001727017083,8.049628806235173,0.0010239001727025965,2.385209,11.74,135.58133004,8.4689795,9,8,48.92,4.06,20.4415,616.18,-201.54,\N,\N,10.187432241821238,0.18063171178565796,\N,\N,1.427,\N
"Gaia DR3 5853498713190525696",70890,\N,217.39232147200883,-62.67607511676666,768.0665391873573,0.049872905,3859.228,-3781.741008265163,769.4650146478623,0.97145325,8.984749,11.373116,7.5685353,2829.3542,2828.994,2829.5671,5.1373,5.1368,5.1376,-0.1806,-0.1816,-0.1786,1.3011,1.3006,1.3013,13.41174322743708,0.00014100033241426502,11.99552952743708,0.00014100033241426502,3.8045807,11.01,217.44894751,-62.68135207,14,-62,772.33,2.42,1.2948,-3775.64,768.16,\N,\N,15.44901452341762,0.006804060995881045,\N,\N,1.807,\N
"Gaia DR3 5856411869205581568",61291,"109200",188.37406270075368,-68.75719762527582,61.77374693161543,0.015400678,629.1042,-546.0615666422088,-312.3921335384804,0.90800375,6.904045,7.3370366,6.300198,5004.881,5004.073,5005.617,4.5062,4.5056,4.5068,-0.4725,-0.4774,-0.4677,16.1874,16.1823,16.1933,5.858064722923857,0.0005413650574688234,5.254217722923857,0.0005413650574688234,1.0368386,7.13,188.38442385,-68.75504919,12,-68,61.83,0.63,16.1734,-545.37,-311.73,\N,\N,6.085996232494378,0.022126394371546176,\N,\N,0.836,\N
"Gaia DR3 5863130980814698112",63550,\N,195.32800428073094,-63.196879103829616,59.338654937678136,0.014948902,567.62854,-391.344182229725,-411.1591679738537,0.9246647,10.090543,11.156851,9.065391,3655.5322,3653.8108,3656.1785,4.7775,4.7762,4.7784,-0.1147,-0.1348,-0.1092,16.8219,16.8087,16.8382,8.957231488488137,0.000547048613865897,7.932079488488138,0.000547048613865897,2.09146,10.92,195.33396963,-63.19405194,13,-63,59.46,2.13,16.818,-392.01,-410.51,\N,\N,9.791124524344596,0.07782065578894759,\N,\N,1.49,\N
"Gaia DR3 5918660719983560192",86990,\N,266.6334444727895,-57.32506180218072,169.8041953551915,0.046469025,1755.1656,-1116.9094993763981,-1353.9274705312537,0.97503436,9.592273,11.001,8.416265,3104.3184,3103.422,3105.249,4.3575,4.3543,4.3615,-0.864,-0.8671,-0.8591,5.8922,5.8895,5.9067,10.742015080808834,0.0005942503834637236,9.566007080808832,0.0005942503834646118,2.584735,10.75,266.64766164,-57.31575508,17,-57,172.08,2.22,5.8113,-1119.87,-1352.52,\N,\N,11.92865198689703,0.028015668403116756,\N,\N,1.66,\N
"Gaia DR3 5951165616611763456",84720,"156274",259.7726543146931,-46.63575837613547,113.75134443945775,0.07254689,1035.1478,1029.6095441964615,106.93496669702823,0.81725454,5.3014293,5.708797,4.734677,5182.5312,5181.3677,5183.84,4.4879,4.4869,4.4889,-0.5084,-0.5166,-0.4987,8.7852,8.7714,8.792,5.581211991664971,0.0013848943251288937,5.01445969166497,0.0013848943251288937,0.97412,5.47,259.76230946,-46.6365001,17,-46,113.81,1.36,8.7866,1035.25,109.22,\N,\N,5.750902116710703,0.025949767663540957,\N,\N,0.764,\N
"Gaia DR3 5951824121022278144",85523,\N,262.1701639221161,-46.89910489864381,219.64625138839503,0.026228724,1050.362,572.5684618204186,-880.5826187621278,1.054375,8.336431,9.658231,7.193375,3274.975,3200.287,3318.7544,4.6084,4.3887,4.7061,-0.3825,-0.6514,-0.2725,4.5522,4.5363,4.5642,10.045049978702645,0.00025930308581845196,8.901993978702645,0.00025930308581845196,2.464856,9.38,262.16440365,-46.89305173,17,-46,220.43,1.63,4.5366,573.32,-879.84,\N,\N,11.096353503254004,0.01605754454340591,\N,\N,1.553,\N
"Gaia DR3 5955305209191546112",86214,\N,264.26088738973226,-44.323382243038424,199.6944012807481,0.031152742,1174.0326,-705.9450540795624,-938.0799698989338,1.0140452,9.602153,11.2452345,8.340336,3155.8037,3155.2996,3157.2107,4.9465,4.9456,4.951,0.0419,0.04,0.0491,5.0035,5.001,5.0072,11.10398244486023,0.0003387542156847445,9.842165444860232,0.0003387542156847445,2.9048985,10.94,264.26766824,-44.31693542,17,-44,198.32,2.43,5.0424,-710.11,-937.99,\N,\N,12.426832568798826,0.026608219285932044,\N,\N,1.655,\N
"Gaia DR3 6002807341299977216",76074,\N,233.0469274248337,-41.28017408697192,168.9965073189456,0.027027713,1564.2657,-1176.447023619858,-1030.9703349025851,1.0352235,8.2741785,9.566771,7.139158,3211.7449,3209.1382,3219.59,4.1088,4.1019,4.1428,-0.8105,-0.8186,-0.7753,5.9146,5.8851,5.919,9.413567145323297,0.00034728489069468793,8.278546645323297,0.00034728489069468793,2.427613,9.31,233.05768961,-41.27308564,15,-41,168.52,1.42,5.934,-1177.47,-1028.86,\N,\N,10.443257252274051,0.018297910059138722,\N,\N,1.524,\N
"Gaia DR3 6021430250773348736",80018,\N,245.01042208462846,-37.524610446713915,117.47159417533476,0.029081289,1239.319,-748.0393660219934,988.1035201880838,1.1693292,9.495382,10.836117,8.347611,3155.9285,3153.1975,3174.861,4.1578,4.1477,4.2245,-0.8328,-0.8432,-0.7616,8.5053,8.4622,8.5135,9.845046312428968,0.00053757011156641,8.69727531242897,0.00053757011156641,2.488506,10.56,245.01688193,-37.53142026,16,-37,118.03,2.28,8.4724,-729.36,991.16,\N,\N,10.91996203562088,0.04195181775980217,\N,\N,1.55,\N
"Gaia DR3 6051948158061617024",80440,\N,246.30145684486567,-21.93886317226759,53.738931981345196,0.021279605,663.4628,-571.0298221590906,-337.7985058980569,1.1407799,9.678329,10.602158,8.730532,3854.667,3849.9443,3866.2935,4.7173,4.6988,4.7216,-0.0717,-0.115,-0.0017,18.6503,18.5301,19.3945,8.329774154622566,0.0008598622237991904,7.381977154622566,0.0008598622237991904,1.871626,10.4,246.30568812,-21.93654138,16,-21,55.81,2.19,17.9179,-574.06,-341.08,\N,\N,9.133560112583304,0.0852529597901901,\N,\N,1.444,\N
"Gaia DR3 6124711741640147712",69285,\N,212.73775281678047,-31.289761728650635,62.81418674511146,0.024177933,344.65985,-320.4518407288122,126.88980296776266,1.1426303,9.931263,11.040014,8.884949,3387.874,3361.264,3455.1235,4.2173,4.1442,4.4247,-0.8484,-0.9265,-0.6073,15.9359,15.8853,16.0614,8.921551706687689,0.0008358257862113305,7.87523770668769,0.0008358257862117746,2.155065,10.77,212.74033121,-31.29063408,14,-31,58.18,2.14,17.188,-320.7,126.71,\N,\N,9.593868584555203,0.0799080156199512,\N,\N,\N,\N
"Gaia DR3 6133474952391837824",61874,\N,190.18807526858592,-43.563321977327206,124.18513331297466,0.029509502,1042.6694,-782.089989185698,689.5613585623493,1.0842718,10.983478,12.4602165,9.7969675,3075.3416,3073.0513,3089.7136,4.5806,4.5761,4.6154,-0.8556,-0.8595,-0.8238,8.0494,8.0376,8.0772,11.453826039323923,0.0005159963105745291,10.267315539323922,0.0005159963105745291,2.663249,12.24,190.19549326,-43.56806218,12,-43,130.52,3.87,7.6617,-782.02,693.51,\N,\N,12.818385325579186,0.0644043995287884,\N,\N,1.75,\N
"Gaia DR3 614543647497149056",47513,\N,145.29015483359296,13.208925979812514,86.61958910034566,0.021846896,675.3874,-660.0385148963486,-143.16885005857742,1.0575612,9.442556,10.608034,8.367137,3557.6538,3557.3784,3557.9565,4.76,4.7587,4.7604,-0.0162,-0.0195,-0.0146,11.513,11.5081,11.5179,9.130636596121983,0.0005476813431721794,8.055217596121983,0.0005476813431721794,2.240897,10.38,145.29481658,13.20991003,9,13,88.06,1.98,11.3559,-664.26,-141.54,\N,\N,10.103893405617537,0.04883307001542114,\N,\N,1.49,\N
"Gaia DR3 6189329043571426944",65669,\N,201.97387066561288,-26.950893753633324,50.636091716112496,0.026273666,225.36302,-197.5324987250333,-108.48689397400895,1.4286926,10.837475,12.009733,9.762084,3530.4736,3513.2256,3537.0598,4.7804,4.7253,4.7881,-0.2153,-0.3925,-0.1586,19.6884,19.5585,19.8531,9.359775889111644,0.0011267170115685232,8.284384889111644,0.0011267170115685232,2.247649,11.76,201.97539393,-26.9501473,13,-26,48.04,2.95,20.816,-197.1,-105.32,\N,\N,10.168014993654344,0.133511941652257,\N,\N,1.515,\N
"Gaia DR3 6228695236338166528",72509,\N,222.37518072685268,-26.109865958353627,48.228099975196294,0.033609837,1214.3629,-1199.8887168849342,-186.93427496912216,1.4715854,11.128549,12.283309,10.059629,3431.3066,3372.3242,3508.6016,4.3925,4.1859,4.7364,-1.0574,-1.2654,-0.5392,20.7447,20.5423,21.0353,9.545049762590754,0.0015132846947372158,8.476129762590755,0.001513284694738104,2.22368,12.07,222.38618849,-26.11117761,14,-26,221.8,69.07,4.5086,-1421.6,-203.6,\N,\N,13.799807709065707,0.6994364479059341,\N,\N,1.524,\N
"Gaia DR3 6245870673116518784",79431,\N,243.17425206530802,-18.876454482180023,68.60997988235447,0.028663991,217.10585,36.44735269088709,-214.02462739770093,1.2778709,10.250556,11.612239,9.094473,3141.0535,3134.4026,3172.192,3.9921,3.9657,4.121,-0.8264,-0.8521,-0.6972,14.5152,14.286,14.5872,9.432492459918475,0.000907201391563639,8.276409459918476,0.000907201391563639,2.517766,11.34,243.17399821,-18.87499082,16,-18,67.13,3.55,14.8965,24.12,-210.89,\N,\N,10.474583235924602,0.11494004313993145,\N,\N,1.486,\N
"Gaia DR3 6293916376311538944",67761,\N,208.22150972148975,-18.33855533394416,44.298676011283675,0.032746073,300.80978,-275.53293440453035,-120.69846769669385,1.4010614,10.89259,12.03705,9.826985,3517.5098,3481.0051,3562.6748,4.648,4.5944,4.6712,-0.3537,-0.4325,-0.2675,22.693,22.4674,23.6942,9.124543731613514,0.001605176799710506,8.058938731613512,0.0016051767997122823,2.210065,11.79,208.22350293,-18.33772485,13,-18,41.19,3.43,24.2777,-282.82,-122.93,\N,\N,9.863958959782087,0.1812439508044692,\N,\N,1.496,\N
"Gaia DR3 6294928369390563968",67164,\N,206.45987655621826,-17.97068075088794,89.32557498587661,0.022517212,632.0363,-307.0500092094584,-552.440218063657,0.9938394,10.598303,12.099447,9.395839,3071.4053,3070.586,3072.2249,4.2355,4.2331,4.238,-0.7144,-0.7172,-0.7116,11.1918,11.1886,11.1951,10.353182102116005,0.000547385288487412,9.150718102116006,0.000547385288487412,2.703608,11.81,206.46209637,-17.96688325,13,-17,87.73,4.26,11.3986,-311.6,-549.35,\N,\N,11.525740646792814,0.10552551339160399,\N,\N,1.542,\N
"Gaia DR3 6317854118838346752",75722,"137778",232.05125070540723,-9.35944768686155,48.34520914317675,0.02876401,366.1215,82.53169472103488,-356.6980017981075,1.1067936,7.3205466,7.7755246,6.701382,4977.071,4975.877,4978.2236,4.5055,4.5047,4.5062,0.0598,0.053,0.0663,20.6652,20.6528,20.6774,5.74231381673098,0.0012919638280433077,5.1231492167309804,0.0012919638280433077,1.0741426,7.57,232.05067543,-9.35699504,15,-9,48.06,1.14,20.8073,81.53,-355.85,\N,\N,5.978918832339407,0.051517748309672484,\N,\N,0.868,\N
"Gaia DR3 6322070093095493504",74995,\N,229.85630133329227,-7.722707024157902,158.71827296463243,0.030101538,1225.1418,-1221.2776289653712,-97.22923861858034,1.3033525,9.421787,10.813405,8.251837,3110.4065,3109.4316,3112.2974,4.2666,4.2625,4.2781,-0.849,-0.8534,-0.8353,6.2984,6.2919,6.3002,10.424921646088986,0.00041182819604657084,9.254971646088986,0.00041182819604657084,2.561568,10.57,229.86477439,-7.72203834,15,-7,159.52,2.27,6.2688,-1224.55,-99.52,\N,\N,11.584075704837904,0.03090255222629512,\N,\N,1.6,\N
"Gaia DR3 6324325225803432320",71253,\N,218.56843175696892,-12.516923853592898,159.9225477824956,0.054619387,691.24506,-355.1381150377546,593.0401507540619,1.4434574,9.894982,11.569429,8.646179,3000.055,3000.0105,3000.2742,4.3516,4.3507,4.3524,-0.5936,-0.5951,-0.5922,6.2554,6.2522,6.2604,10.914530500318467,0.0007416371121609089,9.665727500318468,0.0007416371121609089,2.92325,11.32,218.57093205,-12.52100145,14,-12,163.51,2.77,6.1158,-357.5,595.12,\N,\N,12.387721592688335,0.03679012960581218,\N,\N,1.633,\N
"Gaia DR3 6427464123776727168",99240,"190248",302.19503988923026,-66.18709128441725,163.9544145383167,0.12218077,1657.0453,1211.7606270999615,-1130.2369049548956,2.8562405,3.3641381,3.8463583,2.8270798,5437.5474,5435.781,5439.1177,4.3012,4.3004,4.302,0.0321,0.0267,0.0381,6.099,6.094,6.1043,4.43775367357892,0.001618207236983693,3.900695373578919,0.001618207236983693,1.0192785,3.55,302.17441713,-66.17932101,20,-66,163.73,0.65,6.1076,1210.29,-1130.34,\N,\N,4.620641309117049,0.008620683328337986,\N,\N,0.751,\N
"Gaia DR3 6456884409233519360",103910,\N,315.805198569885,-56.96185322955984,80.02112246350178,0.031032525,503.10806,-357.1096789457698,354.38735393321844,1.3178142,11.549987,13.041293,10.356031,3056.6768,3055.4219,3060.895,4.4037,4.3985,4.4271,-0.8404,-0.8453,-0.8015,12.5012,12.4749,12.5437,11.066010194867854,0.0008421060982248818,9.872054194867854,0.0008421060982239936,2.685262,12.88,315.80970266,-56.96429043,21,-56,70.51,5.16,14.1824,-357.97,353.22,\N,\N,12.121253573385212,0.15919535512751004,\N,\N,1.653,\N
"Gaia DR3 646818024623804416",47741,\N,145.97884036380384,26.968552619596394,69.58833270655519,0.027410781,586.6378,-577.8412018458114,-101.21001852649204,1.0721148,10.848555,12.285814,9.668579,3174.9656,3172.9043,3185.3132,4.119,4.1131,4.1282,-1.0994,-1.1015,-1.088,14.3524,14.2997,14.7745,10.061237155961411,0.0008553410525609095,8.881261155961411,0.0008553410525609095,2.617235,12.08,145.98330214,26.96924933,9,26,70.59,3.97,14.1663,-581.58,-99.99,\N,\N,11.323715909478418,0.12225317747691733,\N,\N,1.542,\N
"Gaia DR3 6514632718428652928",113850,\N,345.83671298715984,-49.72659212090753,51.14944957002365,0.017496156,111.1302,-29.536788587441695,-107.13309193317644,1.0369618,9.903913,10.905701,8.910142,3723.329,3712.218,3737.0781,4.6377,4.625,4.6542,-0.2721,-0.3813,-0.1543,19.59,19.5026,19.8952,8.448117822695673,0.0007427728319209237,7.454346822695674,0.0007427728319213678,1.995559,10.65,345.83702657,-49.72585578,23,-49,48.15,1.93,20.7684,-33.03,-109.37,\N,\N,9.062981457302769,0.08708594764820621,\N,\N,1.643,\N
"Gaia DR3 6536984484150014720",116645,\N,354.57380380776203,-41.51861812150143,48.26530570017054,0.02542551,289.94336,207.05925547231004,-202.96210326155446,1.41355,10.950356,12.219519,9.831406,3211.946,3209.17,3226.2322,4.0687,4.0624,4.1238,-0.8802,-0.888,-0.836,20.6962,20.4014,20.7309,9.368531306228135,0.001143902390526641,8.249581306228134,0.0011439023905275292,2.388113,11.95,354.57190246,-41.51722214,23,-41,54.15,3.39,18.4672,210.07,-198.1,\N,\N,10.617992304806695,0.13612061032910017,\N,\N,1.551,\N
"Gaia DR3 6553614253923452800",114046,"217987",346.5039166796005,-35.8471642082214,304.1353692001036,0.01999573,6895.5312,6765.995136250774,1330.2852747179845,0.9320045,6.5220323,7.5897913,5.491506,3376.0845,3366.0298,3392.1506,4.1558,4.1178,4.1961,-0.9754,-1.0214,-0.9415,3.2877,3.2867,3.2888,8.937366945199813,0.00014276595379225654,7.906840645199813,0.00014276595379181245,2.0982853,7.35,346.44652092,-35.8562971,23,-35,303.9,0.87,3.2906,6767.26,1326.66,\N,\N,9.763653500399714,0.006216473041301462,\N,\N,1.483,\N
"Gaia DR3 6569895822110445440",109821,"210918",333.6644324990778,-41.38517850480005,45.91464271570334,0.04036225,974.81696,570.4238812516875,-790.4965021335823,0.8905025,6.0632796,6.3835516,5.5656123,5645.288,5644.191,5646.28,4.2976,4.2964,4.2986,-0.4158,-0.4241,-0.4073,21.7732,21.7502,21.8019,4.373035646041708,0.0019088798181483568,3.875368346041708,0.0019088798181483568,0.8179393,6.23,333.65920556,-41.37974331,22,-41,45.19,0.71,22.1288,570.33,-791.08,\N,\N,4.505211706656009,0.034119767408150814,\N,\N,0.648,\N
"Gaia DR3 657608666099404544",42267,\N,129.2825739873991,15.12533795095162,56.11184010495349,0.02470206,903.1855,-127.05600261790568,-894.2040154339082,1.2689109,10.738581,12.014285,9.614002,3223.8347,3223.1553,3226.6057,4.1943,4.1919,4.2019,-0.7368,-0.7393,-0.7256,17.8344,17.8215,17.9019,9.483853554916667,0.0009559452178553585,8.359274554916666,0.0009559452178553585,2.400283,11.8,129.28347985,15.13148708,8,15,52.66,15.21,18.9897,-118.98,-892.76,\N,\N,10.407404273850247,0.6455650678899536,\N,\N,1.563,\N
"Gaia DR3 6579894402894605824",104644,\N,317.95785580970306,-43.61672534471101,63.38848857256921,0.023571858,724.08777,215.31875829523614,-691.332693165611,1.1373206,11.010081,12.231533,9.915315,3370.205,3309.2522,3446.9468,4.4365,4.2401,4.8116,-1.0823,-1.2884,-0.5385,15.7794,15.6147,15.9639,10.020132983152468,0.0008074911202333723,8.925366983152468,0.0008074911202333723,2.316218,11.98,317.95581262,-43.61197308,21,-43,69.76,4.06,14.3349,215.97,-688.32,\N,\N,11.198032359622555,0.12652167824964433,\N,\N,1.586,\N
"Gaia DR3 6609167869190786688",112978,\N,343.19820948914594,-28.79640185951427,48.088309448814115,0.01908267,494.90732,-412.09776167791597,-274.05964627374976,0.9252007,10.897334,12.08169,9.817504,3365.1653,3284.4114,3458.8035,4.417,4.151,4.6056,-0.6117,-0.9248,-0.347,20.848,20.629,21.9388,9.307531548297229,0.0008616957854190588,8.227701548297228,0.0008616957854190588,2.264186,11.82,343.20144081,-28.79451806,22,-28,51.42,2.9,19.4477,-407.77,-277.61,\N,\N,10.37566036153421,0.12259742269477503,\N,\N,1.533,\N
"Gaia DR3 6623761137270596992",111391,\N,338.50140050037834,-25.24375007889278,62.0787104744365,0.041952185,322.25885,-118.98334546864778,-299.4891276767794,1.2806146,10.2741165,11.506685,9.17233,3269.7278,3245.189,3409.1768,4.1825,4.1029,4.4665,-0.7467,-0.8362,-0.3272,16.1721,16.0157,18.3987,9.23882993496417,0.0014674600264417137,8.13704343496417,0.0014674600264417137,2.334355,11.25,338.50230691,-25.24169067,22,-25,63.98,2.55,15.6299,-122.39,-302.87,\N,\N,10.280221178740442,0.08659252031621456,\N,\N,1.494,\N
"Gaia DR3 6631770869026896512",92451,\N,282.6118613557034,-62.05076623009053,59.78053393638423,0.017367812,107.47348,89.16560674450292,60.0003676634022,0.97255653,9.88309,10.945532,8.858225,3652.497,3642.5051,3660.7637,4.6901,4.6734,4.6982,-0.1955,-0.3225,-0.136,16.7597,16.7152,16.9505,8.765888948346504,0.000630869668592382,7.741023948346504,0.000630869668592382,2.087307,10.74,282.6105529,-62.05117896,18,-62,59.94,2.17,16.6834,90.39,59.71,\N,\N,9.628583693048132,0.07864790426034496,\N,\N,1.48,\N
"Gaia DR3 6662167868705713664",93206,\N,284.78208486186395,-48.276651589259686,70.59523619473788,0.02607207,515.3336,151.20181848708916,-492.6527680157418,1.2231145,10.101377,11.370641,8.980238,3227.9858,3227.1797,3228.771,4.1616,4.1586,4.1647,-0.7276,-0.7307,-0.7239,14.1636,14.1573,14.1712,9.345253978053517,0.0008019632242861618,8.224114978053517,0.0008019632242861618,2.390403,11.13,284.78052202,-48.27326531,18,-48,72.07,2.52,13.8754,154.68,-494.09,\N,\N,10.41877261029721,0.07595868205966116,\N,\N,1.446,\N
"Gaia DR3 6673000841376349696",99701,"191849",303.4773905559996,-45.16473054247641,162.2171000791857,0.022484917,794.59393,778.3309821152101,-159.9388249728239,1.0053535,7.2426615,8.190446,6.278736,3588.5205,3572.124,3621.6228,4.0644,4.026,4.1644,-1.4065,-1.4432,-1.2825,6.1659,6.1524,6.1881,8.293144666718069,0.00030098785630272573,7.329219166718069,0.00030098785630272573,1.91171,7.97,303.46980202,-45.16363153,20,-45,161.17,1.08,6.2046,778.18,-159.55,\N,\N,9.006421029560991,0.014551252128503833,\N,\N,1.431,\N
"Gaia DR3 672091364541849344",38082,\N,117.07514854485704,20.363715703599137,68.03336375534937,0.022327024,1756.924,1450.0374715502585,-992.054978382924,1.3234195,10.552906,11.670434,9.500179,3547.2454,3546.7761,3547.8687,4.8949,4.892,4.8955,-0.4135,-0.4194,-0.4113,14.65,14.6394,14.6664,9.716515720984791,0.0007126285643828112,8.66378872098479,0.0007126285643828112,2.170255,11.46,117.06451337,20.37053697,7,20,70.74,2.66,14.1363,1451.22,-989.83,\N,\N,10.708325277393666,0.08169128209884668,\N,\N,1.51,\N
"Gaia DR3 6748796396992580352",99150,\N,301.938875576301,-31.757340631687637,68.11609120046371,0.03303321,805.10675,283.1069525244838,-753.6891632177479,1.1179513,11.1300335,12.727369,9.901586,3002.0583,3000.2742,3010.5232,4.0637,4.0577,4.0863,-0.7698,-0.7768,-0.7452,14.6696,14.6372,14.7745,10.29628209143406,0.0010530655601614924,9.06783459143406,0.0010530655601606043,2.825783,12.19,301.93658522,-31.7521597,20,-31,68.49,5.17,14.6007,290.03,-753.34,\N,\N,11.36813583104949,0.16422702082143914,\N,\N,1.56,\N
"Gaia DR3 6766734242006157568",96710,\N,294.9025393958204,-26.75314272130649,46.396544461864444,0.018854078,453.1926,367.59019520068136,-265.06786910661253,1.0935371,9.72663,10.710811,8.741038,3547.2065,3545.8845,3549.1504,4.1975,4.1933,4.2029,-0.7965,-0.8011,-0.7876,21.5468,21.5327,21.6183,8.059058181111851,0.0008824172772419203,7.073466181111851,0.0008824172772419203,1.969773,10.49,294.89971054,-26.75131985,19,-26,44.84,1.91,22.3015,369.39,-263.7,\N,\N,8.748328019614679,0.09255181682274483,\N,\N,1.391,\N
"Gaia DR3 676804558572501120",39950,\N,122.3774458471273,21.90449525992884,47.7384996028078,0.02146427,326.02036,-319.27899518558655,-65.95594937957259,1.281516,10.863982,12.049478,9.781125,3232.735,3232.0874,3233.1255,3.9465,3.9439,3.9482,-1.1154,-1.1187,-1.1133,20.9773,20.9678,20.988,9.258325826133206,0.0009763413937182719,8.175468826133205,0.0009763413937182719,2.268353,11.84,122.37981064,21.90494855,8,21,46.27,3.3,21.6123,-318,-63.58,\N,\N,10.166497497499485,0.15513391305311863,\N,\N,1.53,\N
"Gaia DR3 6847167606385195648",99825,"192310",303.82866493156223,-27.033780809464673,113.48717988476642,0.051574934,1255.8995,1242.7627067001158,-181.1749780311303,0.96346945,5.48135,5.935906,4.855769,4978.235,4977.068,4979.38,4.4981,4.4971,4.4989,-0.1005,-0.1075,-0.0911,8.8133,8.8075,8.8259,5.75608402043116,0.0009868388132239225,5.13050302043116,0.0009868388132239225,1.080137,5.73,303.8190747,-27.03253576,20,-27,113.33,0.89,8.8238,1241.35,-181.46,\N,\N,6.001724443838153,0.01705329723337412,\N,\N,0.878,\N
"Gaia DR3 6882393725554653056",104059,\N,316.21816541116317,-16.967940257888934,54.61760167387142,0.017101696,2236.0493,-916.0628229973745,-2039.7905994563957,1.0971526,10.623923,11.697248,9.591812,3612.55,3612.1436,3613.381,4.8326,4.8314,4.8336,-0.3461,-0.3478,-0.3281,18.245,18.228,18.3317,9.310586129085248,0.0006799248062074881,8.278475129085248,0.0006799248062074881,2.105436,11.45,316.22474842,-16.95391715,21,-16,52.26,3.06,19.1351,-914.54,-2035.65,\N,\N,10.040847026956534,0.1272926716747813,\N,\N,1.443,\N
"Gaia DR3 6882963066420161664",103039,\N,313.1361327596479,-16.974558468206272,177.93122142191174,0.03653056,311.32758,-309.11501874685354,37.05090624523243,1.0382286,10.081701,11.736595,8.835035,3000.1555,3000.0205,3002.3782,4.4638,4.4616,4.4722,-0.6792,-0.6828,-0.6692,5.6148,5.6028,5.6188,11.332961800047672,0.00044581891601058743,10.08629580004767,0.00044581891601058743,2.90156,11.41,313.13835215,-16.9748128,20,-16,182.15,3.68,5.49,-306.7,30.78,\N,\N,12.712145877889673,0.04387650812623001,\N,\N,1.653,\N
"Gaia DR3 6885776098199761024",104432,\N,317.32587881622555,-13.31137231459359,84.44018320948496,0.025683865,2119.698,715.0641543639571,-1995.4456205314852,1.0270468,10.027026,11.107968,8.992317,3421.0632,3394.2668,3478.1016,4.5462,4.4543,4.7266,-0.7975,-0.9025,-0.5779,11.8599,11.8162,11.9453,9.659771834617107,0.0006604889262114,8.625062834617108,0.0006604889262114,2.115651,10.87,317.32082857,-13.29765532,21,-13,82.33,2.4,12.1462,710.44,-1995.17,\N,\N,10.447790577057603,0.06331848359251513,\N,\N,1.49,\N
"Gaia DR3 6890353330746858368",103388,\N,314.19398627474936,-10.453538481490082,61.97626887627377,0.027395306,1125.0663,-37.07954360918741,-1124.455037803497,1.005311,10.418879,11.718892,9.285866,3197.256,3196.061,3202.1587,4.0807,4.0772,4.0944,-0.803,-0.8066,-0.783,16.163,16.149,16.239,9.380006135474627,0.000959853764712193,8.246993135474627,0.000959853764712193,2.433026,11.38,314.19424722,-10.44580703,20,-10,67.71,10.55,14.7689,-24.44,-1109.77,\N,\N,10.533264068987123,0.34111905861432135,\N,\N,1.563,\N
"Gaia DR3 6910371005081903488",103800,\N,315.49330858498587,-6.320708212599972,69.02191753525649,0.028421026,498.66943,-230.2488504242657,-442.33094560278005,0.97037166,10.18349,11.469987,9.055492,3215.171,3209.4448,3309.71,4.1362,4.1061,4.4201,-0.7662,-0.7938,-0.4311,14.4481,14.2602,14.5287,9.378425102465894,0.000894143186701335,8.250427102465892,0.000894143186701335,2.414495,11.23,315.49490141,-6.31766657,21,-6,72.37,2.86,13.8179,-229.21,-445.23,\N,\N,10.527792863130268,0.08585943327387469,\N,\N,1.527,\N
"Gaia DR3 6913810483612308480",103393,\N,314.20579832436334,-4.847952653225154,61.82418681411409,0.07376778,826.3211,796.5934888783738,-219.64828955787192,2.9947343,10.659732,12.159485,9.455331,3053.6914,3046.4812,3089.7085,3.9262,3.8844,3.9754,-0.7362,-0.7693,-0.6238,16.3173,16.1244,17.6632,9.615524063543901,0.002590972615311493,8.4111230635439,0.002590972615311493,2.704154,11.87,314.20029476,-4.84643951,20,-4,56.56,4.03,17.6803,786.98,-219.52,\N,\N,10.632547003944216,0.15498387923355317,\N,\N,1.49,\N
"Gaia DR3 762815470562110464",54035,"95735",165.83095967577933,35.948653032660104,392.75294543876464,0.03206665,4811.68,-580.0570872139048,-4776.588719443488,0.9638494,6.551172,7.6911216,5.475513,3511.045,3510.6343,3511.3494,4.8322,4.8313,4.8332,-0.1783,-0.1822,-0.1743,2.5453,2.5446,2.5458,9.521769253512385,0.00017729172168934326,8.446110253512385,0.00017729172168934326,2.2156086,7.49,165.83588409,35.98146424,11,35,392.4,0.91,2.5484,-580.2,-4767.09,\N,\N,10.458644993539554,0.005035788570552313,\N,\N,1.502,\N
"Gaia DR3 778947814402602752",54211,\N,166.34205974427476,43.53094856108456,203.8875927696954,0.033240344,4505.308,-4406.469178827325,938.5266266886065,0.9393333,7.912665,8.982041,6.8778634,3382.1968,3381.2576,3393.4956,4.095,4.0928,4.1232,-1.4765,-1.4816,-1.451,4.9055,4.9025,4.9159,9.459618991676273,0.00035402100509340784,8.424817391676275,0.00035402100509340784,2.1041776,8.82,166.38385827,43.52448449,11,43,206.94,1.19,4.8323,-4410.79,943.32,\N,\N,10.399222223755173,0.01248710085457283,\N,\N,1.491,\N
"Gaia DR3 793785826901083520",47395,\N,144.85018393606413,31.753793316885254,46.96954978298262,0.04243176,284.64246,-194.38464918697383,-207.93251068808647,0.9900129,10.923082,12.066908,9.857973,3554.7136,3542.0342,3567.5305,4.7389,4.7182,4.7553,-0.3327,-0.4275,-0.2341,21.4501,20.8018,22.79,9.282163986811138,0.0019616841468206303,8.217054986811135,0.001961684146819742,2.208935,11.77,144.85175347,31.75522522,9,31,41.66,3.97,24.0038,-190.3,-207.7,\N,\N,9.868596328058636,0.20756082830763933,\N,\N,\N,\N
"Gaia DR3 798914636327665536",46769,\N,142.9835626427477,36.31789906516603,73.69562923955124,0.018259868,564.64874,-209.9090945203721,-524.1815958159509,1.0681258,9.414013,10.424294,8.416171,3722.6384,3721.8025,3726.8179,4.7565,4.7513,4.7578,-0.1723,-0.1803,-0.1475,13.5508,13.537,13.7012,8.751221656837124,0.0005380346268015757,7.753379656837124,0.0005380346268020197,2.008123,10.19,142.98535329,36.32150319,9,36,73.88,2.02,13.5355,-207.2,-524.86,\N,\N,9.532634433841018,0.05938640756712399,\N,\N,1.475,\N
"Gaia DR3 87921523897823872",12097,\N,38.97329569548593,20.219260277260023,71.21640847108424,0.023202313,286.55478,249.83907360754708,-140.33557150909022,1.2980689,9.708674,10.898861,8.627383,3400.08,3311.9038,3500.7576,4.395,4.142,4.599,-0.5221,-0.7976,-0.2643,14.042,13.946,14.1333,8.971574339493767,0.0007074659531527416,7.890283339493767,0.0007074659531531857,2.271478,10.68,38.97146537,20.2202253,2,20,71.6,1.89,13.9665,251.92,-140.35,\N,\N,9.954565111539278,0.057332911607851145,\N,\N,1.47,\N
"Gaia DR3 883439489632629120",35191,\N,109.08221549977452,27.14164565299547,83.87595614967746,0.3863886,201.19255,-33.30098118609544,-198.41746032850912,25.5839,9.736692,11.084469,8.580641,3148.527,3140.4138,3192.736,3.9391,3.9043,3.998,-0.8224,-0.8624,-0.6994,12.3906,12.0728,14.2968,9.354879419874031,0.0100033210705881,8.198828419874033,0.010003321070586324,2.503828,10.83,109.08250709,27.14297445,7,27,81.05,2.42,12.3381,-37.74,-195.76,\N,\N,10.37376509592267,0.0648553445874489,\N,\N,1.52,\N
"Gaia DR3 898506166187633280",36627,\N,112.98739022537632,36.22866483400494,83.3999781450608,0.025737088,370.92154,-264.28149359508706,-260.26542181128644,1.1862601,10.505624,12.051916,9.2852955,3185.259,3183.778,3186.0808,4.6483,4.6364,4.6502,-0.0028,-0.0271,-0.0004,11.9562,11.9491,11.9635,10.111453684155077,0.0006701126248520595,8.891125184155078,0.0006701126248529476,2.7666205,11.82,112.98964545,36.23045504,7,36,87.15,4.85,11.4745,-258.15,-254.27,\N,\N,11.52133695723006,0.12096998033321427,\N,\N,1.567,\N
"Gaia DR3 939072613334579328",33226,"265866",103.70012922713916,33.266408018167255,179.06293491259635,0.027963677,828.57574,-726.6720778359679,-398.10237894601846,1.1459758,8.863551,10.256712,7.6955404,3337.7017,3337.075,3338.145,4.8663,4.865,4.8672,-0.0159,-0.0195,-0.0138,5.5781,5.5768,5.5794,10.128579492371069,0.0003391117966291546,8.96056889237107,0.0003391117966291546,2.5611716,9.89,103.70610465,33.26914569,6,33,181.32,1.87,5.5151,-729.33,-399.31,\N,\N,11.182228551933253,0.02239574996219762,\N,\N,1.58,\N
"Gaia DR3 96331172942614528",7981,"10476",25.62258568627586,20.26551918225611,130.823369060264,0.15318972,737.6295,-300.73691840079994,-673.5388952717276,1.2618266,4.99968,5.439818,4.4173326,5092.744,5091.184,5094.2344,4.4769,4.4753,4.4782,-0.307,-0.3164,-0.2984,7.6485,7.6358,7.6675,5.583106646065097,0.0025427215705335904,5.000759246065098,0.0025427215705335904,1.0224854,5.24,25.62479083,20.27015091,1,20,133.91,0.91,7.4677,-302.12,-677.4,\N,\N,5.874065050207763,0.014756704589216518,\N,\N,0.836,\N
"Gaia DR3 974536192658255104",35821,\N,110.81129017196758,46.086355019729595,58.902856854783394,0.02241257,266.75552,-120.76876411802874,-237.8516822962655,1.3018478,9.691786,10.754976,8.664866,3659.8855,3656.2307,3664.2703,4.6316,4.6242,4.6353,-0.2104,-0.2662,-0.1686,16.9971,16.9579,17.0872,8.542467795342937,0.0008262465070254521,7.515547795342935,0.0008262465070254521,2.09011,10.56,110.8124864,46.08799054,7,46,61.68,1.91,16.2127,-117.05,-239.55,\N,\N,9.510721825214503,0.06726392287482952,\N,\N,1.442,\N
"Gaia DR3 97993497084921984",8382,\N,27.018206566174985,21.205767467992107,53.733743433108124,0.03615083,409.52438,346.43849534019944,-218.38172989300637,1.4426987,11.108311,12.395121,9.986194,3211.953,3210.9163,3213.9585,4.1995,4.1951,4.2038,-0.8656,-0.8695,-0.8566,18.7077,18.6788,18.8609,9.7595464866431,0.0014609170468036226,8.6374294866431,0.0014609170468027344,2.408927,12.24,27.01565093,21.20726838,1,21,48.23,4.35,20.734,341.07,-212.9,\N,\N,10.656586309609413,0.19638490716917456,\N,\N,1.695,\N
"Gaia DR3 985610542491481984",36915,\N,113.84028667733695,54.849773078642905,78.1626317485545,0.020801144,114.32756,-113.54376136166859,13.364356852512948,1.1125215,10.324608,11.567809,9.219839,3220.313,3218.1694,3223.6243,4.2072,4.2006,4.2163,-0.9237,-0.9297,-0.9049,12.7998,12.7897,12.8834,9.789603868614552,0.0005778862653187389,8.684834868614551,0.0005778862653196271,2.34797,11.36,113.84164068,54.84968136,7,54,76.31,2.56,13.1044,-121.45,16.47,\N,\N,10.772907267772256,0.07287454043956032,\N,\N,1.591,\N
