HIP, HD, designation, Vmag, RAdeg, DEdeg, RAhms, DEdms, Plx, e_Plx, distance_Plx, pmRA, pmDE, BTmag, VTmag, MV, MV_error, MVt, MVt_error, B_minus_V, BT_minus_VT
27080,"39194",\N,8.09,86.13520683,-70.14658241,"05 44 32.45","-70 08 47.7",39.08,0.75,25.5885,-309.03,1239.15,\N,\N,6.049772775233677,0.041678717887439376,\N,\N,0.76,\N
61722,\N,\N,12.13,189.76820008,47.04002676,"12 39 04.37","+47 02 24.1",39.08,4.64,25.5885,386.77,-121.31,\N,\N,10.089772775233676,0.2590425262401208,\N,\N,\N,\N
114716,\N,\N,11.99,348.56592592,-56.84719808,"23 14 15.82","-56 50 49.9",39.09,2.81,25.582,-414.28,-256.42,\N,\N,9.950328352161236,0.1563668614455942,\N,\N,1.48,\N
40167,"68255",\N,4.67,123.05295353,17.64813756,"08 12 12.71","+17 38 53.3",39.11,1.38,25.5689,28.29,-150.94,\N,\N,2.6314390797606535,0.07665242891854485,\N,\N,0.531,\N
64113,\N,\N,11.83,197.10337951,16.97198984,"13 08 24.81","+16 58 19.2",39.12,4.13,25.5624,-104.38,-36.79,\N,\N,9.791994230577819,0.23010542329481698,\N,\N,1.575,\N
51473,\N,\N,11.22,157.71278776,-35.77760747,"10 30 51.07","-35 46 39.4",39.16,2.17,25.5363,-334.06,14.81,\N,\N,9.184213415655499,0.12045268491578476,\N,\N,1.446,\N
897,\N,\N,10.86,2.76858844,-5.78399441,"00 11 04.46","-05 47 02.4",39.19,2.29,25.5167,255.86,10.17,\N,\N,8.825876317390513,0.12703095389485775,\N,\N,1.418,\N
16209,\N,\N,11.1,52.21798939,37.38503584,"03 28 52.32","+37 23 06.1",39.19,2.52,25.5167,1120.24,-1065.81,\N,\N,9.065876317390515,0.13982319971307078,\N,\N,1.314,\N
10312,\N,\N,11.1,33.2112883,-17.68721593,"02 12 50.71","-17 41 14.0",39.26,2.63,25.4712,494.4,202.92,\N,\N,9.06975147631994,0.14568360424168603,\N,\N,1.455,\N
1608,\N,\N,11.67,5.03456191,-17.06135622,"00 20 08.29","-17 03 40.9",39.31,3.03,25.4388,135.85,-9.45,\N,\N,9.64251521910045,0.16770893823833966,\N,\N,1.49,\N
36853,\N,\N,11.53,113.6625046,22.33786439,"07 34 39.00","+22 20 16.3",39.31,3.31,25.4388,169.85,-95.24,\N,\N,9.502515219100449,0.1832773615272396,\N,\N,1.498,\N
80468,\N,\N,11.87,246.37191811,43.72996989,"16 25 29.26","+43 43 47.9",39.35,18.4,25.413,-100.09,119.86,\N,\N,9.844723683475419,1.1009199031546704,\N,\N,\N,\N
90306,\N,\N,11.28,276.38327301,38.35532929,"18 25 31.99","+38 21 19.2",39.4,1.79,25.3807,-76.81,-743.33,\N,\N,9.257481109127873,0.0987211463350457,\N,\N,1.442,\N
117697,\N,\N,11.69,358.04445748,-19.65459561,"23 52 10.67","-19 39 16.5",39.4,3.4,25.3807,-202.14,56.65,\N,\N,9.667481109127873,0.1878531706147113,\N,\N,1.474,\N
18180,\N,\N,12.13,58.33331726,-37.06378375,"03 53 20.00","-37 03 49.6",39.48,2.69,25.3293,-408.8,-1084.85,\N,\N,10.111885719987995,0.1481845329593412,\N,\N,1.45,\N
62387,\N,\N,12.53,191.79002178,-49.47230003,"12 47 09.61","-49 28 20.3",39.48,64.77,25.3293,-13.46,12.45,\N,\N,10.511885719987998,\N,\N,\N,\N,\N
4328,\N,\N,12.38,13.85453209,-51.83348668,"00 55 25.09","-51 50 00.6",39.56,3.38,25.2781,336.08,348.96,\N,\N,10.366281414625709,0.18598369394108705,\N,\N,1.47,\N
51928,\N,\N,11.98,159.11904377,-28.45424333,"10 36 28.57","-28 27 15.3",39.56,3.14,25.2781,-222,-6.61,\N,\N,9.96628141462571,0.17271983391530732,\N,\N,1.464,\N
100111,"351880",\N,11.54,304.62751329,19.03105653,"20 18 30.60","+19 01 51.8",39.57,32.67,25.2717,-10.01,7.42,\N,\N,9.52683025133014,2.549821616420484,\N,\N,0.448,\N
34950,"55458",\N,8.4,108.47238707,25.01159218,"07 13 53.37","+25 00 41.7",39.72,1.29,25.1762,-408.33,-88.88,\N,\N,6.3950461991167185,0.0705484620578396,\N,\N,0.827,\N
48509,\N,\N,12.02,148.39169496,50.75104725,"09 53 34.01","+50 45 03.8",39.75,3.27,25.1572,-529.46,18.73,\N,\N,10.016685664962445,0.17903894098766227,\N,\N,1.51,\N
106972,\N,\N,11.62,324.97580829,27.61262152,"21 39 54.19","+27 36 45.4",39.78,3.7,25.1383,280.77,-230.38,\N,\N,9.618323893942087,0.2025575163608817,\N,\N,1.515,\N
107968,\N,\N,12.74,328.10570848,2.38950195,"21 52 25.37","+02 23 22.2",39.84,4.47,25.1004,23,-302.98,\N,\N,10.741596648758303,0.2446667255421513,\N,\N,-0.011,\N
54513,\N,\N,11.22,167.30181297,-4.60671132,"11 09 12.44","-04 36 24.2",39.87,2.45,25.0815,-331.11,-104.93,\N,\N,9.223231178311972,0.13360468965784644,\N,\N,1.446,\N
21492,\N,\N,12.35,69.24295431,59.36696523,"04 36 58.31","+59 22 01.1",39.88,5.06,25.0752,124.2,-139.2,\N,\N,10.353775748198093,0.2770107532544941,\N,\N,\N,\N
45116,\N,\N,10.94,137.87963821,46.61716909,"09 11 31.11","+46 37 01.8",39.89,2.32,25.0689,-352.8,-39.95,\N,\N,8.944320181549198,0.12643539272755788,\N,\N,1.402,\N
74261,\N,\N,10.63,227.64986131,-42.97627919,"15 10 35.97","-42 58 34.6",39.99,2.41,25.0063,-324.71,-291.36,\N,\N,8.63975702066761,0.1310227020705641,\N,\N,1.406,\N
114066,\N,\N,10.87,346.51923273,63.92635285,"23 06 04.62","+63 55 34.9",40.09,1.48,24.9439,171.01,-58.48,\N,\N,8.885180281252609,0.08020055720541475,\N,\N,1.44,\N
15973,\N,\N,11.26,51.41432881,-42.98635674,"03 25 39.44","-42 59 10.9",40.18,1.9,24.888,322.7,-131.59,\N,\N,9.280049662061153,0.1027595051021919,\N,\N,1.439,\N
66578,\N,\N,12.79,204.71321916,70.28551338,"13 38 51.17","+70 17 07.8",40.33,2.89,24.7954,-403.8,-26.15,\N,\N,10.818141110038093,0.1558723062028875,\N,\N,-0.112,\N
10688,\N,\N,11.48,34.39039667,-53.98996844,"02 17 33.70","-53 59 23.9",40.4,2.95,24.7525,463.81,390.34,\N,\N,9.511906825553027,0.15884319944185954,\N,\N,1.446,\N
8190,\N,\N,11.42,26.32451293,46.53498099,"01 45 17.88","+46 32 05.9",40.43,2.67,24.7341,395.17,214.82,\N,\N,9.453518706668374,0.14361321133675098,\N,\N,1.33,\N
113201,\N,\N,11.6,343.86276157,-52.30234371,"22 55 27.06","-52 18 08.4",40.44,3.02,24.728,140.02,-116.79,\N,\N,9.63405573459482,0.16246484705128772,\N,\N,1.653,\N
117886,\N,\N,10.8,358.69304607,-21.77482015,"23 54 46.33","-21 46 29.4",40.44,2.41,24.728,-42.92,128.48,\N,\N,8.83405573459482,0.1295612521190863,\N,\N,1.431,\N
60093,\N,\N,10.62,184.85216737,28.38217879,"12 19 24.52","+28 22 55.8",40.58,1.94,24.6427,-650.02,76.33,\N,\N,8.661560213486634,0.1038903452695088,\N,\N,1.439,\N
44263,\N,\N,12.37,135.21031134,5.24204999,"09 00 50.47","+05 14 31.4",40.77,6.57,24.5278,-247.74,-207.77,\N,\N,10.421703557260784,0.3530053688423216,\N,\N,1.455,\N
110922,\N,\N,11.97,337.09753455,-25.90131026,"22 28 23.41","-25 54 04.7",40.81,7.66,24.5038,16.67,-340.28,\N,\N,10.023832973866353,0.412473717454918,\N,\N,\N,\N
17666,"23439",\N,7.67,56.75687379,41.43027841,"03 47 01.65","+41 25 49.0",40.83,2.24,24.4918,598.96,-1239.94,\N,\N,5.724896899614986,0.11925023297800807,\N,\N,0.796,\N
80229,\N,\N,11.82,245.67281906,-48.65438229,"16 22 41.48","-48 39 15.8",41.01,3.69,24.3843,-588.85,-483.34,\N,\N,9.884448846437424,0.19591472014368438,\N,\N,1.45,\N
6008,\N,\N,10.8,19.31461024,-13.26331464,"01 17 15.51","-13 15 47.9",41.14,2.69,24.3072,366.31,21.12,\N,\N,8.871321436793528,0.14218781629127264,\N,\N,1.447,\N
11650,\N,\N,12.79,37.569093,5.26414062,"02 30 16.58","+05 15 50.9",41.15,4.96,24.3013,71.15,-24.6,\N,\N,10.861849197741442,0.2630163477780201,\N,\N,-0.056,\N
113244,\N,\N,11.23,343.98587767,5.75574999,"22 55 56.61","+05 45 20.7",41.15,2.65,24.3013,356.62,-269.74,\N,\N,9.301849197741443,0.14003345248899635,\N,\N,1.433,\N
115058,\N,\N,10.92,349.57357828,46.28896124,"23 18 17.66","+46 17 20.3",41.19,1.87,24.2777,331.45,136.36,\N,\N,8.993958959782088,0.09865129081842561,\N,\N,1.434,\N
74815,\N,\N,11.08,229.33844896,-27.99716807,"15 17 21.23","-27 59 49.8",41.21,3.88,24.266,-64.34,5.83,\N,\N,9.155013072622939,0.20505561345066603,\N,\N,1.366,\N
1276,\N,\N,11.58,4.00847381,-48.26027238,"00 16 02.03","-48 15 37.0",41.32,3.89,24.2014,-46.25,-238.51,\N,\N,9.660801564237914,0.2050366997996811,\N,\N,1.647,\N
31126,\N,\N,10.58,97.9639012,-43.53397277,"06 31 51.34","-43 32 02.3",41.35,2.16,24.1838,-275,-27.36,\N,\N,8.662377569442828,0.11353454953653497,\N,\N,1.432,\N
111932,\N,\N,11.76,340.08783535,7.90175333,"22 40 21.08","+07 54 06.3",41.53,20,24.079,187.1,-177.12,\N,\N,9.851809655549392,1.1401072131613539,\N,\N,1.433,\N
93072,\N,\N,10.67,284.3857915,-19.04663555,"18 57 32.59","-19 02 47.9",41.56,3.77,24.0616,97.63,115.16,\N,\N,8.7633776944257,0.1975220678541838,\N,\N,1.437,\N
49376,\N,\N,11.99,151.21152357,-31.09047519,"10 04 50.77","-31 05 25.7",41.59,3.13,24.0442,-259.54,-256.8,\N,\N,10.084944601824667,0.16373128743976473,\N,\N,0.938,\N
16445,\N,\N,12.26,52.94631242,14.32323236,"03 31 47.11","+14 19 23.6",41.67,9.1,23.9981,37.91,-674.56,\N,\N,10.359117502286391,0.48197351209933004,\N,\N,1.55,\N
4443,\N,\N,11.13,14.21060461,-11.58825278,"00 56 50.55","-11 35 17.7",41.73,2.29,23.9636,-201.75,-239.76,\N,\N,9.232241923558544,0.11928282987038852,\N,\N,1.43,\N
24472,\N,\N,11.54,78.78286215,-7.34575425,"05 15 07.89","-07 20 44.7",41.94,3.43,23.8436,262.63,-431.62,\N,\N,9.653142130646625,0.17798815160821402,\N,\N,1.52,\N
98066,"188376",\N,4.7,298.95927101,-26.29968718,"19 55 50.23","-26 17 58.9",42.03,0.94,23.7925,203.96,74.4,\N,\N,2.8177969500271853,0.04857303105508004,\N,\N,0.748,\N
18115,\N,\N,11.44,58.09537918,-22.88297082,"03 52 22.89","-22 52 58.7",42.09,6.17,23.7586,438.11,197.4,\N,\N,9.560894628740115,0.32062747394375,\N,\N,1.523,\N
112312,\N,\N,11.7,341.24098947,-33.25018399,"22 44 57.84","-33 15 00.7",42.35,3.37,23.6128,183.12,-118.87,\N,\N,9.834267073333628,0.1731609673541028,\N,\N,1.3,\N
10529,\N,\N,9.91,33.91876882,67.67781871,"02 15 40.50","+67 40 40.1",42.46,2.51,23.5516,515.14,-318.06,\N,\N,8.0498999491499,0.12851525979482936,\N,\N,0.461,\N
85126,\N,\N,11.64,260.95559928,-32.25302066,"17 23 49.34","-32 15 10.9",42.5,4.11,23.5294,-169.15,-615.79,\N,\N,9.781944650251559,0.21065247703795187,\N,\N,1.47,\N
112388,\N,\N,11.98,341.44229183,1.68984483,"22 45 46.15","+01 41 23.4",42.55,4.25,23.5018,201.89,-46.31,\N,\N,10.124497822103034,0.21761769776375406,\N,\N,1.459,\N
12886,\N,\N,10.8,41.41391698,44.94906212,"02 45 39.34","+44 56 56.6",42.59,2.21,23.4797,409.77,-125.87,\N,\N,8.946538200368746,0.1127792484763086,\N,\N,\N,\N
4189,\N,\N,11.92,13.34933515,-41.23799485,"00 53 23.84","-41 14 16.8",42.61,15.51,23.4687,14.99,-198.96,\N,\N,10.06755767100227,0.8283907868789449,\N,\N,1.49,\N
1386,\N,\N,11.54,4.33275961,29.18196397,"00 17 19.86","+29 10 55.1",42.65,2.77,23.4467,691.13,428.92,\N,\N,9.68959517751771,0.14122995061024568,\N,\N,1.505,\N
15360,\N,\N,11.01,49.51707787,-30.40248055,"03 18 04.10","-30 24 08.9",42.72,2.53,23.4082,-174.38,-327.09,\N,\N,9.1631562201025,0.12875144337296796,\N,\N,1.451,\N
6365,\N,\N,11.48,20.43952009,-46.71418505,"01 21 45.48","-46 42 51.1",42.73,3.53,23.4028,-115.92,-79.79,\N,\N,9.633664464085982,0.17979890353535755,\N,\N,1.627,\N
738,\N,\N,11.73,2.266269,-27.12235235,"00 09 03.90","-27 07 20.5",42.82,2.61,23.3536,696.09,87.88,\N,\N,9.8882333147921,0.13252165927928683,\N,\N,1.493,\N
89490,"348274",\N,10.84,273.93172764,18.93980767,"18 15 43.61","+18 56 23.3",43.1,2.18,23.2019,-37.29,-429.37,\N,\N,9.01238635080366,0.10992698285023206,\N,\N,1.5,\N
63882,\N,\N,11.74,196.37541923,37.13677988,"13 05 30.10","+37 08 12.4",43.18,6.95,23.1589,-303.82,-202.49,\N,\N,9.91641318999106,0.3525734264462921,\N,\N,1.637,\N
67795,\N,\N,12.51,208.30948996,-38.34974431,"13 53 14.28","-38 20 59.1",43.23,5.22,23.1321,-385.54,15.3,\N,\N,10.688926177668261,0.26348977945920016,\N,\N,1.5,\N
20222,\N,\N,11.46,64.99806964,36.48758798,"04 19 59.54","+36 29 15.3",43.27,7.18,23.1107,213.95,-454.71,\N,\N,9.640934475993625,0.3636857212835558,\N,\N,1.45,\N
60970,\N,\N,11.91,187.47891094,36.44537349,"12 29 54.94","+36 26 43.3",43.42,3.62,23.0309,142,-138.54,\N,\N,10.098449095592008,0.18146060248598594,\N,\N,0.8,\N
101574,\N,\N,12.14,308.78125264,-51.1477873,"20 35 07.50","-51 08 52.0",43.51,8.83,22.9832,98.02,-27.34,\N,\N,10.332945416463586,0.44688657374922336,\N,\N,1.44,\N
55031,\N,\N,12.3,168.98525455,-48.69069347,"11 15 56.46","-48 41 26.5",43.57,35.81,22.9516,-69.26,-29.45,\N,\N,10.49593779967877,2.5246234332823905,\N,\N,\N,\N
104137,\N,\N,12.13,316.48462631,4.42842441,"21 05 56.31","+04 25 42.3",43.63,4.58,22.92,135.46,-169.87,\N,\N,10.328926064934102,0.22879023317421954,\N,\N,1.548,\N
3143,\N,\N,11.41,9.99346024,-44.25267874,"00 39 58.43","-44 15 09.6",43.64,2.59,22.9148,482.8,-222.01,\N,\N,9.609423709581522,0.12902682995655557,\N,\N,1.476,\N
56284,\N,\N,11.45,173.07873348,-16.96813919,"11 32 18.90","-16 58 05.3",43.66,2.55,22.9043,169.71,-234,\N,\N,9.650418656865602,0.12697122934588823,\N,\N,1.474,\N
88976,\N,\N,11.38,272.41951352,31.86975819,"18 09 40.68","+31 52 11.1",43.68,7.73,22.8938,54.4,190.54,\N,\N,9.581413148483403,0.38837177287033064,\N,\N,\N,\N
79551,\N,\N,12.23,243.48522252,33.77361984,"16 13 56.45","+33 46 25.0",43.82,5.69,22.8206,-263.04,-82.85,\N,\N,10.438361866123433,0.2835653026445337,\N,\N,\N,\N
96121,\N,\N,10.42,293.15745654,0.57745578,"19 32 37.79","+00 34 38.8",43.86,1.92,22.7998,219.74,23.23,\N,\N,8.630343136707522,0.09511840552299855,\N,\N,1.406,\N
33805,\N,\N,10.93,105.27659697,59.83325319,"07 01 06.38","+59 49 59.7",43.88,2.21,22.7894,-166.28,9.97,\N,\N,9.141333094513369,0.10945801916810627,\N,\N,1.476,\N
109670,\N,\N,11.48,333.24839767,-47.38618788,"22 12 59.62","-47 23 10.3",44.2,16.43,22.6244,117.12,-87.9,\N,\N,9.70711134674546,0.8477792212117716,\N,\N,0.66,\N
56936,\N,\N,12.2,175.08296376,67.26666675,"11 40 19.91","+67 16 00.0",44.28,2.83,22.5836,262.62,-3157.21,\N,\N,10.431038061033426,0.1389714233798527,\N,\N,1.447,\N
59750,"106516",\N,6.11,183.79391146,-10.30993958,"12 15 10.54","-10 18 35.8",44.34,1.01,22.553,31.97,-1012.44,\N,\N,4.343978443892347,0.049471505904347346,\N,\N,0.47,\N
9749,\N,\N,10.88,31.34762968,-28.07075687,"02 05 23.43","-28 04 14.7",44.37,1.97,22.5378,340.02,422.12,\N,\N,9.115447143582777,0.09647543215306076,\N,\N,1.4,\N
32313,\N,\N,10.92,101.19132778,71.88896431,"06 44 45.92","+71 53 20.3",44.43,4.88,22.5073,-118.98,-549.44,\N,\N,9.158381566204355,0.23947128674360574,\N,\N,1.364,\N
72981,\N,\N,11.28,223.72362192,9.94445916,"14 54 53.67","+09 56 40.1",44.46,2.6,22.4921,-317.19,-398.95,\N,\N,9.51984729181486,0.12713174709333686,\N,\N,1.377,\N
27111,"247168",\N,11.35,86.23652511,9.24379111,"05 44 56.77","+09 14 37.6",44.67,14.98,22.3864,38.91,-703.76,\N,\N,9.600079762359195,0.7575006260257906,\N,\N,0.699,\N
1322,\N,\N,12.38,4.15113229,-50.26967557,"00 16 36.27","-50 16 10.8",44.82,3.44,22.3115,330.89,273.61,\N,\N,10.637359260995211,0.1669920781076275,\N,\N,1.53,\N
109537,\N,\N,11.11,332.82130935,41.01466674,"22 11 17.11","+41 00 52.8",44.84,3.24,22.3015,-207.31,231.37,\N,\N,9.368328019614678,0.15717782091985022,\N,\N,1.46,\N
49526,\N,\N,11.32,151.68346415,41.71563375,"10 06 44.03","+41 42 56.3",45.04,2.56,22.2025,-272.32,-414.55,\N,\N,9.587991909216449,0.12355611161770064,\N,\N,1.492,\N
6097,\N,\N,11.78,19.56627324,-12.89818577,"01 18 15.91","-12 53 53.5",45.22,3.65,22.1141,174.4,-679.14,\N,\N,10.056652790046705,0.1756557863048922,\N,\N,1.44,\N
5215,\N,\N,11.45,16.67323507,15.27341418,"01 06 41.58","+15 16 24.3",45.24,2.56,22.1043,-112.05,-253.67,\N,\N,9.727612981267088,0.1230087146492167,\N,\N,1.473,\N
80817,\N,\N,12.27,247.55578792,-14.66329215,"16 30 13.39","-14 39 47.9",45.35,5.06,22.0507,-494.66,-205.17,\N,\N,10.55288645698057,0.24329857512443098,\N,\N,1.474,\N
110980,\N,\N,10.51,337.27432832,1.66385679,"22 29 05.84","+01 39 49.9",45.69,1.92,21.8866,44.84,-196.61,\N,\N,8.809105790278526,0.0913040871534907,\N,\N,1.431,\N
114252,\N,\N,10.87,347.08119329,-15.40988872,"23 08 19.49","-15 24 35.6",45.75,2.6,21.8579,101.59,-24.15,\N,\N,9.171955492012335,0.12353919591947982,\N,\N,1.397,\N
14589,\N,\N,10.86,47.10218246,-24.17280917,"03 08 24.52","-24 10 22.1",45.83,11.06,21.8198,7.55,-161.97,\N,\N,9.165749286223935,0.5345781077112832,\N,\N,\N,\N
108890,\N,\N,12.09,330.86172081,-50.64277735,"22 03 26.81","-50 38 34.0",45.87,8.09,21.8007,351.3,-485.99,\N,\N,10.397643700659913,0.3870249685351297,\N,\N,1.57,\N
96702,\N,\N,10.94,294.88843753,71.87306594,"19 39 33.23","+71 52 23.0",45.88,1.29,21.796,-190.42,-443.71,\N,\N,9.24811704614615,0.06107100974023538,\N,\N,1.48,\N
90265,"336187",\N,10.85,276.27008362,24.63566838,"18 25 04.82","+24 38 08.4",45.91,1.83,21.7817,-41.47,-447.06,\N,\N,9.159536463830104,0.08660207206751824,\N,\N,1.605,\N
88118,\N,\N,12.05,269.95662066,-57.76889782,"17 59 49.59","-57 46 08.0",45.99,18.45,21.7439,-33.99,-24.11,\N,\N,10.36331704787019,0.9229789895656895,\N,\N,\N,\N
41802,\N,\N,11.19,127.84111183,-6.03369607,"08 31 21.87","-06 02 01.3",46.02,6.28,21.7297,-470.79,-48.21,\N,\N,9.504733071663125,0.2981845652336945,\N,\N,1.387,\N
64880,\N,\N,11.28,199.49353344,36.29995254,"13 17 58.45","+36 17 59.8",46.25,2.12,21.6216,-71.56,-336.95,\N,\N,9.605558685375259,0.0996053998531563,\N,\N,1.356,\N
19948,\N,\N,10.91,64.17383394,-12.55691853,"04 16 41.72","-12 33 24.9",47.05,6.24,21.254,-74.96,211.24,\N,\N,9.27279813881638,0.2896978136691022,\N,\N,1.512,\N
84212,\N,\N,11.61,258.21317676,-5.12368193,"17 12 51.16","-05 07 25.3",47.05,3.27,21.254,189.07,-695.06,\N,\N,9.97279813881638,0.15116218801324877,\N,\N,1.49,\N
102207,\N,\N,12.38,310.64387351,-20.07641421,"20 42 34.53","-20 04 35.1",47.39,4.04,21.1015,354.56,-97.85,\N,\N,10.758433543497006,0.18556855627215274,\N,\N,-0.199,\N
2762,"3196",\N,5.2,8.8110039,-3.59275785,"00 35 14.64","-03 35 33.9",47.51,1.15,21.0482,407.68,-36.47,\N,\N,3.583925152096027,0.05257169325810329,\N,\N,0.567,\N
14165,\N,\N,11.77,45.65752681,-18.1667224,"03 02 37.81","-18 10 00.2",47.81,3.85,20.9161,401.06,163.22,\N,\N,10.167593718478948,0.17524179521461392,\N,\N,1.501,\N
30365,\N,\N,11.21,95.79438197,8.90720423,"06 23 10.65","+08 54 25.9",48.08,13.63,20.7987,206.42,88.35,\N,\N,9.619822294973417,0.6329158004268542,\N,\N,\N,\N
115126,"219834",\N,5.2,349.77712113,-13.45844256,"23 19 06.51","-13 27 30.4",48.22,5.25,20.7383,265.64,-44.87,\N,\N,3.6161360302071746,0.23736207604109305,\N,\N,0.787,\N
54966,\N,\N,9.97,168.83622206,-18.1433214,"11 15 20.69","-18 08 36.0",48.47,15.62,20.6313,319.28,-708.04,\N,\N,8.397365098613797,0.7256372442206684,\N,\N,1.34,\N
15439,\N,\N,11.84,49.7431538,-36.39265929,"03 18 58.36","-36 23 33.6",48.81,2.61,20.4876,-162.28,-125.25,\N,\N,10.282544038282607,0.11622524187679151,\N,\N,1.54,\N
5896,"7788",\N,4.25,18.93956391,-68.87623708,"01 15 45.50","-68 52 34.5",48.94,0.53,20.4332,411.11,127.43,\N,8.439,2.698319825078853,0.023517069308228944,6.887319825078853,0.023517069308228944,0.48,\N
57459,\N,\N,11.68,176.6770235,-14.01247378,"11 46 42.49","-14 00 44.9",48.95,3,20.429,713.78,-786.47,\N,\N,10.128763480695783,0.13325009042766567,\N,\N,1.478,\N
113602,\N,\N,11.56,345.13866696,-23.95202473,"23 00 33.28","-23 57 07.3",49.15,3.03,20.3459,190.23,-345.1,\N,\N,10.01761761084077,0.13403694035385172,\N,\N,1.526,\N
57361,\N,\N,11.79,176.39308155,-20.35362627,"11 45 34.34","-20 21 13.1",49.63,3.55,20.1491,160.5,75.21,\N,\N,10.268721375986617,0.15558965645098155,\N,\N,1.482,\N
82396,"151680",\N,2.29,252.54268738,-34.29260982,"16 50 10.24","-34 17 33.4",49.85,0.81,20.0602,-611.83,-255.87,\N,\N,0.7783258132383732,0.03528680986042687,\N,\N,1.144,\N
62374,\N,\N,11.71,191.75683366,46.62666333,"12 47 01.64","+46 37 36.0",49.89,2.32,20.0441,-761.46,-297.61,\N,\N,10.20006751969591,0.10105135447703528,\N,\N,\N,\N
1295,\N,\N,11.79,4.05910638,19.86228962,"00 16 14.19","+19 51 44.2",49.91,21.56,20.0361,721.27,-753.06,\N,\N,10.280937849330611,1.003926797180604,\N,\N,1.485,\N
94368,\N,\N,11.31,288.10644051,-55.86837187,"19 12 25.55","-55 52 06.1",50.04,2.72,19.984,-278.15,-169.46,\N,\N,9.80658650510691,0.11815012729608743,\N,\N,1.45,\N
1720,\N,\N,12.21,5.40633478,-46.09173618,"00 21 37.52","-46 05 30.3",50.1,3.98,19.9601,-301.15,-359.54,\N,\N,10.709188629336229,0.17286846077729567,\N,\N,1.537,\N
105336,\N,\N,10.9,320.04356389,-67.65177667,"21 20 10.46","-67 39 06.4",50.15,3.31,19.9402,-429.14,87.68,\N,\N,9.401354686782184,0.1435301700504823,\N,\N,1.45,\N
102235,\N,\N,10.8,310.73658394,-18.91626852,"20 42 56.78","-18 54 58.6",50.17,13.14,19.9322,605.85,-858.8,\N,\N,9.30222050513876,0.5822965036800714,\N,\N,1.45,\N
67620,"120690",\N,6.43,207.83625055,-24.38977243,"13 51 20.70","-24 23 23.2",50.2,0.85,19.9203,-580.93,-244.87,\N,\N,4.933518585725097,0.03677147354318411,\N,\N,0.703,\N
10072,\N,\N,11.78,32.39926138,-14.35821908,"02 09 35.82","-14 21 29.6",50.34,3.34,19.8649,518.62,-353,\N,\N,10.289566056061721,0.14428662306304574,\N,\N,1.517,\N
15844,\N,\N,10.38,51.0264225,23.78534067,"03 24 06.34","+23 47 07.2",50.54,4.66,19.7863,217.18,-129.17,\N,\N,8.898176187919482,0.20078917124992213,\N,\N,1.51,\N
109812,\N,\N,10.33,333.63147589,27.85389824,"22 14 31.55","+27 51 14.0",50.56,1.68,19.7785,-216.18,533.3,\N,\N,8.849035326371643,0.0721799275812991,\N,\N,1.426,\N
35495,\N,\N,10.06,109.87910788,32.83093125,"07 19 30.99","+32 49 51.4",50.59,2.45,19.7668,433.19,-345.22,\N,\N,8.580323397042838,0.1052435736442634,\N,\N,1.42,\N
86707,\N,\N,10.68,265.75278347,5.78947598,"17 43 00.67","+05 47 22.1",50.8,3.38,19.685,225.71,-60.54,\N,\N,9.209318561419597,0.14469362763744975,\N,\N,1.507,\N
36215,\N,\N,11.25,111.86990214,22.04422148,"07 27 28.78","+22 02 39.2",50.93,2.71,19.6348,-264.03,-143.72,\N,\N,9.78486838088089,0.11565390784531626,\N,\N,1.495,\N
81655,\N,\N,11.45,250.20414758,36.31626548,"16 40 49.00","+36 18 58.6",51.88,4.66,19.2753,-140.17,179.29,\N,\N,10.024999837060212,0.1955745535269804,\N,\N,\N,\N
94557,\N,\N,11.56,288.66474349,19.31664395,"19 14 39.54","+19 18 59.9",52.45,2.75,19.0658,-617.43,434.84,\N,\N,10.158727462647882,0.11395672248966715,\N,\N,1.5,\N
84277,\N,\N,12,258.41968314,-8.41977523,"17 13 40.72","-08 25 11.2",52.76,4.18,18.9538,-422.77,-409.97,\N,\N,10.61152393437164,0.17239988085456126,\N,\N,1.548,\N
112800,\N,\N,11.72,342.65460662,34.85529109,"22 50 37.11","+34 51 19.0",52.82,3.04,18.9322,843.72,315.16,\N,\N,10.333991984354526,0.12511509773103047,\N,\N,1.523,\N
7646,\N,\N,11.6,24.62349663,0.65118329,"01 38 29.64","+00 39 04.3",52.95,2.92,18.8857,512.97,162.07,\N,\N,10.21932982221752,0.11987042119188729,\N,\N,1.496,\N
84084,\N,\N,12.25,257.85253534,-38.40958029,"17 11 24.61","-38 24 34.5",54.25,56.24,18.4332,101.97,31.97,\N,\N,10.921998712602836,\N,\N,\N,\N,\N
42881,\N,\N,10.65,131.09582438,-44.4727867,"08 44 23.00","-44 28 22.0",54.68,3.89,18.2882,137.83,104.33,\N,\N,9.339142529478924,0.1547425279984065,\N,\N,1.432,\N
1734,\N,\N,11.16,5.48333925,-31.40558641,"00 21 56.00","-31 24 20.1",54.91,2.19,18.2116,61.82,-200.07,\N,\N,9.858257218546886,0.0866517666497364,\N,\N,1.485,\N
43510,\N,\N,11.54,132.93476871,18.12510546,"08 51 44.34","+18 07 30.4",55.46,3.5,18.031,-897.6,-55.17,\N,\N,10.259899326209215,0.1372208311250116,\N,\N,1.481,\N
65877,\N,\N,12.31,202.55955416,-8.57370307,"13 30 14.29","-08 34 25.3",55.5,3.77,18.018,-1107.17,-475.43,\N,\N,11.03146491561338,0.1477311220748394,\N,\N,0.026,\N
55848,"99492",\N,7.58,171.69459817,3.00586353,"11 26 46.70","+03 00 21.1",55.59,3.31,17.9888,-730.15,191.17,\N,\N,6.304983370192801,0.1294492896964874,\N,\N,1.002,\N
1696,\N,\N,10.41,5.33150549,-45.74443728,"00 21 19.56","-45 44 40.0",55.68,2.02,17.9598,70.29,-815.44,\N,\N,9.138496133012529,0.07881286204952787,\N,\N,1.475,\N
93825,"177474",\N,4.23,286.60433158,-37.06275714,"19 06 25.04","-37 03 45.9",55.89,1.94,17.8923,96.93,-279.67,\N,\N,2.9666705480795263,0.07540435821166325,\N,\N,0.523,\N
56466,\N,\N,11.16,173.65977286,-23.8701581,"11 34 38.35","-23 52 12.6",56.35,2.06,17.7462,-605.74,-295.99,\N,\N,9.914469601910628,0.07941841146003537,\N,\N,1.505,\N
7170,\N,\N,11.16,23.11071865,-21.90296705,"01 32 26.57","-21 54 10.7",56.42,2.12,17.7242,-588.41,-888.25,\N,\N,9.917165409096738,0.08163222127231506,\N,\N,1.492,\N
34392,\N,\N,11.17,106.96195688,67.20141656,"07 07 50.87","+67 12 05.1",56.51,2.19,17.696,-290,-43.59,\N,\N,9.930626536489495,0.08419584993792206,\N,\N,1.499,\N
111571,"214100",\N,9.98,339.04021314,-0.84015099,"22 36 09.65","-00 50 24.5",57.04,1.77,17.5316,48.76,-630,\N,\N,8.760897584219046,0.06740428705065593,\N,\N,1.411,\N
53947,\N,\N,11.35,165.57518647,16.50970179,"11 02 18.04","+16 30 34.9",57.46,25.52,17.4034,-12.81,-186.07,\N,\N,10.146828108279646,1.0365962967262252,\N,\N,1.6,\N
84893,"156897",\N,4.39,260.25087615,-21.11243499,"17 21 00.21","-21 06 44.8",57.48,0.93,17.3974,262.01,-204.74,\N,\N,3.187583797310941,0.03513649244555017,\N,\N,0.394,\N
14731,\N,\N,11.82,47.56476606,5.91011097,"03 10 15.54","+05 54 36.4",57.53,4.24,17.3822,-128.26,-551.33,\N,\N,10.619471870127498,0.16032970274195524,\N,\N,1.5,\N
17743,\N,\N,11.05,56.99303501,2.78885403,"03 47 58.33","+02 47 19.9",57.59,2.56,17.3641,-386.87,-431.31,\N,\N,9.851735392649534,0.09659029716176715,\N,\N,1.495,\N
15366,"275122",\N,10.29,49.52978849,38.25345803,"03 18 07.15","+38 15 12.4",57.75,2.19,17.316,443.77,-570.41,\N,\N,9.097759942820911,0.082386253860121,\N,\N,1.449,\N
77514,\N,\N,12.84,237.40258187,51.04852013,"15 49 36.62","+51 02 54.7",57.78,3.37,17.307,-366.65,277.03,\N,\N,11.648887687540892,0.12679433866599954,\N,\N,2.2,\N
117966,\N,\N,11.14,358.91691017,-6.14162219,"23 55 40.06","-06 08 29.8",57.97,11.8,17.2503,-476.09,-391.03,\N,\N,9.95601650185386,0.4482721210700067,\N,\N,1.465,\N
118200,\N,\N,11.78,359.63583351,7.65940573,"23 58 32.60","+07 39 33.9",58.62,2.92,17.059,78.85,-312.68,\N,\N,10.620229070512085,0.10825574184427733,\N,\N,1.5,\N
54658,\N,\N,10.92,167.83326608,43.41841593,"11 11 19.98","+43 25 06.3",59.01,3.92,16.9463,-633.95,-443.77,\N,\N,9.774628073194997,0.14446239843541075,\N,\N,1.632,\N
66182,\N,\N,12.96,203.46586742,-53.43178743,"13 33 51.81","-53 25 54.4",59.1,114.46,16.9205,219.59,-150.35,\N,\N,11.817937404406278,\N,\N,\N,\N,\N
53953,\N,\N,11.64,165.58049645,16.50864841,"11 02 19.32","+16 30 31.1",59.31,12.56,16.8606,-32.62,-183.41,\N,\N,10.505639620166676,0.4669150741205286,\N,\N,1.454,\N
80268,\N,\N,10.23,245.78276639,-24.70813989,"16 23 07.86","-24 42 29.3",59.46,2.05,16.818,-346.54,-676.58,\N,\N,9.101124524344597,0.0748954503903212,\N,\N,1.458,\N
117059,\N,\N,13.11,355.96196546,32.54646133,"23 43 50.87","+32 32 47.3",60.11,11.58,16.6362,-218.02,-70.23,\N,\N,12.004733639843083,0.4236207226768762,\N,\N,1.55,\N
82099,\N,\N,11.74,251.55815985,16.47914545,"16 46 13.96","+16 28 44.9",60.34,3.39,16.5728,-344.3,-464.94,\N,\N,10.643026529194847,0.12212547516186589,\N,\N,2.4,\N
108752,\N,\N,10.65,330.45336272,16.4670778,"22 01 48.81","+16 28 01.5",60.94,2.14,16.4096,392.28,154,\N,\N,9.574512249433276,0.07628589645181627,\N,\N,1.498,\N
81018,\N,\N,12.13,248.19020337,12.61310688,"16 32 45.65","+12 36 47.2",61.08,5.13,16.372,-766.82,-139.2,\N,\N,11.059495141921918,0.18280874254237123,\N,\N,1.47,\N
4927,\N,\N,11.36,15.80724267,20.09773584,"01 03 13.74","+20 05 51.8",61.23,5.26,16.3319,671.78,44.46,\N,\N,10.294821297178665,0.18700256511165136,\N,\N,1.59,\N
65520,\N,\N,11.04,201.45477509,-28.37373355,"13 25 49.15","-28 22 25.4",61.5,2.29,16.2602,-451.52,-105.12,\N,\N,9.984375578877085,0.08089385267115023,\N,\N,1.522,\N
105932,\N,\N,11.09,321.8201662,-6.84330192,"21 27 16.84","-06 50 35.9",61.57,2.61,16.2417,24.98,-403.33,\N,\N,10.03684576795741,0.09210559477122526,\N,\N,1.5,\N
110526,\N,\N,10.7,335.87051591,32.45993621,"22 23 28.92","+32 27 35.8",62.18,10.01,16.0823,251.26,-207.57,\N,\N,9.668253588535865,0.35264051272741526,\N,\N,1.57,\N
110400,\N,\N,12.11,335.42922717,-65.52618602,"22 21 43.01","-65 31 34.3",62.4,3.67,16.0256,-72.18,148.85,\N,\N,11.08592294841212,0.12786076491340204,\N,\N,1.653,\N
8709,\N,\N,12.44,28.01232553,47.00155059,"01 52 02.96","+47 00 05.6",63.08,3.79,15.8529,1.23,124.11,\N,\N,11.439458423284329,0.13062468213734135,\N,\N,0.17,\N
98906,\N,\N,11.98,301.26398477,54.43642895,"20 05 03.36","+54 26 11.1",63.23,6.44,15.8153,-1165.35,-899.95,\N,\N,10.984615909066092,0.22193485462777485,\N,\N,1.524,\N
36850,"60179",\N,1.58,113.65001898,31.88863645,"07 34 36.00","+31 53 19.1",63.27,1.23,15.8053,-206.33,-148.18,\N,\N,0.5859891722957453,0.04221981373425088,\N,\N,0.034,\N
48477,\N,\N,10.53,148.29933992,-3.68899298,"09 53 11.84","-03 41 20.4",63.81,1.84,15.6715,-103.34,-460.01,\N,\N,9.554443723111957,0.06263308568954873,\N,\N,1.503,\N
114233,\N,\N,10.9,347.02781318,3.32836789,"23 08 06.68","+03 19 42.1",63.85,2.04,15.6617,492.52,254.78,\N,\N,9.92580450799717,0.06940190988927775,\N,\N,1.49,\N
77349,\N,\N,11.27,236.85350085,-10.89563601,"15 47 24.84","-10 53 44.3",64.16,2.49,15.586,-326.12,-356.06,\N,\N,10.306321776380535,0.08431551330893328,\N,\N,1.565,\N
42762,\N,\N,11.83,130.71706848,9.5545968,"08 42 52.10","+09 33 16.5",64.56,3.92,15.4895,223.69,-616.13,\N,\N,10.879817608570068,0.13201139761274927,\N,\N,1.55,\N
69578,\N,\N,12.1,213.62812474,-61.79940836,"14 14 30.75","-61 47 57.9",64.68,46.97,15.4607,-14.12,-16.11,\N,\N,11.15385005617182,1.999100415543455,\N,\N,\N,\N
34104,\N,\N,10.95,106.07408227,-10.50682727,"07 04 17.78","-10 30 24.6",64.96,2.74,15.3941,-118.4,-817.34,\N,\N,10.013230081165595,0.0916466547811492,\N,\N,1.535,\N
99438,\N,\N,12.18,302.73782769,-30.21790202,"20 10 57.08","-30 13 04.4",65.06,3.85,15.3704,-345.6,-250.49,\N,\N,11.246570294729175,0.12864967603875233,\N,\N,0.07,\N
56662,\N,\N,12.49,174.2716818,29.79955309,"11 37 05.20","+29 47 58.4",65.28,3.61,15.3186,-146.9,-5.91,\N,\N,11.563900728729022,0.12020559081460735,\N,\N,-0.072,\N
108159,\N,\N,11.99,328.6899285,-46.99184596,"21 54 45.58","-46 59 30.6",66.12,3.51,15.124,-311.69,-365.58,\N,\N,11.091664224497048,0.11538172847615868,\N,\N,1.56,\N
19394,\N,\N,11.79,62.3110205,-53.37511256,"04 09 14.64","-53 22 30.4",66.82,2.01,14.9656,1043.71,581.95,\N,\N,10.914532356510563,0.06533937025145597,\N,\N,1.48,\N
84521,\N,\N,11.49,259.1714384,8.0585547,"17 16 41.15","+08 03 30.8",66.92,2.86,14.9432,-280.74,-67.09,\N,\N,10.617779661451783,0.09286007696072218,\N,\N,1.517,\N
111766,\N,\N,11.5,339.61911518,-65.37811571,"22 38 28.59","-65 22 41.2",67.44,6.47,14.828,833.28,-160.26,\N,\N,10.644587808083429,0.20896751814154158,\N,\N,1.593,\N
116003,\N,\N,11.09,352.55517617,-20.39046404,"23 30 13.24","-20 23 25.7",67.57,7.83,14.7995,314.51,-208.13,\N,\N,10.238769594624877,0.2527653190041619,\N,\N,1.5,\N
35296,"57095",\N,6.7,109.37323947,-46.98066437,"07 17 29.58","-46 58 50.4",67.69,0.86,14.7732,-18.46,585.03,\N,7.437,5.852622570486292,0.027589995004595913,6.589622570486292,0.027589995004595913,0.975,\N
52190,\N,\N,11.02,159.93420037,-37.92011347,"10 39 44.21","-37 55 12.4",68.38,3.76,14.6242,189.48,-129.43,\N,\N,10.19464548230288,0.11952296075179802,\N,\N,1.529,\N
82926,\N,\N,11.18,254.20216085,-39.09365955,"16 56 48.52","-39 05 37.2",68.71,5.02,14.5539,65.79,-109.38,\N,\N,10.365099742704542,0.15893246254359283,\N,\N,1.51,\N
64241,"114378",\N,4.32,197.49812263,17.52911621,"13 09 59.55","+17 31 44.8",69.81,27.58,14.3246,-445.95,129.69,\N,\N,3.539588190031962,0.9072332110218957,\N,\N,0.455,\N
65714,\N,\N,11.23,202.08746,-2.35910065,"13 28 20.99","-02 21 32.8",70.62,2.4,14.1603,151.08,-486.61,\N,\N,10.474638566135393,0.07382528385582532,\N,\N,1.539,\N
10812,\N,\N,11.59,34.78776199,-36.77942028,"02 19 09.06","-36 46 45.9",71.56,2.99,13.9743,1394.12,549.99,\N,\N,10.863351659476677,0.09078374580909632,\N,\N,1.51,\N
109638,\N,\N,11.99,333.14950918,8.55485737,"22 12 35.88","+08 33 17.5",71.97,4.34,13.8947,116.05,-661.45,\N,\N,11.275757513437465,0.13110516532277128,\N,\N,1.553,\N
52596,\N,\N,11.22,161.31963968,-30.80692469,"10 45 16.71","-30 48 24.9",72.19,2.45,13.8523,-29.91,-233.36,\N,\N,10.512385209066704,0.07372421924621442,\N,\N,1.503,\N
66077,\N,\N,11.38,203.1851521,16.81138664,"13 32 44.44","+16 48 41.0",72.66,40.63,13.7627,252.95,-221.83,\N,\N,10.686476967633478,1.3715865953315252,\N,\N,1.54,\N
79537,"145417",\N,7.53,243.45619759,-57.56708117,"16 13 49.49","-57 34 01.5",72.75,0.82,13.7457,-853.99,-1410.79,\N,\N,6.839164988289725,0.02447673935428263,\N,\N,0.815,\N
103441,\N,\N,11.98,314.35362622,22.36324373,"20 57 24.87","+22 21 47.7",73.24,3.24,13.6537,773.07,-211.88,\N,\N,11.303741678148295,0.09612459813446694,\N,\N,1.533,\N
60910,\N,\N,11.99,187.24149764,8.42614568,"12 28 57.96","+08 25 34.1",73.77,3.67,13.5556,-634.01,-258.24,\N,\N,11.329398917291897,0.10811831583419718,\N,\N,1.668,\N
15220,\N,\N,10.53,49.05558125,58.1681699,"03 16 13.34","+58 10 05.4",74.29,6.3,13.4608,431.2,-324.95,\N,\N,9.88465179174348,0.184590286495105,\N,\N,1.43,\N
107711,\N,\N,11.52,327.29637525,-41.55787029,"21 49 11.13","-41 33 28.3",74.42,41.23,13.4372,948.19,-471.79,\N,\N,10.878448328427577,1.355345961745086,\N,\N,1.57,\N
67593,\N,\N,13.31,207.75601036,23.76362602,"13 51 01.44","+23 45 49.1",76.2,107.46,13.1234,2281.92,5369.43,\N,\N,12.719774856698002,\N,\N,\N,\N,\N
4569,\N,\N,11.77,14.61282693,-27.85630511,"00 58 27.08","-27 51 22.7",76.32,2.88,13.1027,1293.37,-298.93,\N,\N,11.183191808480192,0.0819812834907685,\N,\N,1.558,\N
76832,\N,\N,12.22,235.31124781,75.99463559,"15 41 14.70","+75 59 40.7",76.57,2.27,13.0599,777.67,-759.83,\N,\N,11.640293235469692,0.06439450461707441,\N,\N,1.65,\N
60444,\N,\N,11.19,185.88679784,67.18861012,"12 23 32.83","+67 11 19.0",77.01,5.72,12.9853,236.96,-121.73,\N,\N,10.62273561695553,0.16158602403596234,\N,\N,\N,\N
24608,"34029",\N,0.08,79.17206517,45.99902927,"05 16 41.30","+45 59 56.5",77.29,0.89,12.9383,75.52,-427.13,\N,\N,-0.479383463510457,0.025005768801346306,\N,\N,0.795,\N
95326,\N,\N,12.39,290.91222473,-39.18916047,"19 23 38.93","-39 11 21.0",77.71,57.93,12.8684,101.74,-21.62,\N,\N,11.842384544800854,2.09040373461222,\N,\N,\N,\N
41824,\N,\N,11.9,127.9071697,19.39451047,"08 31 37.72","+19 23 40.2",78.05,5.69,12.8123,-229.48,-87.35,\N,\N,11.36186453699218,0.1585859959185889,\N,\N,1.85,\N
16134,"21531",\N,8.39,51.96697135,-19.80522105,"03 27 52.07","-19 48 18.8",79.26,2.25,12.6167,537.17,303.87,\N,\N,7.885270339990855,0.061659424366119264,\N,\N,1.337,\N
171,"224930",\N,5.8,0.54018776,27.08448905,"00 02 09.65","+27 05 04.2",80.63,3.03,12.4023,778.59,-918.72,\N,\N,5.332483298996765,0.08164034746605742,\N,\N,0.69,\N
84790,\N,\N,11.37,259.96871107,41.71582141,"17 19 52.49","+41 42 57.0",80.98,1.77,12.3487,285.5,-822.44,\N,\N,10.911888862161975,0.04746997289482646,\N,\N,1.56,\N
49969,\N,\N,10.64,153.01828324,-2.68327061,"10 12 04.39","-02 40 59.8",81.23,2.37,12.3107,521.57,-601.35,\N,\N,10.188582266171725,0.06337376175453002,\N,\N,1.566,\N
22627,\N,\N,11.94,73.02350646,6.47729317,"04 52 05.64","+06 28 38.3",82.52,3.99,12.1183,146.09,-310.14,\N,\N,11.522796096505571,0.10507678641276463,\N,\N,1.59,\N
3937,\N,\N,12.01,12.63797991,24.81682158,"00 50 33.12","+24 49 00.6",83.2,9.08,12.0192,198.46,-41.74,\N,\N,11.610616631453622,0.2379304380054883,\N,\N,\N,\N
107556,"207098",\N,2.85,326.75952199,-16.12656595,"21 47 02.29","-16 07 35.6",84.58,0.88,11.8231,263.26,-296.23,\N,\N,2.4863384040544085,0.022593576219793743,\N,\N,0.18,\N
98681,\N,\N,9.92,300.64939243,-50.04937722,"20 02 35.85","-50 02 57.8",84.75,11.17,11.7994,334.48,-311.41,\N,\N,9.5606985343756,0.2878734664892093,\N,\N,\N,\N
21000,\N,\N,9.83,67.55216585,5.29852669,"04 30 12.52","+05 17 54.7",84.76,4.74,11.798,106.9,119.86,\N,\N,9.470954740193786,0.12156122068233444,\N,\N,0.6,\N
47650,\N,\N,11.19,145.72030897,70.04005591,"09 42 52.87","+70 02 24.2",86.69,2.24,11.5354,-668.7,-263.78,\N,\N,10.879845014757265,0.05612159602159039,\N,\N,1.488,\N
48659,\N,\N,12.04,148.84970832,-27.26093136,"09 55 23.93","-27 15 39.4",87.26,3.1,11.46,-103.67,-154.24,\N,\N,11.744076043254005,0.07717623859665412,\N,\N,1.635,\N
97241,\N,\N,10.61,296.45614527,32.38665088,"19 45 49.47","+32 23 11.9",87.57,4.8,11.4194,387.66,193.87,\N,\N,10.321776748538383,0.11914497106003097,\N,\N,\N,\N
29052,\N,\N,11.87,91.93273415,-25.74436845,"06 07 43.86","-25 44 39.7",87.64,2.61,11.4103,-184.15,-203.97,\N,\N,11.58351184444334,0.06468757875286357,\N,\N,1.6,\N
95071,\N,\N,12.28,290.14566329,-7.6662911,"19 20 34.96","-07 39 58.6",89.08,7.16,11.2259,-54.81,-160.23,\N,\N,12.028901041810006,0.17491417675008236,\N,\N,0.07,\N
22738,\N,\N,10.73,73.37945078,-55.86048727,"04 53 31.07","-55 51 37.8",89.47,3.55,11.1769,132.86,73.93,\N,\N,10.488387186716503,0.08620516705004366,\N,\N,1.58,\N
48331,"85512",\N,7.67,147.77783557,-43.50163788,"09 51 06.68","-43 30 05.9",89.67,0.82,11.152,461.28,-472.87,\N,\N,7.433235848794717,0.01985789017964068,\N,\N,1.156,\N
70975,\N,\N,11.92,217.75585171,-12.29512776,"14 31 01.40","-12 17 42.5",89.76,3.47,11.1408,-405.22,-400.16,\N,\N,11.685414219560434,0.08398803807919197,\N,\N,1.591,\N
57050,\N,\N,11.86,175.43788953,42.7521914,"11 41 45.09","+42 45 07.9",90.66,3.03,11.0302,-579.67,-89.54,\N,\N,11.647078573613346,0.07260106814162182,\N,\N,1.503,\N
82257,\N,\N,12.24,252.10618044,59.05701864,"16 48 25.48","+59 03 25.3",91.13,2.33,10.9733,139.33,-292.09,\N,\N,12.038306851367476,0.05553202727423301,\N,\N,0.16,\N
84123,\N,\N,11.45,257.96906084,-1.85097191,"17 11 52.57","-01 51 03.5",92.58,5.11,10.8015,-534.66,-326.41,\N,\N,11.28258588223396,0.11997745769451829,\N,\N,1.6,\N
29316,\N,\N,10.41,92.72819625,10.32031841,"06 10 54.77","+10 19 13.1",92.77,4.56,10.7793,57.62,-926.7,\N,\N,10.247037782987364,0.10682225324384742,\N,\N,1.45,\N
14101,\N,\N,10.4,45.46502827,-16.59263281,"03 01 51.61","-16 35 33.5",92.97,38.04,10.7562,-361.17,-304.4,\N,\N,10.241714154794728,0.9437371190491088,\N,\N,\N,\N
115332,\N,\N,11.7,350.40740164,17.29374687,"23 21 37.78","+17 17 37.5",93.5,3.58,10.6952,-536.53,-1385.25,\N,\N,11.554058054362589,0.0831836735872784,\N,\N,1.524,\N
33142,\N,\N,11.01,103.51517922,60.87417353,"06 54 03.64","+60 52 27.0",94.02,2.18,10.636,494.25,-991.36,\N,\N,10.87610123426117,0.050357992459787226,\N,\N,1.552,\N
102141,"196982",\N,10.27,310.46238529,-32.43434165,"20 41 50.97","-32 26 03.6",97.8,4.65,10.2249,269.32,-365.69,\N,\N,10.221694273938008,0.10332275876238128,\N,\N,1.55,\N
72896,\N,\N,11.53,223.46626781,23.55551709,"14 53 51.90","+23 33 19.9",97.83,5.99,10.2218,-679.64,102.46,\N,\N,11.4823602676281,0.13312287372233023,\N,\N,\N,\N
62556,\N,\N,10.94,192.26409622,66.11044073,"12 49 03.38","+66 06 37.6",98.14,1.67,10.1895,-436.96,-106.7,\N,\N,10.899230268224484,0.036954442660547926,\N,\N,1.626,\N
50798,\N,\N,11.49,155.5828114,-47.97281127,"10 22 19.87","-47 58 22.1",98.17,79.48,10.1864,-98.49,62.53,\N,\N,11.449893954972916,2.4448897761162858,\N,\N,3.5,\N
94349,\N,\N,11.09,288.05646821,2.88766813,"19 12 13.55","+02 53 15.6",98.56,2.66,10.1461,1789.15,-520.07,\N,\N,11.058503474101752,0.05861931450526381,\N,\N,1.542,\N
2552,\N,\N,10.27,8.11171615,67.23621544,"00 32 26.81","+67 14 10.4",98.74,3.37,10.1276,1739.07,-224.63,\N,\N,10.242465614417561,0.07414123389445848,\N,\N,1.52,\N
76362,\N,\N,11.65,233.94850307,-80.20230323,"15 35 47.64","-80 12 08.3",99.9,61.26,10.01,-94.7,38.05,\N,\N,11.64782744112991,1.5505503524322108,\N,\N,\N,\N
84581,\N,\N,11.09,259.34773232,-7.87683635,"17 17 23.46","-07 52 36.6",100.89,43.18,9.9118,104.16,168.46,\N,\N,11.10924061017149,0.9933062046589827,\N,\N,\N,\N
21932,"285968",\N,9.95,70.73070762,18.96088078,"04 42 55.37","+18 57 39.2",106.16,2.51,9.4197,659.83,-1114.72,\N,\N,10.079804549281896,0.051350901576750374,\N,\N,1.523,\N
23932,\N,\N,10.28,77.14473389,-18.1686451,"05 08 34.74","-18 10 07.1",107.3,2,9.3197,503.75,-1400.17,\N,\N,10.432998609829756,0.04047947691054077,\N,\N,1.52,\N
23512,\N,\N,11.71,75.83426652,-17.3724529,"05 03 20.22","-17 22 20.8",107.86,2.95,9.2713,-226.25,-447.88,\N,\N,11.874302079760719,0.05940516961926434,\N,\N,1.661,\N
82724,\N,\N,11.85,253.63222815,-62.40023361,"16 54 31.73","-62 24 00.8",109.57,20.12,9.1266,294.47,205.48,\N,\N,12.04845830824513,0.4033153633748068,\N,\N,1.729,\N
66906,\N,\N,12.03,205.68061204,33.29182156,"13 42 43.35","+33 17 30.6",109.89,3.18,9.1,-111.47,-706.72,\N,\N,12.234790866921038,0.06285568065956149,\N,\N,2.4,\N
108706,\N,\N,11.99,330.30365718,28.30681743,"22 01 12.88","+28 18 24.5",111.57,3.19,8.963,372.11,36.48,\N,\N,12.227737165393174,0.06210348224397233,\N,\N,1.718,\N
14559,\N,\N,11.72,46.99144229,-28.22097006,"03 07 57.95","-28 13 15.5",114.73,33.98,8.7161,-156.07,-146.48,\N,\N,12.01838496792378,0.6629941065541818,\N,\N,\N,\N
25578,\N,\N,12.48,82.00110606,9.64577431,"05 28 00.27","+09 38 44.8",115.04,5.22,8.6926,-194.06,-759.52,\N,\N,12.784244365194038,0.0985994003403059,\N,\N,1.653,\N
64924,"115617",\N,4.74,199.60405,-18.30861062,"13 18 24.97","-18 18 31.0",117.3,0.71,8.5251,-1069.9,-1063.78,\N,\N,5.086490060577647,0.013143770157822754,\N,\N,0.709,\N
31292,\N,\N,11.41,98.44808629,-75.62561416,"06 33 47.54","-75 37 32.2",119.54,13.42,8.3654,-308.79,256.54,\N,\N,11.797566257488315,0.24480941282435964,\N,\N,\N,\N
93449,\N,\N,11.57,285.47364755,-36.95224,"19 01 53.68","-36 57 08.1",121.75,68.24,8.2136,-34.36,50.57,\N,\N,11.997344849433361,1.3757394794318163,\N,\N,\N,\N
76901,\N,\N,11.83,235.5324262,-19.46924527,"15 42 07.78","-19 28 09.3",121.86,43.95,8.2061,-2032.22,-1039.54,\N,\N,12.259305868942251,0.8200437873811808,\N,\N,1.591,\N
38956,\N,\N,12.02,119.55222364,41.30537105,"07 58 12.53","+41 18 19.3",122.53,11.52,8.1613,212.35,-685.1,\N,\N,12.46121216755786,0.20476178916387688,\N,\N,1.618,\N
33499,\N,\N,10.81,104.44792505,-44.29109677,"06 57 47.50","-44 17 27.9",124.62,2.64,8.0244,-1102.25,-42.57,\N,\N,11.287938734593714,0.046008224696308275,\N,\N,1.636,\N
106255,\N,\N,11.96,322.82467099,-9.79053173,"21 31 17.92","-09 47 25.9",124.82,28.85,8.0115,1161.8,-54.19,\N,\N,12.441420891224322,0.5111339911715937,\N,\N,1.703,\N
91262,"172167",\N,0.03,279.23410832,38.78299311,"18 36 56.19","+38 46 58.8",128.93,0.55,7.7561,201.02,287.46,\N,\N,0.581769913320012,0.009263298455691515,\N,\N,-0.001,\N
5336,"6582",\N,5.17,17.05383776,54.92422766,"01 08 12.92","+54 55 27.2",132.4,0.6,7.5529,3421.44,-1599.27,\N,\N,5.779439925518405,0.009840576772737197,\N,\N,0.704,\N
73182,"131976",\N,8.01,224.35801834,-21.40746858,"14 57 25.92","-21 24 26.9",133.63,33.56,7.4833,987.05,-1666.81,\N,\N,8.639519842039618,0.5572659949776249,\N,\N,1.519,\N
2021,"2151",\N,2.82,6.41334183,-77.25503511,"00 25 39.20","-77 15 18.1",133.78,0.51,7.475,2220.12,324.37,\N,\N,3.451955958083073,0.008278190266069352,\N,\N,0.618,\N
83945,\N,\N,11.77,257.38030802,43.68202643,"17 09 31.27","+43 40 55.3",137.84,8.95,7.2548,333.92,-278.02,\N,\N,12.466876322199859,0.14119311697549364,\N,\N,1.696,\N
12114,"16160",\N,5.79,39.01596864,6.88336423,"02 36 03.83","+06 53 00.1",138.72,1.04,7.2088,1806.27,1442.5,\N,\N,6.500695400660675,0.016280086638426283,\N,\N,0.918,\N
84709,"156384",\N,5.91,259.73483426,-34.98957161,"17 18 56.36","-34 59 22.5",143.45,17.12,6.9711,1149.24,-90.8,\N,\N,6.693502762910086,0.26039477807939937,\N,\N,1.082,\N
114176,\N,\N,12.28,346.8313657,-32.26819891,"23 07 19.53","-32 16 05.5",147.95,13.76,6.759,-223.58,-30.45,\N,\N,13.13057484748326,0.2025418105552168,\N,\N,\N,\N
114622,"219134",\N,5.57,348.31143134,57.16763844,"23 13 14.74","+57 10 03.5",153.24,0.65,6.5257,2074.37,294.97,\N,\N,6.496860716555201,0.00921081657082734,\N,\N,1,\N
54298,\N,\N,11.69,166.62786165,-53.26885914,"11 06 30.69","-53 16 07.9",155.28,78.3,6.44,-39.5,272.78,\N,\N,12.645577611901533,1.2051443683580825,\N,\N,\N,\N
34603,\N,\N,11.65,107.50900471,38.53176545,"07 10 02.16","+38 31 54.4",157.24,3.32,6.3597,-439.68,-948.36,\N,\N,12.632815175740257,0.045855761964229025,\N,\N,1.7,\N
120005,"79211",\N,7.7,138.60913008,52.68797118,"09 14 26.19","+52 41 16.7",159.48,6.61,6.2704,-1551.3,-656.25,\N,\N,8.713531134951783,0.09005304879972531,\N,\N,1.42,\N
86963,\N,\N,11.39,266.56028243,-32.10165681,"17 46 14.47","-32 06 06.0",161.77,11.29,6.1816,-77.62,-270.12,\N,\N,12.434489927466831,0.15179479209172797,\N,\N,1.439,\N
99461,"191408",\N,5.32,302.79836763,-36.09738423,"20 11 11.61","-36 05 50.6",165.24,0.9,6.0518,456.89,-1574.91,\N,\N,6.410575931522743,0.01182730872903237,\N,\N,0.868,\N
21088,\N,\N,10.82,67.79185895,58.98205252,"04 31 10.05","+58 58 55.4",181.36,3.67,5.5139,1300.21,-2048.99,\N,\N,12.112707535592305,0.04394790366249701,\N,\N,1.17,\N
88601,"165341",\N,4.03,271.36338682,2.50243928,"18 05 27.21","+02 30 08.8",196.62,1.38,5.086,124.56,-962.66,\N,\N,5.4981384588300966,0.015240978192618826,\N,\N,0.86,\N
19849,"26965",\N,4.43,63.8234923,-7.64455846,"04 15 17.64","-07 38 40.4",198.24,0.84,5.0444,-2239.33,-3419.86,\N,\N,5.915956445159941,0.009201209345919281,\N,\N,0.82,\N
82725,\N,\N,11.72,253.6339477,-62.40374141,"16 54 32.15","-62 24 13.5",203.01,29.27,4.9259,254.79,173.56,\N,\N,13.257587156015656,0.3152800004607963,\N,\N,\N,\N
114110,\N,\N,12.24,346.66203219,-14.87239655,"23 06 38.89","-14 52 20.6",216.52,18.28,4.6185,112.27,83.24,\N,\N,13.917490092095118,0.1837670088589709,\N,\N,\N,\N
3829,\N,\N,12.37,12.28823784,5.39519773,"00 49 09.18","+05 23 42.7",226.95,5.35,4.4063,1233.05,-2710.56,\N,\N,14.149650935394341,0.0511986343596087,\N,\N,0.554,\N
15689,\N,\N,12.16,50.52321876,-13.27811998,"03 22 05.57","-13 16 41.2",227.45,61.79,4.3966,-112.94,-299.04,\N,\N,13.94442970582987,0.6051017395973322,\N,\N,\N,\N
80824,\N,\N,10.1,247.57547824,-12.65971367,"16 30 18.11","-12 39 35.0",234.51,1.82,4.2642,-93.61,-1184.9,\N,\N,11.950806833383902,0.016852838403851322,\N,\N,1.604,\N
72511,\N,\N,11.72,222.38963876,-26.1060337,"14 49 33.51","-26 06 21.7",235.24,22.43,4.251,-1389.7,135.76,\N,\N,13.577555853649999,0.20767956435536394,\N,\N,1.48,\N
30920,\N,\N,11.12,97.345813,-2.81247539,"06 29 23.00","-02 48 44.9",242.89,2.64,4.1171,694.73,-618.62,\N,\N,13.047048174391662,0.02360291871212894,\N,\N,1.69,\N
105090,"202560",\N,6.69,319.32379676,-38.86457451,"21 17 17.71","-38 51 52.5",253.37,1.13,3.9468,-3259,-1146.99,\N,\N,8.70877595712229,0.009684572332323782,\N,\N,1.397,\N
5643,\N,\N,12.1,18.12459256,-17.00053959,"01 12 29.90","-17 00 01.9",269.05,7.57,3.7168,1210.09,646.95,\N,\N,14.249164981912566,0.061112751732058435,\N,\N,1.85,\N
8102,"10700",\N,3.49,26.02136441,-15.93955597,"01 44 05.13","-15 56 22.4",274.17,0.8,3.6474,-1721.82,854.07,\N,\N,5.680099660231617,0.006336152233368253,\N,\N,0.727,\N
37279,"61421",\N,0.4,114.82724194,5.22750767,"07 39 18.54","+05 13 39.0",285.93,0.88,3.4974,-716.57,-1034.58,\N,\N,2.6812986213323624,0.006683110389961833,\N,\N,0.432,\N
32349,"48915",\N,-1.44,101.28854105,-16.71314306,"06 45 09.25","-16 42 47.3",379.21,1.58,2.6371,-546.01,-1223.08,\N,\N,1.4543989071428474,0.009047615466610814,\N,\N,0.009,\N
71681,"128621",\N,1.35,219.91412833,-60.83947139,"14 39 39.39","-60 50 22.1",742.12,1.4,1.3475,-3600.35,952.11,\N,\N,5.702370679522524,0.0040964601138480106,\N,\N,0.9,\N
71683,"128620",\N,-0.01,219.92041034,-60.83514707,"14 39 40.90","-60 50 06.5",742.12,1.4,1.3475,-3678.19,481.84,\N,\N,4.342370679522524,0.0040964601138480106,\N,\N,0.71,\N
